ID,城市风格,城市名称,推荐简称,命名语感
CITY01_01,平原王领,丰原,丰原,地形/功能/吉祥字，避免现代城市名直接照搬
CITY01_02,平原王领,嘉禾,嘉禾,地形/功能/吉祥字，避免现代城市名直接照搬
CITY01_03,平原王领,长畴,长畴,地形/功能/吉祥字，避免现代城市名直接照搬
CITY01_04,平原王领,宁川,宁川,地形/功能/吉祥字，避免现代城市名直接照搬
CITY01_05,平原王领,安穗,安穗,地形/功能/吉祥字，避免现代城市名直接照搬
CITY01_06,平原王领,清畴,清畴,地形/功能/吉祥字，避免现代城市名直接照搬
CITY01_07,平原王领,丰泽,丰泽,地形/功能/吉祥字，避免现代城市名直接照搬
CITY01_08,平原王领,临禾,临禾,地形/功能/吉祥字，避免现代城市名直接照搬
CITY01_09,平原王领,永丰,永丰,地形/功能/吉祥字，避免现代城市名直接照搬
CITY01_10,平原王领,望川,望川,地形/功能/吉祥字，避免现代城市名直接照搬
CITY01_11,平原王领,承平,承平,地形/功能/吉祥字，避免现代城市名直接照搬
CITY01_12,平原王领,瑞原,瑞原,地形/功能/吉祥字，避免现代城市名直接照搬
CITY02_01,山岭堡城,白石,白石,地形/功能/吉祥字，避免现代城市名直接照搬
CITY02_02,山岭堡城,铁关,铁关,地形/功能/吉祥字，避免现代城市名直接照搬
CITY02_03,山岭堡城,云岭,云岭,地形/功能/吉祥字，避免现代城市名直接照搬
CITY02_04,山岭堡城,苍崖,苍崖,地形/功能/吉祥字，避免现代城市名直接照搬
CITY02_05,山岭堡城,镇岳,镇岳,地形/功能/吉祥字，避免现代城市名直接照搬
CITY02_06,山岭堡城,玄峰,玄峰,地形/功能/吉祥字，避免现代城市名直接照搬
CITY02_07,山岭堡城,虎隘,虎隘,地形/功能/吉祥字，避免现代城市名直接照搬
CITY02_08,山岭堡城,石门,石门,地形/功能/吉祥字，避免现代城市名直接照搬
CITY02_09,山岭堡城,高岑,高岑,地形/功能/吉祥字，避免现代城市名直接照搬
CITY02_10,山岭堡城,断岭,断岭,地形/功能/吉祥字，避免现代城市名直接照搬
CITY02_11,山岭堡城,栖岩,栖岩,地形/功能/吉祥字，避免现代城市名直接照搬
CITY02_12,山岭堡城,盘山,盘山,地形/功能/吉祥字，避免现代城市名直接照搬
CITY03_01,河谷商都,清河,清河,地形/功能/吉祥字，避免现代城市名直接照搬
CITY03_02,河谷商都,金津,金津,地形/功能/吉祥字，避免现代城市名直接照搬
CITY03_03,河谷商都,通川,通川,地形/功能/吉祥字，避免现代城市名直接照搬
CITY03_04,河谷商都,澄江,澄江,地形/功能/吉祥字，避免现代城市名直接照搬
CITY03_05,河谷商都,永渡,永渡,地形/功能/吉祥字，避免现代城市名直接照搬
CITY03_06,河谷商都,青浦,青浦,地形/功能/吉祥字，避免现代城市名直接照搬
CITY03_07,河谷商都,临津,临津,地形/功能/吉祥字，避免现代城市名直接照搬
CITY03_08,河谷商都,汇川,汇川,地形/功能/吉祥字，避免现代城市名直接照搬
CITY03_09,河谷商都,长桥,长桥,地形/功能/吉祥字，避免现代城市名直接照搬
CITY03_10,河谷商都,平码,平码,地形/功能/吉祥字，避免现代城市名直接照搬
CITY03_11,河谷商都,瑞津,瑞津,地形/功能/吉祥字，避免现代城市名直接照搬
CITY03_12,河谷商都,河仓,河仓,地形/功能/吉祥字，避免现代城市名直接照搬
CITY04_01,森林猎镇,玄松,玄松,地形/功能/吉祥字，避免现代城市名直接照搬
CITY04_02,森林猎镇,青梧,青梧,地形/功能/吉祥字，避免现代城市名直接照搬
CITY04_03,森林猎镇,鹿鸣,鹿鸣,地形/功能/吉祥字，避免现代城市名直接照搬
CITY04_04,森林猎镇,深林,深林,地形/功能/吉祥字，避免现代城市名直接照搬
CITY04_05,森林猎镇,苍木,苍木,地形/功能/吉祥字，避免现代城市名直接照搬
CITY04_06,森林猎镇,暮森,暮森,地形/功能/吉祥字，避免现代城市名直接照搬
CITY04_07,森林猎镇,栖鹿,栖鹿,地形/功能/吉祥字，避免现代城市名直接照搬
CITY04_08,森林猎镇,青藤,青藤,地形/功能/吉祥字，避免现代城市名直接照搬
CITY04_09,森林猎镇,猎谷,猎谷,地形/功能/吉祥字，避免现代城市名直接照搬
CITY04_10,森林猎镇,松岚,松岚,地形/功能/吉祥字，避免现代城市名直接照搬
CITY04_11,森林猎镇,百木,百木,地形/功能/吉祥字，避免现代城市名直接照搬
CITY04_12,森林猎镇,隐泉,隐泉,地形/功能/吉祥字，避免现代城市名直接照搬
CITY05_01,草原牧城,长风,长风,地形/功能/吉祥字，避免现代城市名直接照搬
CITY05_02,草原牧城,逐日,逐日,地形/功能/吉祥字，避免现代城市名直接照搬
CITY05_03,草原牧城,白原,白原,地形/功能/吉祥字，避免现代城市名直接照搬
CITY05_04,草原牧城,牧野,牧野,地形/功能/吉祥字，避免现代城市名直接照搬
CITY05_05,草原牧城,苍穹,苍穹,地形/功能/吉祥字，避免现代城市名直接照搬
CITY05_06,草原牧城,鹰台,鹰台,地形/功能/吉祥字，避免现代城市名直接照搬
CITY05_07,草原牧城,风丘,风丘,地形/功能/吉祥字，避免现代城市名直接照搬
CITY05_08,草原牧城,青牧,青牧,地形/功能/吉祥字，避免现代城市名直接照搬
CITY05_09,草原牧城,野川,野川,地形/功能/吉祥字，避免现代城市名直接照搬
CITY05_10,草原牧城,赤草,赤草,地形/功能/吉祥字，避免现代城市名直接照搬
CITY05_11,草原牧城,天野,天野,地形/功能/吉祥字，避免现代城市名直接照搬
CITY05_12,草原牧城,长牧,长牧,地形/功能/吉祥字，避免现代城市名直接照搬
CITY06_01,海港贸易城,沧港,沧港,地形/功能/吉祥字，避免现代城市名直接照搬
CITY06_02,海港贸易城,青帆,青帆,地形/功能/吉祥字，避免现代城市名直接照搬
CITY06_03,海港贸易城,海陵,海陵,地形/功能/吉祥字，避免现代城市名直接照搬
CITY06_04,海港贸易城,望潮,望潮,地形/功能/吉祥字，避免现代城市名直接照搬
CITY06_05,海港贸易城,金湾,金湾,地形/功能/吉祥字，避免现代城市名直接照搬
CITY06_06,海港贸易城,澄港,澄港,地形/功能/吉祥字，避免现代城市名直接照搬
CITY06_07,海港贸易城,东汐,东汐,地形/功能/吉祥字，避免现代城市名直接照搬
CITY06_08,海港贸易城,云帆,云帆,地形/功能/吉祥字，避免现代城市名直接照搬
CITY06_09,海港贸易城,临海,临海,地形/功能/吉祥字，避免现代城市名直接照搬
CITY06_10,海港贸易城,银湾,银湾,地形/功能/吉祥字，避免现代城市名直接照搬
CITY06_11,海港贸易城,潮门,潮门,地形/功能/吉祥字，避免现代城市名直接照搬
CITY06_12,海港贸易城,远泊,远泊,地形/功能/吉祥字，避免现代城市名直接照搬
CITY07_01,寒原边塞,朔宁,朔宁,地形/功能/吉祥字，避免现代城市名直接照搬
CITY07_02,寒原边塞,霜原,霜原,地形/功能/吉祥字，避免现代城市名直接照搬
CITY07_03,寒原边塞,北垒,北垒,地形/功能/吉祥字，避免现代城市名直接照搬
CITY07_04,寒原边塞,寒川,寒川,地形/功能/吉祥字，避免现代城市名直接照搬
CITY07_05,寒原边塞,白岭,白岭,地形/功能/吉祥字，避免现代城市名直接照搬
CITY07_06,寒原边塞,冰城,冰城,地形/功能/吉祥字，避免现代城市名直接照搬
CITY07_07,寒原边塞,冬堡,冬堡,地形/功能/吉祥字，避免现代城市名直接照搬
CITY07_08,寒原边塞,雪关,雪关,地形/功能/吉祥字，避免现代城市名直接照搬
CITY07_09,寒原边塞,北庭,北庭,地形/功能/吉祥字，避免现代城市名直接照搬
CITY07_10,寒原边塞,苍雪,苍雪,地形/功能/吉祥字，避免现代城市名直接照搬
CITY07_11,寒原边塞,风雪,风雪,地形/功能/吉祥字，避免现代城市名直接照搬
CITY07_12,寒原边塞,玄冰,玄冰,地形/功能/吉祥字，避免现代城市名直接照搬
CITY08_01,绿洲商镇,沙泉,沙泉,地形/功能/吉祥字，避免现代城市名直接照搬
CITY08_02,绿洲商镇,青泉,青泉,地形/功能/吉祥字，避免现代城市名直接照搬
CITY08_03,绿洲商镇,白沙,白沙,地形/功能/吉祥字，避免现代城市名直接照搬
CITY08_04,绿洲商镇,石泉,石泉,地形/功能/吉祥字，避免现代城市名直接照搬
CITY08_05,绿洲商镇,金漠,金漠,地形/功能/吉祥字，避免现代城市名直接照搬
CITY08_06,绿洲商镇,驼铃,驼铃,地形/功能/吉祥字，避免现代城市名直接照搬
CITY08_07,绿洲商镇,绿井,绿井,地形/功能/吉祥字，避免现代城市名直接照搬
CITY08_08,绿洲商镇,玉泉,玉泉,地形/功能/吉祥字，避免现代城市名直接照搬
CITY08_09,绿洲商镇,黄原,黄原,地形/功能/吉祥字，避免现代城市名直接照搬
CITY08_10,绿洲商镇,西泉,西泉,地形/功能/吉祥字，避免现代城市名直接照搬
CITY08_11,绿洲商镇,鸣沙,鸣沙,地形/功能/吉祥字，避免现代城市名直接照搬
CITY08_12,绿洲商镇,瀚泉,瀚泉,地形/功能/吉祥字，避免现代城市名直接照搬
CITY09_01,湖沼水乡,云泽,云泽,地形/功能/吉祥字，避免现代城市名直接照搬
CITY09_02,湖沼水乡,芦湾,芦湾,地形/功能/吉祥字，避免现代城市名直接照搬
CITY09_03,湖沼水乡,青湖,青湖,地形/功能/吉祥字，避免现代城市名直接照搬
CITY09_04,湖沼水乡,泽桥,泽桥,地形/功能/吉祥字，避免现代城市名直接照搬
CITY09_05,湖沼水乡,碧浦,碧浦,地形/功能/吉祥字，避免现代城市名直接照搬
CITY09_06,湖沼水乡,水乡,水乡,地形/功能/吉祥字，避免现代城市名直接照搬
CITY09_07,湖沼水乡,澄湖,澄湖,地形/功能/吉祥字，避免现代城市名直接照搬
CITY09_08,湖沼水乡,莲泽,莲泽,地形/功能/吉祥字，避免现代城市名直接照搬
CITY09_09,湖沼水乡,东湾,东湾,地形/功能/吉祥字，避免现代城市名直接照搬
CITY09_10,湖沼水乡,南汀,南汀,地形/功能/吉祥字，避免现代城市名直接照搬
CITY09_11,湖沼水乡,河泽,河泽,地形/功能/吉祥字，避免现代城市名直接照搬
CITY09_12,湖沼水乡,烟水,烟水,地形/功能/吉祥字，避免现代城市名直接照搬
CITY10_01,矿山铸城,铁岭,铁岭,地形/功能/吉祥字，避免现代城市名直接照搬
CITY10_02,矿山铸城,炉城,炉城,地形/功能/吉祥字，避免现代城市名直接照搬
CITY10_03,矿山铸城,乌金,乌金,地形/功能/吉祥字，避免现代城市名直接照搬
CITY10_04,矿山铸城,赤炉,赤炉,地形/功能/吉祥字，避免现代城市名直接照搬
CITY10_05,矿山铸城,钢谷,钢谷,地形/功能/吉祥字，避免现代城市名直接照搬
CITY10_06,矿山铸城,矿山,矿山,地形/功能/吉祥字，避免现代城市名直接照搬
CITY10_07,矿山铸城,黑石,黑石,地形/功能/吉祥字，避免现代城市名直接照搬
CITY10_08,矿山铸城,锻城,锻城,地形/功能/吉祥字，避免现代城市名直接照搬
CITY10_09,矿山铸城,玄铁,玄铁,地形/功能/吉祥字，避免现代城市名直接照搬
CITY10_10,矿山铸城,火岭,火岭,地形/功能/吉祥字，避免现代城市名直接照搬
CITY10_11,矿山铸城,铜关,铜关,地形/功能/吉祥字，避免现代城市名直接照搬
CITY10_12,矿山铸城,炉谷,炉谷,地形/功能/吉祥字，避免现代城市名直接照搬
CITY11_01,王都核心城,中京,中京,地形/功能/吉祥字，避免现代城市名直接照搬
CITY11_02,王都核心城,昭宁,昭宁,地形/功能/吉祥字，避免现代城市名直接照搬
CITY11_03,王都核心城,承天,承天,地形/功能/吉祥字，避免现代城市名直接照搬
CITY11_04,王都核心城,永安,永安,地形/功能/吉祥字，避免现代城市名直接照搬
CITY11_05,王都核心城,景平,景平,地形/功能/吉祥字，避免现代城市名直接照搬
CITY11_06,王都核心城,长宁,长宁,地形/功能/吉祥字，避免现代城市名直接照搬
CITY11_07,王都核心城,瑞京,瑞京,地形/功能/吉祥字，避免现代城市名直接照搬
CITY11_08,王都核心城,朝元,朝元,地形/功能/吉祥字，避免现代城市名直接照搬
CITY11_09,王都核心城,大宁,大宁,地形/功能/吉祥字，避免现代城市名直接照搬
CITY11_10,王都核心城,京畿,京畿,地形/功能/吉祥字，避免现代城市名直接照搬
CITY11_11,王都核心城,泰安,泰安,地形/功能/吉祥字，避免现代城市名直接照搬
CITY11_12,王都核心城,宣和,宣和,地形/功能/吉祥字，避免现代城市名直接照搬
CITY12_01,边境混合城,靖边,靖边,地形/功能/吉祥字，避免现代城市名直接照搬
CITY12_02,边境混合城,定远,定远,地形/功能/吉祥字，避免现代城市名直接照搬
CITY12_03,边境混合城,安塞,安塞,地形/功能/吉祥字，避免现代城市名直接照搬
CITY12_04,边境混合城,平戍,平戍,地形/功能/吉祥字，避免现代城市名直接照搬
CITY12_05,边境混合城,怀远,怀远,地形/功能/吉祥字，避免现代城市名直接照搬
CITY12_06,边境混合城,临关,临关,地形/功能/吉祥字，避免现代城市名直接照搬
CITY12_07,边境混合城,镇边,镇边,地形/功能/吉祥字，避免现代城市名直接照搬
CITY12_08,边境混合城,野关,野关,地形/功能/吉祥字，避免现代城市名直接照搬
CITY12_09,边境混合城,守川,守川,地形/功能/吉祥字，避免现代城市名直接照搬
CITY12_10,边境混合城,横塞,横塞,地形/功能/吉祥字，避免现代城市名直接照搬
CITY12_11,边境混合城,静戍,静戍,地形/功能/吉祥字，避免现代城市名直接照搬
CITY12_12,边境混合城,长垒,长垒,地形/功能/吉祥字，避免现代城市名直接照搬
