id,名称,地形,定位,建筑风格,城墙,经济,军事,弱点,专属机制,视觉色
CS01,平原王领,肥沃平原/缓丘/宽河,人口与农业均衡核心区,浅石基座+木梁+红褐屋顶，街道规则、农田成片,低到中高石墙，四门对称，外围农田留安全带,"[""粮食"",""畜牧"",""市场""]","[""枪兵"",""剑盾兵"",""弓兵""]",缺少天然险要，容易被骑兵快速切入,粮仓充裕时人口增长与募兵恢复更快,土红/麦黄/灰白
CS02,山岭堡城,山脉/峡谷/山口,防守与矿业要塞,深灰石墙+厚重木顶，建筑沿坡分层，塔楼密集,依山就势，短墙段+高塔楼+窄门，重点封锁山口,"[""矿石"",""石材"",""铁器""]","[""山地枪兵"",""盾卫"",""重弩兵""]",人口增长慢、骑兵展开困难,山地作战与守城士气衰减更慢,铁灰/暗褐/赭石
CS03,河谷商都,大河/桥梁/河谷平地,贸易、税收与运输中心,木石混合+青灰屋顶，仓库、码头、市场密度高,沿河半环城墙，桥头堡和仓储区重点加固,"[""商贸"",""运输"",""仓储""]","[""弩兵"",""商团护卫"",""桥头卫""]",商人权力增长快，投资军队后税收下降明显,商路通畅时税收与军资融资效率提高,青灰/褐木/铜黄
CS04,森林猎镇,密林/丘陵/溪流,木材、狩猎与伏击型城市,木结构+深绿屋顶，建筑分散嵌入林地,木石混合矮墙，利用树林形成外层天然障碍,"[""木材"",""猎物"",""皮革""]","[""猎弓手"",""轻步兵"",""伏击兵""]",火灾和大规模攻城器械防御较弱,森林中侦察与伏击准备速度提升,松绿/木褐/灰石
CS05,草原牧城,草原/缓坡/稀疏河网,军马、骑兵与快速机动作战中心,低矮木石建筑+围栏牧场，大型马厩明显,城墙较薄但外圈宽，留出骑兵集结场,"[""畜牧"",""马匹"",""皮革""]","[""轻骑兵"",""骑射手"",""枪骑兵""]",重型城防和矿产不足,军马繁育速度和骑兵补充速度提高,草黄/深棕/暗红
CS06,海港贸易城,海岸/港湾/河口,远距贸易、海运与进口军需中心,石基+木仓+蓝灰屋顶，港区密集，岸边码头突出,陆侧高墙、海侧低墙+塔台，港门独立防区,"[""海贸"",""进口"",""渔业""]","[""港卫"",""重弩兵"",""雇佣兵""]",封锁港口后经济波动大,可用金币弥补部分本地资源不足,蓝灰/白石/深木
CS07,寒原边塞,雪原/冻土/针叶林,边境防御和耐寒军队,厚木墙+深色屋顶+高烟囱，建筑紧凑避风,厚墙小门，内置储粮和冬季马厩,"[""毛皮"",""木材"",""狩猎""]","[""寒原盾兵"",""重步兵"",""雪地斥候""]",冬季粮食压力高、农业弱,寒冷天气中的体力和士气惩罚大幅降低,雪白/深蓝灰/黑褐
CS08,绿洲商镇,荒漠/绿洲/岩地,稀缺资源贸易与轻装机动,浅色石砖+平顶/低顶，街巷窄，水源设施突出,厚石墙，小门多转折，水源位于内城,"[""商贸"",""盐"",""稀有矿材""]","[""轻盾兵"",""投射兵"",""快速骑兵""]",水源一旦受损会迅速失去持续作战能力,高温天气耐力损失更低，远行补水效率高,沙黄/白石/青绿
CS09,湖沼水乡,湖泊/沼泽/密集水网,水路运输与湿地防守,木桩地基+小桥+水边仓屋，道路与水道交错,短墙与水渠结合，桥头和堤坝是主要防区,"[""渔业"",""水运"",""芦苇制品""]","[""水乡弩兵"",""轻盾兵"",""桥头卫""]",重骑兵和大型工程施工困难,湿地移动惩罚降低，敌军阵型更易散乱,青绿/暗木/灰蓝
CS10,矿山铸城,矿山/裸岩/峡谷,军械、重甲与工业供给,深石基座+烟炉+铁件装饰，工坊和仓库密集,厚石墙+铁门，塔楼附带大型弩位,"[""铁矿"",""煤/燃料"",""锻造""]","[""重步兵"",""重枪兵"",""甲胄卫""]",粮食依赖外部输入,军械维修成本低、优良以上装备出现率更高,铁黑/炉红/石灰
CS11,王都核心城,大型平原/河流交汇/核心路网,行政、贵族、精锐军队与国家象征,高规格石木混合，宫殿、官署、军营和市场分区明确,多层城墙+外郭+内城，城门和塔楼等级最高,"[""税收"",""奢侈品"",""行政""]","[""近卫军"",""王庭骑兵"",""精锐弩手""]",维护成本高、派系政治复杂,更容易产生高级官员和王室直属军，但叛乱后果更严重,朱红/金黄/白石
CS12,边境混合城,平原/丘陵/森林混合,多文化融合与快速适应,多种屋顶和墙体混合，城市扩张不规则,根据威胁方向动态扩建，边防哨塔多,"[""贸易"",""农业"",""军需""]","[""混编步兵"",""斥候"",""边骑""]",文化矛盾与家族冲突更多,可较早混合其他城市风格的基础兵种,多色但以领主家族色统一旗帜
