技能ID,技能名称,技能阶段,分类,核心行为,数值效果_JSON,是否直接加攻击,是否加速度,AI行为改变,触发条件,叠加限制,获得方式
SK001_一,部伍严整,初学,行军统御,缩小行军纵队间距误差，转向后更快恢复队列,"{""march_cohesion_pct"": 8.0, ""reform_speed_pct"": 6.0}",否/间接,是,启用对应战术权重、阈值和状态机分支；技能不只修改面板数值,由地形、敌我兵种、士气、疲劳、补给、阵型与战况触发；不满足场景时不生效,同类百分比总加成软上限35%；行为解锁不重复叠加，只提高决策置信度,将军真实训练、随军、战斗、战役复盘和军衔成长；少量出生天赋可提高出现概率
SK001_二,部伍严整,精熟,行军统御,缩小行军纵队间距误差，转向后更快恢复队列,"{""march_cohesion_pct"": 12.4, ""reform_speed_pct"": 9.3}",否/间接,是,启用对应战术权重、阈值和状态机分支；技能不只修改面板数值,由地形、敌我兵种、士气、疲劳、补给、阵型与战况触发；不满足场景时不生效,同类百分比总加成软上限35%；行为解锁不重复叠加，只提高决策置信度,将军真实训练、随军、战斗、战役复盘和军衔成长；少量出生天赋可提高出现概率
SK001_三,部伍严整,名将,行军统御,缩小行军纵队间距误差，转向后更快恢复队列,"{""march_cohesion_pct"": 16.8, ""reform_speed_pct"": 12.6}",否/间接,是,启用对应战术权重、阈值和状态机分支；技能不只修改面板数值,由地形、敌我兵种、士气、疲劳、补给、阵型与战况触发；不满足场景时不生效,同类百分比总加成软上限35%；行为解锁不重复叠加，只提高决策置信度,将军真实训练、随军、战斗、战役复盘和军衔成长；少量出生天赋可提高出现概率
SK002_一,疾趋如风,初学,行军统御,紧急行军时提高纵队速度，但会略增加疲劳,"{""march_speed_pct"": 5.0, ""fatigue_rate_pct"": 3.0}",否/间接,是,启用对应战术权重、阈值和状态机分支；技能不只修改面板数值,由地形、敌我兵种、士气、疲劳、补给、阵型与战况触发；不满足场景时不生效,同类百分比总加成软上限35%；行为解锁不重复叠加，只提高决策置信度,将军真实训练、随军、战斗、战役复盘和军衔成长；少量出生天赋可提高出现概率
SK002_二,疾趋如风,精熟,行军统御,紧急行军时提高纵队速度，但会略增加疲劳,"{""march_speed_pct"": 7.8, ""fatigue_rate_pct"": 4.7}",否/间接,是,启用对应战术权重、阈值和状态机分支；技能不只修改面板数值,由地形、敌我兵种、士气、疲劳、补给、阵型与战况触发；不满足场景时不生效,同类百分比总加成软上限35%；行为解锁不重复叠加，只提高决策置信度,将军真实训练、随军、战斗、战役复盘和军衔成长；少量出生天赋可提高出现概率
SK002_三,疾趋如风,名将,行军统御,紧急行军时提高纵队速度，但会略增加疲劳,"{""march_speed_pct"": 10.5, ""fatigue_rate_pct"": 6.3}",否/间接,是,启用对应战术权重、阈值和状态机分支；技能不只修改面板数值,由地形、敌我兵种、士气、疲劳、补给、阵型与战况触发；不满足场景时不生效,同类百分比总加成软上限35%；行为解锁不重复叠加，只提高决策置信度,将军真实训练、随军、战斗、战役复盘和军衔成长；少量出生天赋可提高出现概率
SK003_一,山径识途,初学,行军统御,山地野外寻路更偏好可通行坡度，减少卡队和绕远,"{""mountain_path_cost_pct"": -12.0, ""mountain_fatigue_pct"": -8.0}",否/间接,否/间接,启用对应战术权重、阈值和状态机分支；技能不只修改面板数值,由地形、敌我兵种、士气、疲劳、补给、阵型与战况触发；不满足场景时不生效,同类百分比总加成软上限35%；行为解锁不重复叠加，只提高决策置信度,将军真实训练、随军、战斗、战役复盘和军衔成长；少量出生天赋可提高出现概率
SK003_二,山径识途,精熟,行军统御,山地野外寻路更偏好可通行坡度，减少卡队和绕远,"{""mountain_path_cost_pct"": -18.6, ""mountain_fatigue_pct"": -12.4}",否/间接,否/间接,启用对应战术权重、阈值和状态机分支；技能不只修改面板数值,由地形、敌我兵种、士气、疲劳、补给、阵型与战况触发；不满足场景时不生效,同类百分比总加成软上限35%；行为解锁不重复叠加，只提高决策置信度,将军真实训练、随军、战斗、战役复盘和军衔成长；少量出生天赋可提高出现概率
SK003_三,山径识途,名将,行军统御,山地野外寻路更偏好可通行坡度，减少卡队和绕远,"{""mountain_path_cost_pct"": -25.2, ""mountain_fatigue_pct"": -16.8}",否/间接,否/间接,启用对应战术权重、阈值和状态机分支；技能不只修改面板数值,由地形、敌我兵种、士气、疲劳、补给、阵型与战况触发；不满足场景时不生效,同类百分比总加成软上限35%；行为解锁不重复叠加，只提高决策置信度,将军真实训练、随军、战斗、战役复盘和军衔成长；少量出生天赋可提高出现概率
SK004_一,涉水有方,初学,行军统御,渡河时自动分批、对岸集结，降低拥堵和队形损失,"{""river_cross_speed_pct"": 8.0, ""river_cohesion_loss_pct"": -12.0}",否/间接,是,启用对应战术权重、阈值和状态机分支；技能不只修改面板数值,由地形、敌我兵种、士气、疲劳、补给、阵型与战况触发；不满足场景时不生效,同类百分比总加成软上限35%；行为解锁不重复叠加，只提高决策置信度,将军真实训练、随军、战斗、战役复盘和军衔成长；少量出生天赋可提高出现概率
SK004_二,涉水有方,精熟,行军统御,渡河时自动分批、对岸集结，降低拥堵和队形损失,"{""river_cross_speed_pct"": 12.4, ""river_cohesion_loss_pct"": -18.6}",否/间接,是,启用对应战术权重、阈值和状态机分支；技能不只修改面板数值,由地形、敌我兵种、士气、疲劳、补给、阵型与战况触发；不满足场景时不生效,同类百分比总加成软上限35%；行为解锁不重复叠加，只提高决策置信度,将军真实训练、随军、战斗、战役复盘和军衔成长；少量出生天赋可提高出现概率
SK004_三,涉水有方,名将,行军统御,渡河时自动分批、对岸集结，降低拥堵和队形损失,"{""river_cross_speed_pct"": 16.8, ""river_cohesion_loss_pct"": -25.2}",否/间接,是,启用对应战术权重、阈值和状态机分支；技能不只修改面板数值,由地形、敌我兵种、士气、疲劳、补给、阵型与战况触发；不满足场景时不生效,同类百分比总加成软上限35%；行为解锁不重复叠加，只提高决策置信度,将军真实训练、随军、战斗、战役复盘和军衔成长；少量出生天赋可提高出现概率
SK005_一,夜行无哗,初学,行军统御,夜间行军降低被发现概率，减少夜行队形损失,"{""night_detection_pct"": -12.0, ""night_cohesion_loss_pct"": -10.0}",否/间接,否/间接,启用对应战术权重、阈值和状态机分支；技能不只修改面板数值,由地形、敌我兵种、士气、疲劳、补给、阵型与战况触发；不满足场景时不生效,同类百分比总加成软上限35%；行为解锁不重复叠加，只提高决策置信度,将军真实训练、随军、战斗、战役复盘和军衔成长；少量出生天赋可提高出现概率
SK005_二,夜行无哗,精熟,行军统御,夜间行军降低被发现概率，减少夜行队形损失,"{""night_detection_pct"": -18.6, ""night_cohesion_loss_pct"": -15.5}",否/间接,否/间接,启用对应战术权重、阈值和状态机分支；技能不只修改面板数值,由地形、敌我兵种、士气、疲劳、补给、阵型与战况触发；不满足场景时不生效,同类百分比总加成软上限35%；行为解锁不重复叠加，只提高决策置信度,将军真实训练、随军、战斗、战役复盘和军衔成长；少量出生天赋可提高出现概率
SK005_三,夜行无哗,名将,行军统御,夜间行军降低被发现概率，减少夜行队形损失,"{""night_detection_pct"": -25.2, ""night_cohesion_loss_pct"": -21.0}",否/间接,否/间接,启用对应战术权重、阈值和状态机分支；技能不只修改面板数值,由地形、敌我兵种、士气、疲劳、补给、阵型与战况触发；不满足场景时不生效,同类百分比总加成软上限35%；行为解锁不重复叠加，只提高决策置信度,将军真实训练、随军、战斗、战役复盘和军衔成长；少量出生天赋可提高出现概率
SK006_一,强行不乱,初学,行军统御,强行军后进入战斗时降低初始疲劳与士气惩罚,"{""forced_march_penalty_pct"": -10.0, ""battle_start_fatigue_pct"": -6.0}",否/间接,否/间接,启用对应战术权重、阈值和状态机分支；技能不只修改面板数值,由地形、敌我兵种、士气、疲劳、补给、阵型与战况触发；不满足场景时不生效,同类百分比总加成软上限35%；行为解锁不重复叠加，只提高决策置信度,将军真实训练、随军、战斗、战役复盘和军衔成长；少量出生天赋可提高出现概率
SK006_二,强行不乱,精熟,行军统御,强行军后进入战斗时降低初始疲劳与士气惩罚,"{""forced_march_penalty_pct"": -15.5, ""battle_start_fatigue_pct"": -9.3}",否/间接,否/间接,启用对应战术权重、阈值和状态机分支；技能不只修改面板数值,由地形、敌我兵种、士气、疲劳、补给、阵型与战况触发；不满足场景时不生效,同类百分比总加成软上限35%；行为解锁不重复叠加，只提高决策置信度,将军真实训练、随军、战斗、战役复盘和军衔成长；少量出生天赋可提高出现概率
SK006_三,强行不乱,名将,行军统御,强行军后进入战斗时降低初始疲劳与士气惩罚,"{""forced_march_penalty_pct"": -21.0, ""battle_start_fatigue_pct"": -12.6}",否/间接,否/间接,启用对应战术权重、阈值和状态机分支；技能不只修改面板数值,由地形、敌我兵种、士气、疲劳、补给、阵型与战况触发；不满足场景时不生效,同类百分比总加成软上限35%；行为解锁不重复叠加，只提高决策置信度,将军真实训练、随军、战斗、战役复盘和军衔成长；少量出生天赋可提高出现概率
SK007_一,立阵如墙,初学,阵线控制,步兵正面接敌后提高阵线稳定与补位速度,"{""formation_cohesion_pct"": 8.0, ""gap_fill_speed_pct"": 8.0}",否/间接,是,启用对应战术权重、阈值和状态机分支；技能不只修改面板数值,由地形、敌我兵种、士气、疲劳、补给、阵型与战况触发；不满足场景时不生效,同类百分比总加成软上限35%；行为解锁不重复叠加，只提高决策置信度,将军真实训练、随军、战斗、战役复盘和军衔成长；少量出生天赋可提高出现概率
SK007_二,立阵如墙,精熟,阵线控制,步兵正面接敌后提高阵线稳定与补位速度,"{""formation_cohesion_pct"": 12.4, ""gap_fill_speed_pct"": 12.4}",否/间接,是,启用对应战术权重、阈值和状态机分支；技能不只修改面板数值,由地形、敌我兵种、士气、疲劳、补给、阵型与战况触发；不满足场景时不生效,同类百分比总加成软上限35%；行为解锁不重复叠加，只提高决策置信度,将军真实训练、随军、战斗、战役复盘和军衔成长；少量出生天赋可提高出现概率
SK007_三,立阵如墙,名将,阵线控制,步兵正面接敌后提高阵线稳定与补位速度,"{""formation_cohesion_pct"": 16.8, ""gap_fill_speed_pct"": 16.8}",否/间接,是,启用对应战术权重、阈值和状态机分支；技能不只修改面板数值,由地形、敌我兵种、士气、疲劳、补给、阵型与战况触发；不满足场景时不生效,同类百分比总加成软上限35%；行为解锁不重复叠加，只提高决策置信度,将军真实训练、随军、战斗、战役复盘和军衔成长；少量出生天赋可提高出现概率
SK008_一,枪阵拒骑,初学,阵线控制,枪矛单位面对骑兵冲击时更早架枪并降低冲击震荡,"{""brace_reaction_pct"": 12.0, ""cavalry_shock_taken_pct"": -10.0}",否/间接,否/间接,启用对应战术权重、阈值和状态机分支；技能不只修改面板数值,由地形、敌我兵种、士气、疲劳、补给、阵型与战况触发；不满足场景时不生效,同类百分比总加成软上限35%；行为解锁不重复叠加，只提高决策置信度,将军真实训练、随军、战斗、战役复盘和军衔成长；少量出生天赋可提高出现概率
SK008_二,枪阵拒骑,精熟,阵线控制,枪矛单位面对骑兵冲击时更早架枪并降低冲击震荡,"{""brace_reaction_pct"": 18.6, ""cavalry_shock_taken_pct"": -15.5}",否/间接,否/间接,启用对应战术权重、阈值和状态机分支；技能不只修改面板数值,由地形、敌我兵种、士气、疲劳、补给、阵型与战况触发；不满足场景时不生效,同类百分比总加成软上限35%；行为解锁不重复叠加，只提高决策置信度,将军真实训练、随军、战斗、战役复盘和军衔成长；少量出生天赋可提高出现概率
SK008_三,枪阵拒骑,名将,阵线控制,枪矛单位面对骑兵冲击时更早架枪并降低冲击震荡,"{""brace_reaction_pct"": 25.2, ""cavalry_shock_taken_pct"": -21.0}",否/间接,否/间接,启用对应战术权重、阈值和状态机分支；技能不只修改面板数值,由地形、敌我兵种、士气、疲劳、补给、阵型与战况触发；不满足场景时不生效,同类百分比总加成软上限35%；行为解锁不重复叠加，只提高决策置信度,将军真实训练、随军、战斗、战役复盘和军衔成长；少量出生天赋可提高出现概率
SK009_一,盾列相继,初学,阵线控制,盾兵前排受创后后排更快顶替，减少局部缺口,"{""shield_replacement_pct"": 12.0, ""frontline_gap_pct"": -8.0}",否/间接,否/间接,启用对应战术权重、阈值和状态机分支；技能不只修改面板数值,由地形、敌我兵种、士气、疲劳、补给、阵型与战况触发；不满足场景时不生效,同类百分比总加成软上限35%；行为解锁不重复叠加，只提高决策置信度,将军真实训练、随军、战斗、战役复盘和军衔成长；少量出生天赋可提高出现概率
SK009_二,盾列相继,精熟,阵线控制,盾兵前排受创后后排更快顶替，减少局部缺口,"{""shield_replacement_pct"": 18.6, ""frontline_gap_pct"": -12.4}",否/间接,否/间接,启用对应战术权重、阈值和状态机分支；技能不只修改面板数值,由地形、敌我兵种、士气、疲劳、补给、阵型与战况触发；不满足场景时不生效,同类百分比总加成软上限35%；行为解锁不重复叠加，只提高决策置信度,将军真实训练、随军、战斗、战役复盘和军衔成长；少量出生天赋可提高出现概率
SK009_三,盾列相继,名将,阵线控制,盾兵前排受创后后排更快顶替，减少局部缺口,"{""shield_replacement_pct"": 25.2, ""frontline_gap_pct"": -16.8}",否/间接,否/间接,启用对应战术权重、阈值和状态机分支；技能不只修改面板数值,由地形、敌我兵种、士气、疲劳、补给、阵型与战况触发；不满足场景时不生效,同类百分比总加成软上限35%；行为解锁不重复叠加，只提高决策置信度,将军真实训练、随军、战斗、战役复盘和军衔成长；少量出生天赋可提高出现概率
SK010_一,轮番接战,初学,阵线控制,允许前后排短时轮换，降低前排体力崩溃,"{""frontline_fatigue_pct"": -8.0, ""rotation_efficiency_pct"": 10.0}",否/间接,否/间接,启用对应战术权重、阈值和状态机分支；技能不只修改面板数值,由地形、敌我兵种、士气、疲劳、补给、阵型与战况触发；不满足场景时不生效,同类百分比总加成软上限35%；行为解锁不重复叠加，只提高决策置信度,将军真实训练、随军、战斗、战役复盘和军衔成长；少量出生天赋可提高出现概率
SK010_二,轮番接战,精熟,阵线控制,允许前后排短时轮换，降低前排体力崩溃,"{""frontline_fatigue_pct"": -12.4, ""rotation_efficiency_pct"": 15.5}",否/间接,否/间接,启用对应战术权重、阈值和状态机分支；技能不只修改面板数值,由地形、敌我兵种、士气、疲劳、补给、阵型与战况触发；不满足场景时不生效,同类百分比总加成软上限35%；行为解锁不重复叠加，只提高决策置信度,将军真实训练、随军、战斗、战役复盘和军衔成长；少量出生天赋可提高出现概率
SK010_三,轮番接战,名将,阵线控制,允许前后排短时轮换，降低前排体力崩溃,"{""frontline_fatigue_pct"": -16.8, ""rotation_efficiency_pct"": 21.0}",否/间接,否/间接,启用对应战术权重、阈值和状态机分支；技能不只修改面板数值,由地形、敌我兵种、士气、疲劳、补给、阵型与战况触发；不满足场景时不生效,同类百分比总加成软上限35%；行为解锁不重复叠加，只提高决策置信度,将军真实训练、随军、战斗、战役复盘和军衔成长；少量出生天赋可提高出现概率
SK011_一,缩阵固守,初学,阵线控制,人数劣势时AI更愿意收缩阵线，减少被包围面,"{""defensive_compactness_pct"": 12.0, ""encirclement_risk_pct"": -8.0}",否/间接,否/间接,启用对应战术权重、阈值和状态机分支；技能不只修改面板数值,由地形、敌我兵种、士气、疲劳、补给、阵型与战况触发；不满足场景时不生效,同类百分比总加成软上限35%；行为解锁不重复叠加，只提高决策置信度,将军真实训练、随军、战斗、战役复盘和军衔成长；少量出生天赋可提高出现概率
SK011_二,缩阵固守,精熟,阵线控制,人数劣势时AI更愿意收缩阵线，减少被包围面,"{""defensive_compactness_pct"": 18.6, ""encirclement_risk_pct"": -12.4}",否/间接,否/间接,启用对应战术权重、阈值和状态机分支；技能不只修改面板数值,由地形、敌我兵种、士气、疲劳、补给、阵型与战况触发；不满足场景时不生效,同类百分比总加成软上限35%；行为解锁不重复叠加，只提高决策置信度,将军真实训练、随军、战斗、战役复盘和军衔成长；少量出生天赋可提高出现概率
SK011_三,缩阵固守,名将,阵线控制,人数劣势时AI更愿意收缩阵线，减少被包围面,"{""defensive_compactness_pct"": 25.2, ""encirclement_risk_pct"": -16.8}",否/间接,否/间接,启用对应战术权重、阈值和状态机分支；技能不只修改面板数值,由地形、敌我兵种、士气、疲劳、补给、阵型与战况触发；不满足场景时不生效,同类百分比总加成软上限35%；行为解锁不重复叠加，只提高决策置信度,将军真实训练、随军、战斗、战役复盘和军衔成长；少量出生天赋可提高出现概率
SK012_一,展翼压阵,初学,阵线控制,人数与机动占优时扩大两翼，提升侧面压迫,"{""flank_width_pct"": 10.0, ""flank_pressure_pct"": 8.0}",否/间接,否/间接,启用对应战术权重、阈值和状态机分支；技能不只修改面板数值,由地形、敌我兵种、士气、疲劳、补给、阵型与战况触发；不满足场景时不生效,同类百分比总加成软上限35%；行为解锁不重复叠加，只提高决策置信度,将军真实训练、随军、战斗、战役复盘和军衔成长；少量出生天赋可提高出现概率
SK012_二,展翼压阵,精熟,阵线控制,人数与机动占优时扩大两翼，提升侧面压迫,"{""flank_width_pct"": 15.5, ""flank_pressure_pct"": 12.4}",否/间接,否/间接,启用对应战术权重、阈值和状态机分支；技能不只修改面板数值,由地形、敌我兵种、士气、疲劳、补给、阵型与战况触发；不满足场景时不生效,同类百分比总加成软上限35%；行为解锁不重复叠加，只提高决策置信度,将军真实训练、随军、战斗、战役复盘和军衔成长；少量出生天赋可提高出现概率
SK012_三,展翼压阵,名将,阵线控制,人数与机动占优时扩大两翼，提升侧面压迫,"{""flank_width_pct"": 21.0, ""flank_pressure_pct"": 16.8}",否/间接,否/间接,启用对应战术权重、阈值和状态机分支；技能不只修改面板数值,由地形、敌我兵种、士气、疲劳、补给、阵型与战况触发；不满足场景时不生效,同类百分比总加成软上限35%；行为解锁不重复叠加，只提高决策置信度,将军真实训练、随军、战斗、战役复盘和军衔成长；少量出生天赋可提高出现概率
SK013_一,短兵相接,初学,步战指挥,近战步兵接敌后略增命中与格挡判断,"{""melee_hit_pct"": 4.0, ""melee_block_pct"": 4.0}",是,否/间接,启用对应战术权重、阈值和状态机分支；技能不只修改面板数值,由地形、敌我兵种、士气、疲劳、补给、阵型与战况触发；不满足场景时不生效,同类百分比总加成软上限35%；行为解锁不重复叠加，只提高决策置信度,将军真实训练、随军、战斗、战役复盘和军衔成长；少量出生天赋可提高出现概率
SK013_二,短兵相接,精熟,步战指挥,近战步兵接敌后略增命中与格挡判断,"{""melee_hit_pct"": 6.2, ""melee_block_pct"": 6.2}",是,否/间接,启用对应战术权重、阈值和状态机分支；技能不只修改面板数值,由地形、敌我兵种、士气、疲劳、补给、阵型与战况触发；不满足场景时不生效,同类百分比总加成软上限35%；行为解锁不重复叠加，只提高决策置信度,将军真实训练、随军、战斗、战役复盘和军衔成长；少量出生天赋可提高出现概率
SK013_三,短兵相接,名将,步战指挥,近战步兵接敌后略增命中与格挡判断,"{""melee_hit_pct"": 8.4, ""melee_block_pct"": 8.4}",是,否/间接,启用对应战术权重、阈值和状态机分支；技能不只修改面板数值,由地形、敌我兵种、士气、疲劳、补给、阵型与战况触发；不满足场景时不生效,同类百分比总加成软上限35%；行为解锁不重复叠加，只提高决策置信度,将军真实训练、随军、战斗、战役复盘和军衔成长；少量出生天赋可提高出现概率
SK014_一,甲士推进,初学,步战指挥,重甲步兵推进时降低受箭震荡并维持速度,"{""heavy_move_penalty_pct"": -8.0, ""ranged_shock_taken_pct"": -8.0}",否/间接,否/间接,启用对应战术权重、阈值和状态机分支；技能不只修改面板数值,由地形、敌我兵种、士气、疲劳、补给、阵型与战况触发；不满足场景时不生效,同类百分比总加成软上限35%；行为解锁不重复叠加，只提高决策置信度,将军真实训练、随军、战斗、战役复盘和军衔成长；少量出生天赋可提高出现概率
SK014_二,甲士推进,精熟,步战指挥,重甲步兵推进时降低受箭震荡并维持速度,"{""heavy_move_penalty_pct"": -12.4, ""ranged_shock_taken_pct"": -12.4}",否/间接,否/间接,启用对应战术权重、阈值和状态机分支；技能不只修改面板数值,由地形、敌我兵种、士气、疲劳、补给、阵型与战况触发；不满足场景时不生效,同类百分比总加成软上限35%；行为解锁不重复叠加，只提高决策置信度,将军真实训练、随军、战斗、战役复盘和军衔成长；少量出生天赋可提高出现概率
SK014_三,甲士推进,名将,步战指挥,重甲步兵推进时降低受箭震荡并维持速度,"{""heavy_move_penalty_pct"": -16.8, ""ranged_shock_taken_pct"": -16.8}",否/间接,否/间接,启用对应战术权重、阈值和状态机分支；技能不只修改面板数值,由地形、敌我兵种、士气、疲劳、补给、阵型与战况触发；不满足场景时不生效,同类百分比总加成软上限35%；行为解锁不重复叠加，只提高决策置信度,将军真实训练、随军、战斗、战役复盘和军衔成长；少量出生天赋可提高出现概率
SK015_一,步步为营,初学,步战指挥,推进过程中更频繁停顿重整，减少追击式散阵,"{""advance_cohesion_pct"": 10.0, ""overextend_risk_pct"": -10.0}",否/间接,否/间接,启用对应战术权重、阈值和状态机分支；技能不只修改面板数值,由地形、敌我兵种、士气、疲劳、补给、阵型与战况触发；不满足场景时不生效,同类百分比总加成软上限35%；行为解锁不重复叠加，只提高决策置信度,将军真实训练、随军、战斗、战役复盘和军衔成长；少量出生天赋可提高出现概率
SK015_二,步步为营,精熟,步战指挥,推进过程中更频繁停顿重整，减少追击式散阵,"{""advance_cohesion_pct"": 15.5, ""overextend_risk_pct"": -15.5}",否/间接,否/间接,启用对应战术权重、阈值和状态机分支；技能不只修改面板数值,由地形、敌我兵种、士气、疲劳、补给、阵型与战况触发；不满足场景时不生效,同类百分比总加成软上限35%；行为解锁不重复叠加，只提高决策置信度,将军真实训练、随军、战斗、战役复盘和军衔成长；少量出生天赋可提高出现概率
SK015_三,步步为营,名将,步战指挥,推进过程中更频繁停顿重整，减少追击式散阵,"{""advance_cohesion_pct"": 21.0, ""overextend_risk_pct"": -21.0}",否/间接,否/间接,启用对应战术权重、阈值和状态机分支；技能不只修改面板数值,由地形、敌我兵种、士气、疲劳、补给、阵型与战况触发；不满足场景时不生效,同类百分比总加成软上限35%；行为解锁不重复叠加，只提高决策置信度,将军真实训练、随军、战斗、战役复盘和军衔成长；少量出生天赋可提高出现概率
SK016_一,前排补位,初学,步战指挥,前排死亡或倒地后缩短补位时间,"{""frontline_replacement_pct"": 14.0}",否/间接,否/间接,启用对应战术权重、阈值和状态机分支；技能不只修改面板数值,由地形、敌我兵种、士气、疲劳、补给、阵型与战况触发；不满足场景时不生效,同类百分比总加成软上限35%；行为解锁不重复叠加，只提高决策置信度,将军真实训练、随军、战斗、战役复盘和军衔成长；少量出生天赋可提高出现概率
SK016_二,前排补位,精熟,步战指挥,前排死亡或倒地后缩短补位时间,"{""frontline_replacement_pct"": 21.7}",否/间接,否/间接,启用对应战术权重、阈值和状态机分支；技能不只修改面板数值,由地形、敌我兵种、士气、疲劳、补给、阵型与战况触发；不满足场景时不生效,同类百分比总加成软上限35%；行为解锁不重复叠加，只提高决策置信度,将军真实训练、随军、战斗、战役复盘和军衔成长；少量出生天赋可提高出现概率
SK016_三,前排补位,名将,步战指挥,前排死亡或倒地后缩短补位时间,"{""frontline_replacement_pct"": 29.4}",否/间接,否/间接,启用对应战术权重、阈值和状态机分支；技能不只修改面板数值,由地形、敌我兵种、士气、疲劳、补给、阵型与战况触发；不满足场景时不生效,同类百分比总加成软上限35%；行为解锁不重复叠加，只提高决策置信度,将军真实训练、随军、战斗、战役复盘和军衔成长；少量出生天赋可提高出现概率
SK017_一,破盾压制,初学,步战指挥,对盾兵近战时提高破防和推撞权重,"{""shield_break_pct"": 8.0, ""push_weight_pct"": 10.0}",否/间接,否/间接,启用对应战术权重、阈值和状态机分支；技能不只修改面板数值,由地形、敌我兵种、士气、疲劳、补给、阵型与战况触发；不满足场景时不生效,同类百分比总加成软上限35%；行为解锁不重复叠加，只提高决策置信度,将军真实训练、随军、战斗、战役复盘和军衔成长；少量出生天赋可提高出现概率
SK017_二,破盾压制,精熟,步战指挥,对盾兵近战时提高破防和推撞权重,"{""shield_break_pct"": 12.4, ""push_weight_pct"": 15.5}",否/间接,否/间接,启用对应战术权重、阈值和状态机分支；技能不只修改面板数值,由地形、敌我兵种、士气、疲劳、补给、阵型与战况触发；不满足场景时不生效,同类百分比总加成软上限35%；行为解锁不重复叠加，只提高决策置信度,将军真实训练、随军、战斗、战役复盘和军衔成长；少量出生天赋可提高出现概率
SK017_三,破盾压制,名将,步战指挥,对盾兵近战时提高破防和推撞权重,"{""shield_break_pct"": 16.8, ""push_weight_pct"": 21.0}",否/间接,否/间接,启用对应战术权重、阈值和状态机分支；技能不只修改面板数值,由地形、敌我兵种、士气、疲劳、补给、阵型与战况触发；不满足场景时不生效,同类百分比总加成软上限35%；行为解锁不重复叠加，只提高决策置信度,将军真实训练、随军、战斗、战役复盘和军衔成长；少量出生天赋可提高出现概率
SK018_一,巷战熟习,初学,步战指挥,狭窄街巷降低拥堵惩罚，自动拆分小队,"{""urban_path_cost_pct"": -10.0, ""urban_small_unit_ai_pct"": 12.0}",否/间接,否/间接,启用对应战术权重、阈值和状态机分支；技能不只修改面板数值,由地形、敌我兵种、士气、疲劳、补给、阵型与战况触发；不满足场景时不生效,同类百分比总加成软上限35%；行为解锁不重复叠加，只提高决策置信度,将军真实训练、随军、战斗、战役复盘和军衔成长；少量出生天赋可提高出现概率
SK018_二,巷战熟习,精熟,步战指挥,狭窄街巷降低拥堵惩罚，自动拆分小队,"{""urban_path_cost_pct"": -15.5, ""urban_small_unit_ai_pct"": 18.6}",否/间接,否/间接,启用对应战术权重、阈值和状态机分支；技能不只修改面板数值,由地形、敌我兵种、士气、疲劳、补给、阵型与战况触发；不满足场景时不生效,同类百分比总加成软上限35%；行为解锁不重复叠加，只提高决策置信度,将军真实训练、随军、战斗、战役复盘和军衔成长；少量出生天赋可提高出现概率
SK018_三,巷战熟习,名将,步战指挥,狭窄街巷降低拥堵惩罚，自动拆分小队,"{""urban_path_cost_pct"": -21.0, ""urban_small_unit_ai_pct"": 25.2}",否/间接,否/间接,启用对应战术权重、阈值和状态机分支；技能不只修改面板数值,由地形、敌我兵种、士气、疲劳、补给、阵型与战况触发；不满足场景时不生效,同类百分比总加成软上限35%；行为解锁不重复叠加，只提高决策置信度,将军真实训练、随军、战斗、战役复盘和军衔成长；少量出生天赋可提高出现概率
SK019_一,弓阵齐发,初学,射阵指挥,弓兵更倾向按齐射窗口射击，提高压制但略降持续射速,"{""volley_accuracy_pct"": 8.0, ""sustained_rate_pct"": -3.0}",否/间接,否/间接,启用对应战术权重、阈值和状态机分支；技能不只修改面板数值,由地形、敌我兵种、士气、疲劳、补给、阵型与战况触发；不满足场景时不生效,同类百分比总加成软上限35%；行为解锁不重复叠加，只提高决策置信度,将军真实训练、随军、战斗、战役复盘和军衔成长；少量出生天赋可提高出现概率
SK019_二,弓阵齐发,精熟,射阵指挥,弓兵更倾向按齐射窗口射击，提高压制但略降持续射速,"{""volley_accuracy_pct"": 12.4, ""sustained_rate_pct"": -4.7}",否/间接,否/间接,启用对应战术权重、阈值和状态机分支；技能不只修改面板数值,由地形、敌我兵种、士气、疲劳、补给、阵型与战况触发；不满足场景时不生效,同类百分比总加成软上限35%；行为解锁不重复叠加，只提高决策置信度,将军真实训练、随军、战斗、战役复盘和军衔成长；少量出生天赋可提高出现概率
SK019_三,弓阵齐发,名将,射阵指挥,弓兵更倾向按齐射窗口射击，提高压制但略降持续射速,"{""volley_accuracy_pct"": 16.8, ""sustained_rate_pct"": -6.3}",否/间接,否/间接,启用对应战术权重、阈值和状态机分支；技能不只修改面板数值,由地形、敌我兵种、士气、疲劳、补给、阵型与战况触发；不满足场景时不生效,同类百分比总加成软上限35%；行为解锁不重复叠加，只提高决策置信度,将军真实训练、随军、战斗、战役复盘和军衔成长；少量出生天赋可提高出现概率
SK020_一,弩矢轮射,初学,射阵指挥,弩兵分组轮射，缩短全队火力空窗,"{""crossbow_cycle_pct"": 10.0, ""volley_gap_pct"": -12.0}",否/间接,否/间接,启用对应战术权重、阈值和状态机分支；技能不只修改面板数值,由地形、敌我兵种、士气、疲劳、补给、阵型与战况触发；不满足场景时不生效,同类百分比总加成软上限35%；行为解锁不重复叠加，只提高决策置信度,将军真实训练、随军、战斗、战役复盘和军衔成长；少量出生天赋可提高出现概率
SK020_二,弩矢轮射,精熟,射阵指挥,弩兵分组轮射，缩短全队火力空窗,"{""crossbow_cycle_pct"": 15.5, ""volley_gap_pct"": -18.6}",否/间接,否/间接,启用对应战术权重、阈值和状态机分支；技能不只修改面板数值,由地形、敌我兵种、士气、疲劳、补给、阵型与战况触发；不满足场景时不生效,同类百分比总加成软上限35%；行为解锁不重复叠加，只提高决策置信度,将军真实训练、随军、战斗、战役复盘和军衔成长；少量出生天赋可提高出现概率
SK020_三,弩矢轮射,名将,射阵指挥,弩兵分组轮射，缩短全队火力空窗,"{""crossbow_cycle_pct"": 21.0, ""volley_gap_pct"": -25.2}",否/间接,否/间接,启用对应战术权重、阈值和状态机分支；技能不只修改面板数值,由地形、敌我兵种、士气、疲劳、补给、阵型与战况触发；不满足场景时不生效,同类百分比总加成软上限35%；行为解锁不重复叠加，只提高决策置信度,将军真实训练、随军、战斗、战役复盘和军衔成长；少量出生天赋可提高出现概率
SK021_一,远近换射,初学,射阵指挥,敌军接近时从高抛射切换直射，降低近距离误射,"{""close_ranged_accuracy_pct"": 10.0, ""friendly_fire_pct"": -8.0}",否/间接,否/间接,启用对应战术权重、阈值和状态机分支；技能不只修改面板数值,由地形、敌我兵种、士气、疲劳、补给、阵型与战况触发；不满足场景时不生效,同类百分比总加成软上限35%；行为解锁不重复叠加，只提高决策置信度,将军真实训练、随军、战斗、战役复盘和军衔成长；少量出生天赋可提高出现概率
SK021_二,远近换射,精熟,射阵指挥,敌军接近时从高抛射切换直射，降低近距离误射,"{""close_ranged_accuracy_pct"": 15.5, ""friendly_fire_pct"": -12.4}",否/间接,否/间接,启用对应战术权重、阈值和状态机分支；技能不只修改面板数值,由地形、敌我兵种、士气、疲劳、补给、阵型与战况触发；不满足场景时不生效,同类百分比总加成软上限35%；行为解锁不重复叠加，只提高决策置信度,将军真实训练、随军、战斗、战役复盘和军衔成长；少量出生天赋可提高出现概率
SK021_三,远近换射,名将,射阵指挥,敌军接近时从高抛射切换直射，降低近距离误射,"{""close_ranged_accuracy_pct"": 21.0, ""friendly_fire_pct"": -16.8}",否/间接,否/间接,启用对应战术权重、阈值和状态机分支；技能不只修改面板数值,由地形、敌我兵种、士气、疲劳、补给、阵型与战况触发；不满足场景时不生效,同类百分比总加成软上限35%；行为解锁不重复叠加，只提高决策置信度,将军真实训练、随军、战斗、战役复盘和军衔成长；少量出生天赋可提高出现概率
SK022_一,箭雨压阵,初学,射阵指挥,对密集阵列提高射击目标权重与士气压制,"{""dense_target_priority_pct"": 12.0, ""ranged_morale_damage_pct"": 8.0}",否/间接,否/间接,启用对应战术权重、阈值和状态机分支；技能不只修改面板数值,由地形、敌我兵种、士气、疲劳、补给、阵型与战况触发；不满足场景时不生效,同类百分比总加成软上限35%；行为解锁不重复叠加，只提高决策置信度,将军真实训练、随军、战斗、战役复盘和军衔成长；少量出生天赋可提高出现概率
SK022_二,箭雨压阵,精熟,射阵指挥,对密集阵列提高射击目标权重与士气压制,"{""dense_target_priority_pct"": 18.6, ""ranged_morale_damage_pct"": 12.4}",否/间接,否/间接,启用对应战术权重、阈值和状态机分支；技能不只修改面板数值,由地形、敌我兵种、士气、疲劳、补给、阵型与战况触发；不满足场景时不生效,同类百分比总加成软上限35%；行为解锁不重复叠加，只提高决策置信度,将军真实训练、随军、战斗、战役复盘和军衔成长；少量出生天赋可提高出现概率
SK022_三,箭雨压阵,名将,射阵指挥,对密集阵列提高射击目标权重与士气压制,"{""dense_target_priority_pct"": 25.2, ""ranged_morale_damage_pct"": 16.8}",否/间接,否/间接,启用对应战术权重、阈值和状态机分支；技能不只修改面板数值,由地形、敌我兵种、士气、疲劳、补给、阵型与战况触发；不满足场景时不生效,同类百分比总加成软上限35%；行为解锁不重复叠加，只提高决策置信度,将军真实训练、随军、战斗、战役复盘和军衔成长；少量出生天赋可提高出现概率
SK023_一,选高据射,初学,射阵指挥,远程AI优先占据安全高地与墙台,"{""highground_seek_pct"": 14.0, ""ranged_range_pct"": 3.0}",否/间接,否/间接,启用对应战术权重、阈值和状态机分支；技能不只修改面板数值,由地形、敌我兵种、士气、疲劳、补给、阵型与战况触发；不满足场景时不生效,同类百分比总加成软上限35%；行为解锁不重复叠加，只提高决策置信度,将军真实训练、随军、战斗、战役复盘和军衔成长；少量出生天赋可提高出现概率
SK023_二,选高据射,精熟,射阵指挥,远程AI优先占据安全高地与墙台,"{""highground_seek_pct"": 21.7, ""ranged_range_pct"": 4.7}",否/间接,否/间接,启用对应战术权重、阈值和状态机分支；技能不只修改面板数值,由地形、敌我兵种、士气、疲劳、补给、阵型与战况触发；不满足场景时不生效,同类百分比总加成软上限35%；行为解锁不重复叠加，只提高决策置信度,将军真实训练、随军、战斗、战役复盘和军衔成长；少量出生天赋可提高出现概率
SK023_三,选高据射,名将,射阵指挥,远程AI优先占据安全高地与墙台,"{""highground_seek_pct"": 29.4, ""ranged_range_pct"": 6.3}",否/间接,否/间接,启用对应战术权重、阈值和状态机分支；技能不只修改面板数值,由地形、敌我兵种、士气、疲劳、补给、阵型与战况触发；不满足场景时不生效,同类百分比总加成软上限35%；行为解锁不重复叠加，只提高决策置信度,将军真实训练、随军、战斗、战役复盘和军衔成长；少量出生天赋可提高出现概率
SK024_一,近阵拒冲,初学,射阵指挥,远程单位被逼近时更早后撤至友军后方,"{""retreat_to_screen_pct"": 14.0, ""melee_contact_delay_pct"": 8.0}",否/间接,否/间接,启用对应战术权重、阈值和状态机分支；技能不只修改面板数值,由地形、敌我兵种、士气、疲劳、补给、阵型与战况触发；不满足场景时不生效,同类百分比总加成软上限35%；行为解锁不重复叠加，只提高决策置信度,将军真实训练、随军、战斗、战役复盘和军衔成长；少量出生天赋可提高出现概率
SK024_二,近阵拒冲,精熟,射阵指挥,远程单位被逼近时更早后撤至友军后方,"{""retreat_to_screen_pct"": 21.7, ""melee_contact_delay_pct"": 12.4}",否/间接,否/间接,启用对应战术权重、阈值和状态机分支；技能不只修改面板数值,由地形、敌我兵种、士气、疲劳、补给、阵型与战况触发；不满足场景时不生效,同类百分比总加成软上限35%；行为解锁不重复叠加，只提高决策置信度,将军真实训练、随军、战斗、战役复盘和军衔成长；少量出生天赋可提高出现概率
SK024_三,近阵拒冲,名将,射阵指挥,远程单位被逼近时更早后撤至友军后方,"{""retreat_to_screen_pct"": 29.4, ""melee_contact_delay_pct"": 16.8}",否/间接,否/间接,启用对应战术权重、阈值和状态机分支；技能不只修改面板数值,由地形、敌我兵种、士气、疲劳、补给、阵型与战况触发；不满足场景时不生效,同类百分比总加成软上限35%；行为解锁不重复叠加，只提高决策置信度,将军真实训练、随军、战斗、战役复盘和军衔成长；少量出生天赋可提高出现概率
SK025_一,骑阵分合,初学,骑兵指挥,骑兵可分队绕行后重新合流，减少失控,"{""cavalry_split_control_pct"": 12.0, ""cavalry_reform_pct"": 10.0}",否/间接,否/间接,启用对应战术权重、阈值和状态机分支；技能不只修改面板数值,由地形、敌我兵种、士气、疲劳、补给、阵型与战况触发；不满足场景时不生效,同类百分比总加成软上限35%；行为解锁不重复叠加，只提高决策置信度,将军真实训练、随军、战斗、战役复盘和军衔成长；少量出生天赋可提高出现概率
SK025_二,骑阵分合,精熟,骑兵指挥,骑兵可分队绕行后重新合流，减少失控,"{""cavalry_split_control_pct"": 18.6, ""cavalry_reform_pct"": 15.5}",否/间接,否/间接,启用对应战术权重、阈值和状态机分支；技能不只修改面板数值,由地形、敌我兵种、士气、疲劳、补给、阵型与战况触发；不满足场景时不生效,同类百分比总加成软上限35%；行为解锁不重复叠加，只提高决策置信度,将军真实训练、随军、战斗、战役复盘和军衔成长；少量出生天赋可提高出现概率
SK025_三,骑阵分合,名将,骑兵指挥,骑兵可分队绕行后重新合流，减少失控,"{""cavalry_split_control_pct"": 25.2, ""cavalry_reform_pct"": 21.0}",否/间接,否/间接,启用对应战术权重、阈值和状态机分支；技能不只修改面板数值,由地形、敌我兵种、士气、疲劳、补给、阵型与战况触发；不满足场景时不生效,同类百分比总加成软上限35%；行为解锁不重复叠加，只提高决策置信度,将军真实训练、随军、战斗、战役复盘和军衔成长；少量出生天赋可提高出现概率
SK026_一,槊骑冲阵,初学,骑兵指挥,重骑冲击时提高冲锋保持与穿阵深度,"{""cavalry_charge_pct"": 8.0, ""charge_cohesion_pct"": 10.0}",是,否/间接,启用对应战术权重、阈值和状态机分支；技能不只修改面板数值,由地形、敌我兵种、士气、疲劳、补给、阵型与战况触发；不满足场景时不生效,同类百分比总加成软上限35%；行为解锁不重复叠加，只提高决策置信度,将军真实训练、随军、战斗、战役复盘和军衔成长；少量出生天赋可提高出现概率
SK026_二,槊骑冲阵,精熟,骑兵指挥,重骑冲击时提高冲锋保持与穿阵深度,"{""cavalry_charge_pct"": 12.4, ""charge_cohesion_pct"": 15.5}",是,否/间接,启用对应战术权重、阈值和状态机分支；技能不只修改面板数值,由地形、敌我兵种、士气、疲劳、补给、阵型与战况触发；不满足场景时不生效,同类百分比总加成软上限35%；行为解锁不重复叠加，只提高决策置信度,将军真实训练、随军、战斗、战役复盘和军衔成长；少量出生天赋可提高出现概率
SK026_三,槊骑冲阵,名将,骑兵指挥,重骑冲击时提高冲锋保持与穿阵深度,"{""cavalry_charge_pct"": 16.8, ""charge_cohesion_pct"": 21.0}",是,否/间接,启用对应战术权重、阈值和状态机分支；技能不只修改面板数值,由地形、敌我兵种、士气、疲劳、补给、阵型与战况触发；不满足场景时不生效,同类百分比总加成软上限35%；行为解锁不重复叠加，只提高决策置信度,将军真实训练、随军、战斗、战役复盘和军衔成长；少量出生天赋可提高出现概率
SK027_一,骑射游猎,初学,骑兵指挥,骑射手保持距离并边移边射,"{""mounted_kite_pct"": 12.0, ""mounted_accuracy_pct"": 5.0}",否/间接,否/间接,启用对应战术权重、阈值和状态机分支；技能不只修改面板数值,由地形、敌我兵种、士气、疲劳、补给、阵型与战况触发；不满足场景时不生效,同类百分比总加成软上限35%；行为解锁不重复叠加，只提高决策置信度,将军真实训练、随军、战斗、战役复盘和军衔成长；少量出生天赋可提高出现概率
SK027_二,骑射游猎,精熟,骑兵指挥,骑射手保持距离并边移边射,"{""mounted_kite_pct"": 18.6, ""mounted_accuracy_pct"": 7.8}",否/间接,否/间接,启用对应战术权重、阈值和状态机分支；技能不只修改面板数值,由地形、敌我兵种、士气、疲劳、补给、阵型与战况触发；不满足场景时不生效,同类百分比总加成软上限35%；行为解锁不重复叠加，只提高决策置信度,将军真实训练、随军、战斗、战役复盘和军衔成长；少量出生天赋可提高出现概率
SK027_三,骑射游猎,名将,骑兵指挥,骑射手保持距离并边移边射,"{""mounted_kite_pct"": 25.2, ""mounted_accuracy_pct"": 10.5}",否/间接,否/间接,启用对应战术权重、阈值和状态机分支；技能不只修改面板数值,由地形、敌我兵种、士气、疲劳、补给、阵型与战况触发；不满足场景时不生效,同类百分比总加成软上限35%；行为解锁不重复叠加，只提高决策置信度,将军真实训练、随军、战斗、战役复盘和军衔成长；少量出生天赋可提高出现概率
SK028_一,绕翼突袭,初学,骑兵指挥,骑兵更积极寻找侧翼空隙，而非正面硬撞,"{""flank_seek_pct"": 14.0, ""frontal_charge_bias_pct"": -10.0}",否/间接,否/间接,启用对应战术权重、阈值和状态机分支；技能不只修改面板数值,由地形、敌我兵种、士气、疲劳、补给、阵型与战况触发；不满足场景时不生效,同类百分比总加成软上限35%；行为解锁不重复叠加，只提高决策置信度,将军真实训练、随军、战斗、战役复盘和军衔成长；少量出生天赋可提高出现概率
SK028_二,绕翼突袭,精熟,骑兵指挥,骑兵更积极寻找侧翼空隙，而非正面硬撞,"{""flank_seek_pct"": 21.7, ""frontal_charge_bias_pct"": -15.5}",否/间接,否/间接,启用对应战术权重、阈值和状态机分支；技能不只修改面板数值,由地形、敌我兵种、士气、疲劳、补给、阵型与战况触发；不满足场景时不生效,同类百分比总加成软上限35%；行为解锁不重复叠加，只提高决策置信度,将军真实训练、随军、战斗、战役复盘和军衔成长；少量出生天赋可提高出现概率
SK028_三,绕翼突袭,名将,骑兵指挥,骑兵更积极寻找侧翼空隙，而非正面硬撞,"{""flank_seek_pct"": 29.4, ""frontal_charge_bias_pct"": -21.0}",否/间接,否/间接,启用对应战术权重、阈值和状态机分支；技能不只修改面板数值,由地形、敌我兵种、士气、疲劳、补给、阵型与战况触发；不满足场景时不生效,同类百分比总加成软上限35%；行为解锁不重复叠加，只提高决策置信度,将军真实训练、随军、战斗、战役复盘和军衔成长；少量出生天赋可提高出现概率
SK029_一,反骑截击,初学,骑兵指挥,预留一部分骑兵拦截敌方侧翼骑兵,"{""counter_cavalry_reserve_pct"": 12.0, ""intercept_reaction_pct"": 10.0}",否/间接,否/间接,启用对应战术权重、阈值和状态机分支；技能不只修改面板数值,由地形、敌我兵种、士气、疲劳、补给、阵型与战况触发；不满足场景时不生效,同类百分比总加成软上限35%；行为解锁不重复叠加，只提高决策置信度,将军真实训练、随军、战斗、战役复盘和军衔成长；少量出生天赋可提高出现概率
SK029_二,反骑截击,精熟,骑兵指挥,预留一部分骑兵拦截敌方侧翼骑兵,"{""counter_cavalry_reserve_pct"": 18.6, ""intercept_reaction_pct"": 15.5}",否/间接,否/间接,启用对应战术权重、阈值和状态机分支；技能不只修改面板数值,由地形、敌我兵种、士气、疲劳、补给、阵型与战况触发；不满足场景时不生效,同类百分比总加成软上限35%；行为解锁不重复叠加，只提高决策置信度,将军真实训练、随军、战斗、战役复盘和军衔成长；少量出生天赋可提高出现概率
SK029_三,反骑截击,名将,骑兵指挥,预留一部分骑兵拦截敌方侧翼骑兵,"{""counter_cavalry_reserve_pct"": 25.2, ""intercept_reaction_pct"": 21.0}",否/间接,否/间接,启用对应战术权重、阈值和状态机分支；技能不只修改面板数值,由地形、敌我兵种、士气、疲劳、补给、阵型与战况触发；不满足场景时不生效,同类百分比总加成软上限35%；行为解锁不重复叠加，只提高决策置信度,将军真实训练、随军、战斗、战役复盘和军衔成长；少量出生天赋可提高出现概率
SK030_一,下马结阵,初学,骑兵指挥,不利骑战地形时允许部分骑兵下马守点,"{""dismount_decision_pct"": 15.0, ""bad_terrain_penalty_pct"": -8.0}",否/间接,否/间接,启用对应战术权重、阈值和状态机分支；技能不只修改面板数值,由地形、敌我兵种、士气、疲劳、补给、阵型与战况触发；不满足场景时不生效,同类百分比总加成软上限35%；行为解锁不重复叠加，只提高决策置信度,将军真实训练、随军、战斗、战役复盘和军衔成长；少量出生天赋可提高出现概率
SK030_二,下马结阵,精熟,骑兵指挥,不利骑战地形时允许部分骑兵下马守点,"{""dismount_decision_pct"": 23.2, ""bad_terrain_penalty_pct"": -12.4}",否/间接,否/间接,启用对应战术权重、阈值和状态机分支；技能不只修改面板数值,由地形、敌我兵种、士气、疲劳、补给、阵型与战况触发；不满足场景时不生效,同类百分比总加成软上限35%；行为解锁不重复叠加，只提高决策置信度,将军真实训练、随军、战斗、战役复盘和军衔成长；少量出生天赋可提高出现概率
SK030_三,下马结阵,名将,骑兵指挥,不利骑战地形时允许部分骑兵下马守点,"{""dismount_decision_pct"": 31.5, ""bad_terrain_penalty_pct"": -16.8}",否/间接,否/间接,启用对应战术权重、阈值和状态机分支；技能不只修改面板数值,由地形、敌我兵种、士气、疲劳、补给、阵型与战况触发；不满足场景时不生效,同类百分比总加成软上限35%；行为解锁不重复叠加，只提高决策置信度,将军真实训练、随军、战斗、战役复盘和军衔成长；少量出生天赋可提高出现概率
SK031_一,斥候前探,初学,侦察情报,行军时保持前哨距离，提前发现敌军与地形阻塞,"{""scout_range_pct"": 12.0, ""warning_time_pct"": 10.0}",否/间接,否/间接,启用对应战术权重、阈值和状态机分支；技能不只修改面板数值,由地形、敌我兵种、士气、疲劳、补给、阵型与战况触发；不满足场景时不生效,同类百分比总加成软上限35%；行为解锁不重复叠加，只提高决策置信度,将军真实训练、随军、战斗、战役复盘和军衔成长；少量出生天赋可提高出现概率
SK031_二,斥候前探,精熟,侦察情报,行军时保持前哨距离，提前发现敌军与地形阻塞,"{""scout_range_pct"": 18.6, ""warning_time_pct"": 15.5}",否/间接,否/间接,启用对应战术权重、阈值和状态机分支；技能不只修改面板数值,由地形、敌我兵种、士气、疲劳、补给、阵型与战况触发；不满足场景时不生效,同类百分比总加成软上限35%；行为解锁不重复叠加，只提高决策置信度,将军真实训练、随军、战斗、战役复盘和军衔成长；少量出生天赋可提高出现概率
SK031_三,斥候前探,名将,侦察情报,行军时保持前哨距离，提前发现敌军与地形阻塞,"{""scout_range_pct"": 25.2, ""warning_time_pct"": 21.0}",否/间接,否/间接,启用对应战术权重、阈值和状态机分支；技能不只修改面板数值,由地形、敌我兵种、士气、疲劳、补给、阵型与战况触发；不满足场景时不生效,同类百分比总加成软上限35%；行为解锁不重复叠加，只提高决策置信度,将军真实训练、随军、战斗、战役复盘和军衔成长；少量出生天赋可提高出现概率
SK032_一,识破伏兵,初学,侦察情报,提高对林地、谷地、夜间伏兵的发现,"{""ambush_detect_pct"": 12.0}",否/间接,否/间接,启用对应战术权重、阈值和状态机分支；技能不只修改面板数值,由地形、敌我兵种、士气、疲劳、补给、阵型与战况触发；不满足场景时不生效,同类百分比总加成软上限35%；行为解锁不重复叠加，只提高决策置信度,将军真实训练、随军、战斗、战役复盘和军衔成长；少量出生天赋可提高出现概率
SK032_二,识破伏兵,精熟,侦察情报,提高对林地、谷地、夜间伏兵的发现,"{""ambush_detect_pct"": 18.6}",否/间接,否/间接,启用对应战术权重、阈值和状态机分支；技能不只修改面板数值,由地形、敌我兵种、士气、疲劳、补给、阵型与战况触发；不满足场景时不生效,同类百分比总加成软上限35%；行为解锁不重复叠加，只提高决策置信度,将军真实训练、随军、战斗、战役复盘和军衔成长；少量出生天赋可提高出现概率
SK032_三,识破伏兵,名将,侦察情报,提高对林地、谷地、夜间伏兵的发现,"{""ambush_detect_pct"": 25.2}",否/间接,否/间接,启用对应战术权重、阈值和状态机分支；技能不只修改面板数值,由地形、敌我兵种、士气、疲劳、补给、阵型与战况触发；不满足场景时不生效,同类百分比总加成软上限35%；行为解锁不重复叠加，只提高决策置信度,将军真实训练、随军、战斗、战役复盘和军衔成长；少量出生天赋可提高出现概率
SK033_一,骑哨轮换,初学,侦察情报,斥候轮换降低疲劳并维持侦察覆盖,"{""scout_fatigue_pct"": -10.0, ""scout_uptime_pct"": 10.0}",否/间接,否/间接,启用对应战术权重、阈值和状态机分支；技能不只修改面板数值,由地形、敌我兵种、士气、疲劳、补给、阵型与战况触发；不满足场景时不生效,同类百分比总加成软上限35%；行为解锁不重复叠加，只提高决策置信度,将军真实训练、随军、战斗、战役复盘和军衔成长；少量出生天赋可提高出现概率
SK033_二,骑哨轮换,精熟,侦察情报,斥候轮换降低疲劳并维持侦察覆盖,"{""scout_fatigue_pct"": -15.5, ""scout_uptime_pct"": 15.5}",否/间接,否/间接,启用对应战术权重、阈值和状态机分支；技能不只修改面板数值,由地形、敌我兵种、士气、疲劳、补给、阵型与战况触发；不满足场景时不生效,同类百分比总加成软上限35%；行为解锁不重复叠加，只提高决策置信度,将军真实训练、随军、战斗、战役复盘和军衔成长；少量出生天赋可提高出现概率
SK033_三,骑哨轮换,名将,侦察情报,斥候轮换降低疲劳并维持侦察覆盖,"{""scout_fatigue_pct"": -21.0, ""scout_uptime_pct"": 21.0}",否/间接,否/间接,启用对应战术权重、阈值和状态机分支；技能不只修改面板数值,由地形、敌我兵种、士气、疲劳、补给、阵型与战况触发；不满足场景时不生效,同类百分比总加成软上限35%；行为解锁不重复叠加，只提高决策置信度,将军真实训练、随军、战斗、战役复盘和军衔成长；少量出生天赋可提高出现概率
SK034_一,地形记忆,初学,侦察情报,走过的道路、渡口与山口在本将军地图记忆中保留更久,"{""map_memory_pct"": 18.0}",否/间接,否/间接,启用对应战术权重、阈值和状态机分支；技能不只修改面板数值,由地形、敌我兵种、士气、疲劳、补给、阵型与战况触发；不满足场景时不生效,同类百分比总加成软上限35%；行为解锁不重复叠加，只提高决策置信度,将军真实训练、随军、战斗、战役复盘和军衔成长；少量出生天赋可提高出现概率
SK034_二,地形记忆,精熟,侦察情报,走过的道路、渡口与山口在本将军地图记忆中保留更久,"{""map_memory_pct"": 27.9}",否/间接,否/间接,启用对应战术权重、阈值和状态机分支；技能不只修改面板数值,由地形、敌我兵种、士气、疲劳、补给、阵型与战况触发；不满足场景时不生效,同类百分比总加成软上限35%；行为解锁不重复叠加，只提高决策置信度,将军真实训练、随军、战斗、战役复盘和军衔成长；少量出生天赋可提高出现概率
SK034_三,地形记忆,名将,侦察情报,走过的道路、渡口与山口在本将军地图记忆中保留更久,"{""map_memory_pct"": 37.8}",否/间接,否/间接,启用对应战术权重、阈值和状态机分支；技能不只修改面板数值,由地形、敌我兵种、士气、疲劳、补给、阵型与战况触发；不满足场景时不生效,同类百分比总加成软上限35%；行为解锁不重复叠加，只提高决策置信度,将军真实训练、随军、战斗、战役复盘和军衔成长；少量出生天赋可提高出现概率
SK035_一,敌踪研判,初学,侦察情报,根据尘土、火光、商路情报估算敌军规模更准确,"{""enemy_size_error_pct"": -12.0}",否/间接,否/间接,启用对应战术权重、阈值和状态机分支；技能不只修改面板数值,由地形、敌我兵种、士气、疲劳、补给、阵型与战况触发；不满足场景时不生效,同类百分比总加成软上限35%；行为解锁不重复叠加，只提高决策置信度,将军真实训练、随军、战斗、战役复盘和军衔成长；少量出生天赋可提高出现概率
SK035_二,敌踪研判,精熟,侦察情报,根据尘土、火光、商路情报估算敌军规模更准确,"{""enemy_size_error_pct"": -18.6}",否/间接,否/间接,启用对应战术权重、阈值和状态机分支；技能不只修改面板数值,由地形、敌我兵种、士气、疲劳、补给、阵型与战况触发；不满足场景时不生效,同类百分比总加成软上限35%；行为解锁不重复叠加，只提高决策置信度,将军真实训练、随军、战斗、战役复盘和军衔成长；少量出生天赋可提高出现概率
SK035_三,敌踪研判,名将,侦察情报,根据尘土、火光、商路情报估算敌军规模更准确,"{""enemy_size_error_pct"": -25.2}",否/间接,否/间接,启用对应战术权重、阈值和状态机分支；技能不只修改面板数值,由地形、敌我兵种、士气、疲劳、补给、阵型与战况触发；不满足场景时不生效,同类百分比总加成软上限35%；行为解锁不重复叠加，只提高决策置信度,将军真实训练、随军、战斗、战役复盘和军衔成长；少量出生天赋可提高出现概率
SK036_一,蔽形潜行,初学,侦察情报,小部队在林地/夜间降低被侦察概率,"{""concealment_pct"": 12.0}",否/间接,否/间接,启用对应战术权重、阈值和状态机分支；技能不只修改面板数值,由地形、敌我兵种、士气、疲劳、补给、阵型与战况触发；不满足场景时不生效,同类百分比总加成软上限35%；行为解锁不重复叠加，只提高决策置信度,将军真实训练、随军、战斗、战役复盘和军衔成长；少量出生天赋可提高出现概率
SK036_二,蔽形潜行,精熟,侦察情报,小部队在林地/夜间降低被侦察概率,"{""concealment_pct"": 18.6}",否/间接,否/间接,启用对应战术权重、阈值和状态机分支；技能不只修改面板数值,由地形、敌我兵种、士气、疲劳、补给、阵型与战况触发；不满足场景时不生效,同类百分比总加成软上限35%；行为解锁不重复叠加，只提高决策置信度,将军真实训练、随军、战斗、战役复盘和军衔成长；少量出生天赋可提高出现概率
SK036_三,蔽形潜行,名将,侦察情报,小部队在林地/夜间降低被侦察概率,"{""concealment_pct"": 25.2}",否/间接,否/间接,启用对应战术权重、阈值和状态机分支；技能不只修改面板数值,由地形、敌我兵种、士气、疲劳、补给、阵型与战况触发；不满足场景时不生效,同类百分比总加成软上限35%；行为解锁不重复叠加，只提高决策置信度,将军真实训练、随军、战斗、战役复盘和军衔成长；少量出生天赋可提高出现概率
SK037_一,设伏藏锋,初学,伏击奇袭,伏击准备更快，待机时更少破坏隐蔽,"{""ambush_setup_pct"": 12.0, ""ambush_concealment_pct"": 10.0}",否/间接,否/间接,启用对应战术权重、阈值和状态机分支；技能不只修改面板数值,由地形、敌我兵种、士气、疲劳、补给、阵型与战况触发；不满足场景时不生效,同类百分比总加成软上限35%；行为解锁不重复叠加，只提高决策置信度,将军真实训练、随军、战斗、战役复盘和军衔成长；少量出生天赋可提高出现概率
SK037_二,设伏藏锋,精熟,伏击奇袭,伏击准备更快，待机时更少破坏隐蔽,"{""ambush_setup_pct"": 18.6, ""ambush_concealment_pct"": 15.5}",否/间接,否/间接,启用对应战术权重、阈值和状态机分支；技能不只修改面板数值,由地形、敌我兵种、士气、疲劳、补给、阵型与战况触发；不满足场景时不生效,同类百分比总加成软上限35%；行为解锁不重复叠加，只提高决策置信度,将军真实训练、随军、战斗、战役复盘和军衔成长；少量出生天赋可提高出现概率
SK037_三,设伏藏锋,名将,伏击奇袭,伏击准备更快，待机时更少破坏隐蔽,"{""ambush_setup_pct"": 25.2, ""ambush_concealment_pct"": 21.0}",否/间接,否/间接,启用对应战术权重、阈值和状态机分支；技能不只修改面板数值,由地形、敌我兵种、士气、疲劳、补给、阵型与战况触发；不满足场景时不生效,同类百分比总加成软上限35%；行为解锁不重复叠加，只提高决策置信度,将军真实训练、随军、战斗、战役复盘和军衔成长；少量出生天赋可提高出现概率
SK038_一,诱敌深入,初学,伏击奇袭,弱势前锋可后撤引敌进入预设区域,"{""bait_ai_pct"": 14.0, ""premature_commit_pct"": -8.0}",否/间接,否/间接,启用对应战术权重、阈值和状态机分支；技能不只修改面板数值,由地形、敌我兵种、士气、疲劳、补给、阵型与战况触发；不满足场景时不生效,同类百分比总加成软上限35%；行为解锁不重复叠加，只提高决策置信度,将军真实训练、随军、战斗、战役复盘和军衔成长；少量出生天赋可提高出现概率
SK038_二,诱敌深入,精熟,伏击奇袭,弱势前锋可后撤引敌进入预设区域,"{""bait_ai_pct"": 21.7, ""premature_commit_pct"": -12.4}",否/间接,否/间接,启用对应战术权重、阈值和状态机分支；技能不只修改面板数值,由地形、敌我兵种、士气、疲劳、补给、阵型与战况触发；不满足场景时不生效,同类百分比总加成软上限35%；行为解锁不重复叠加，只提高决策置信度,将军真实训练、随军、战斗、战役复盘和军衔成长；少量出生天赋可提高出现概率
SK038_三,诱敌深入,名将,伏击奇袭,弱势前锋可后撤引敌进入预设区域,"{""bait_ai_pct"": 29.4, ""premature_commit_pct"": -16.8}",否/间接,否/间接,启用对应战术权重、阈值和状态机分支；技能不只修改面板数值,由地形、敌我兵种、士气、疲劳、补给、阵型与战况触发；不满足场景时不生效,同类百分比总加成软上限35%；行为解锁不重复叠加，只提高决策置信度,将军真实训练、随军、战斗、战役复盘和军衔成长；少量出生天赋可提高出现概率
SK039_一,截断后路,初学,伏击奇袭,伏击时优先派机动队切断撤退方向,"{""cut_retreat_pct"": 12.0}",否/间接,否/间接,启用对应战术权重、阈值和状态机分支；技能不只修改面板数值,由地形、敌我兵种、士气、疲劳、补给、阵型与战况触发；不满足场景时不生效,同类百分比总加成软上限35%；行为解锁不重复叠加，只提高决策置信度,将军真实训练、随军、战斗、战役复盘和军衔成长；少量出生天赋可提高出现概率
SK039_二,截断后路,精熟,伏击奇袭,伏击时优先派机动队切断撤退方向,"{""cut_retreat_pct"": 18.6}",否/间接,否/间接,启用对应战术权重、阈值和状态机分支；技能不只修改面板数值,由地形、敌我兵种、士气、疲劳、补给、阵型与战况触发；不满足场景时不生效,同类百分比总加成软上限35%；行为解锁不重复叠加，只提高决策置信度,将军真实训练、随军、战斗、战役复盘和军衔成长；少量出生天赋可提高出现概率
SK039_三,截断后路,名将,伏击奇袭,伏击时优先派机动队切断撤退方向,"{""cut_retreat_pct"": 25.2}",否/间接,否/间接,启用对应战术权重、阈值和状态机分支；技能不只修改面板数值,由地形、敌我兵种、士气、疲劳、补给、阵型与战况触发；不满足场景时不生效,同类百分比总加成软上限35%；行为解锁不重复叠加，只提高决策置信度,将军真实训练、随军、战斗、战役复盘和军衔成长；少量出生天赋可提高出现概率
SK040_一,假退诱追,初学,伏击奇袭,允许有纪律部队进行短距离假退，失败会增加士气风险,"{""feigned_retreat_pct"": 12.0, ""failed_feint_morale_pct"": -4.0}",否/间接,否/间接,启用对应战术权重、阈值和状态机分支；技能不只修改面板数值,由地形、敌我兵种、士气、疲劳、补给、阵型与战况触发；不满足场景时不生效,同类百分比总加成软上限35%；行为解锁不重复叠加，只提高决策置信度,将军真实训练、随军、战斗、战役复盘和军衔成长；少量出生天赋可提高出现概率
SK040_二,假退诱追,精熟,伏击奇袭,允许有纪律部队进行短距离假退，失败会增加士气风险,"{""feigned_retreat_pct"": 18.6, ""failed_feint_morale_pct"": -6.2}",否/间接,否/间接,启用对应战术权重、阈值和状态机分支；技能不只修改面板数值,由地形、敌我兵种、士气、疲劳、补给、阵型与战况触发；不满足场景时不生效,同类百分比总加成软上限35%；行为解锁不重复叠加，只提高决策置信度,将军真实训练、随军、战斗、战役复盘和军衔成长；少量出生天赋可提高出现概率
SK040_三,假退诱追,名将,伏击奇袭,允许有纪律部队进行短距离假退，失败会增加士气风险,"{""feigned_retreat_pct"": 25.2, ""failed_feint_morale_pct"": -8.4}",否/间接,否/间接,启用对应战术权重、阈值和状态机分支；技能不只修改面板数值,由地形、敌我兵种、士气、疲劳、补给、阵型与战况触发；不满足场景时不生效,同类百分比总加成软上限35%；行为解锁不重复叠加，只提高决策置信度,将军真实训练、随军、战斗、战役复盘和军衔成长；少量出生天赋可提高出现概率
SK041_一,夜袭营门,初学,伏击奇袭,夜战更偏向小队突击粮车、营门、军旗,"{""night_raid_targeting_pct"": 14.0}",否/间接,否/间接,启用对应战术权重、阈值和状态机分支；技能不只修改面板数值,由地形、敌我兵种、士气、疲劳、补给、阵型与战况触发；不满足场景时不生效,同类百分比总加成软上限35%；行为解锁不重复叠加，只提高决策置信度,将军真实训练、随军、战斗、战役复盘和军衔成长；少量出生天赋可提高出现概率
SK041_二,夜袭营门,精熟,伏击奇袭,夜战更偏向小队突击粮车、营门、军旗,"{""night_raid_targeting_pct"": 21.7}",否/间接,否/间接,启用对应战术权重、阈值和状态机分支；技能不只修改面板数值,由地形、敌我兵种、士气、疲劳、补给、阵型与战况触发；不满足场景时不生效,同类百分比总加成软上限35%；行为解锁不重复叠加，只提高决策置信度,将军真实训练、随军、战斗、战役复盘和军衔成长；少量出生天赋可提高出现概率
SK041_三,夜袭营门,名将,伏击奇袭,夜战更偏向小队突击粮车、营门、军旗,"{""night_raid_targeting_pct"": 29.4}",否/间接,否/间接,启用对应战术权重、阈值和状态机分支；技能不只修改面板数值,由地形、敌我兵种、士气、疲劳、补给、阵型与战况触发；不满足场景时不生效,同类百分比总加成软上限35%；行为解锁不重复叠加，只提高决策置信度,将军真实训练、随军、战斗、战役复盘和军衔成长；少量出生天赋可提高出现概率
SK042_一,林谷伏击,初学,伏击奇袭,森林与山谷伏击时起始士气冲击更高,"{""terrain_ambush_shock_pct"": 10.0}",否/间接,否/间接,启用对应战术权重、阈值和状态机分支；技能不只修改面板数值,由地形、敌我兵种、士气、疲劳、补给、阵型与战况触发；不满足场景时不生效,同类百分比总加成软上限35%；行为解锁不重复叠加，只提高决策置信度,将军真实训练、随军、战斗、战役复盘和军衔成长；少量出生天赋可提高出现概率
SK042_二,林谷伏击,精熟,伏击奇袭,森林与山谷伏击时起始士气冲击更高,"{""terrain_ambush_shock_pct"": 15.5}",否/间接,否/间接,启用对应战术权重、阈值和状态机分支；技能不只修改面板数值,由地形、敌我兵种、士气、疲劳、补给、阵型与战况触发；不满足场景时不生效,同类百分比总加成软上限35%；行为解锁不重复叠加，只提高决策置信度,将军真实训练、随军、战斗、战役复盘和军衔成长；少量出生天赋可提高出现概率
SK042_三,林谷伏击,名将,伏击奇袭,森林与山谷伏击时起始士气冲击更高,"{""terrain_ambush_shock_pct"": 21.0}",否/间接,否/间接,启用对应战术权重、阈值和状态机分支；技能不只修改面板数值,由地形、敌我兵种、士气、疲劳、补给、阵型与战况触发；不满足场景时不生效,同类百分比总加成软上限35%；行为解锁不重复叠加，只提高决策置信度,将军真实训练、随军、战斗、战役复盘和军衔成长；少量出生天赋可提高出现概率
SK043_一,军旗不坠,初学,士气统御,军旗单位存活时周围士气衰减更慢,"{""morale_decay_pct"": -8.0, ""banner_radius_pct"": 10.0}",否/间接,否/间接,启用对应战术权重、阈值和状态机分支；技能不只修改面板数值,由地形、敌我兵种、士气、疲劳、补给、阵型与战况触发；不满足场景时不生效,同类百分比总加成软上限35%；行为解锁不重复叠加，只提高决策置信度,将军真实训练、随军、战斗、战役复盘和军衔成长；少量出生天赋可提高出现概率
SK043_二,军旗不坠,精熟,士气统御,军旗单位存活时周围士气衰减更慢,"{""morale_decay_pct"": -12.4, ""banner_radius_pct"": 15.5}",否/间接,否/间接,启用对应战术权重、阈值和状态机分支；技能不只修改面板数值,由地形、敌我兵种、士气、疲劳、补给、阵型与战况触发；不满足场景时不生效,同类百分比总加成软上限35%；行为解锁不重复叠加，只提高决策置信度,将军真实训练、随军、战斗、战役复盘和军衔成长；少量出生天赋可提高出现概率
SK043_三,军旗不坠,名将,士气统御,军旗单位存活时周围士气衰减更慢,"{""morale_decay_pct"": -16.8, ""banner_radius_pct"": 21.0}",否/间接,否/间接,启用对应战术权重、阈值和状态机分支；技能不只修改面板数值,由地形、敌我兵种、士气、疲劳、补给、阵型与战况触发；不满足场景时不生效,同类百分比总加成软上限35%；行为解锁不重复叠加，只提高决策置信度,将军真实训练、随军、战斗、战役复盘和军衔成长；少量出生天赋可提高出现概率
SK044_一,临阵鼓舞,初学,士气统御,接敌前短时提高初始士气与恐惧抗性,"{""battle_start_morale"": 5.0, ""fear_resist_pct"": 6.0}",否/间接,否/间接,启用对应战术权重、阈值和状态机分支；技能不只修改面板数值,由地形、敌我兵种、士气、疲劳、补给、阵型与战况触发；不满足场景时不生效,同类百分比总加成软上限35%；行为解锁不重复叠加，只提高决策置信度,将军真实训练、随军、战斗、战役复盘和军衔成长；少量出生天赋可提高出现概率
SK044_二,临阵鼓舞,精熟,士气统御,接敌前短时提高初始士气与恐惧抗性,"{""battle_start_morale"": 7.8, ""fear_resist_pct"": 9.3}",否/间接,否/间接,启用对应战术权重、阈值和状态机分支；技能不只修改面板数值,由地形、敌我兵种、士气、疲劳、补给、阵型与战况触发；不满足场景时不生效,同类百分比总加成软上限35%；行为解锁不重复叠加，只提高决策置信度,将军真实训练、随军、战斗、战役复盘和军衔成长；少量出生天赋可提高出现概率
SK044_三,临阵鼓舞,名将,士气统御,接敌前短时提高初始士气与恐惧抗性,"{""battle_start_morale"": 10.5, ""fear_resist_pct"": 12.6}",否/间接,否/间接,启用对应战术权重、阈值和状态机分支；技能不只修改面板数值,由地形、敌我兵种、士气、疲劳、补给、阵型与战况触发；不满足场景时不生效,同类百分比总加成软上限35%；行为解锁不重复叠加，只提高决策置信度,将军真实训练、随军、战斗、战役复盘和军衔成长；少量出生天赋可提高出现概率
SK045_一,整队收兵,初学,士气统御,局部溃兵靠近主将/军旗时更易恢复组织,"{""rally_chance_pct"": 10.0}",否/间接,否/间接,启用对应战术权重、阈值和状态机分支；技能不只修改面板数值,由地形、敌我兵种、士气、疲劳、补给、阵型与战况触发；不满足场景时不生效,同类百分比总加成软上限35%；行为解锁不重复叠加，只提高决策置信度,将军真实训练、随军、战斗、战役复盘和军衔成长；少量出生天赋可提高出现概率
SK045_二,整队收兵,精熟,士气统御,局部溃兵靠近主将/军旗时更易恢复组织,"{""rally_chance_pct"": 15.5}",否/间接,否/间接,启用对应战术权重、阈值和状态机分支；技能不只修改面板数值,由地形、敌我兵种、士气、疲劳、补给、阵型与战况触发；不满足场景时不生效,同类百分比总加成软上限35%；行为解锁不重复叠加，只提高决策置信度,将军真实训练、随军、战斗、战役复盘和军衔成长；少量出生天赋可提高出现概率
SK045_三,整队收兵,名将,士气统御,局部溃兵靠近主将/军旗时更易恢复组织,"{""rally_chance_pct"": 21.0}",否/间接,否/间接,启用对应战术权重、阈值和状态机分支；技能不只修改面板数值,由地形、敌我兵种、士气、疲劳、补给、阵型与战况触发；不满足场景时不生效,同类百分比总加成软上限35%；行为解锁不重复叠加，只提高决策置信度,将军真实训练、随军、战斗、战役复盘和军衔成长；少量出生天赋可提高出现概率
SK046_一,败而复聚,初学,士气统御,撤退后重整速度提高，但不会让零士气单位立刻回战,"{""post_rout_reform_pct"": 12.0}",否/间接,否/间接,启用对应战术权重、阈值和状态机分支；技能不只修改面板数值,由地形、敌我兵种、士气、疲劳、补给、阵型与战况触发；不满足场景时不生效,同类百分比总加成软上限35%；行为解锁不重复叠加，只提高决策置信度,将军真实训练、随军、战斗、战役复盘和军衔成长；少量出生天赋可提高出现概率
SK046_二,败而复聚,精熟,士气统御,撤退后重整速度提高，但不会让零士气单位立刻回战,"{""post_rout_reform_pct"": 18.6}",否/间接,否/间接,启用对应战术权重、阈值和状态机分支；技能不只修改面板数值,由地形、敌我兵种、士气、疲劳、补给、阵型与战况触发；不满足场景时不生效,同类百分比总加成软上限35%；行为解锁不重复叠加，只提高决策置信度,将军真实训练、随军、战斗、战役复盘和军衔成长；少量出生天赋可提高出现概率
SK046_三,败而复聚,名将,士气统御,撤退后重整速度提高，但不会让零士气单位立刻回战,"{""post_rout_reform_pct"": 25.2}",否/间接,否/间接,启用对应战术权重、阈值和状态机分支；技能不只修改面板数值,由地形、敌我兵种、士气、疲劳、补给、阵型与战况触发；不满足场景时不生效,同类百分比总加成软上限35%；行为解锁不重复叠加，只提高决策置信度,将军真实训练、随军、战斗、战役复盘和军衔成长；少量出生天赋可提高出现概率
SK047_一,主将压阵,初学,士气统御,主将在附近时前线更难因局部伤亡立刻崩溃,"{""local_rout_threshold_pct"": -8.0}",否/间接,否/间接,启用对应战术权重、阈值和状态机分支；技能不只修改面板数值,由地形、敌我兵种、士气、疲劳、补给、阵型与战况触发；不满足场景时不生效,同类百分比总加成软上限35%；行为解锁不重复叠加，只提高决策置信度,将军真实训练、随军、战斗、战役复盘和军衔成长；少量出生天赋可提高出现概率
SK047_二,主将压阵,精熟,士气统御,主将在附近时前线更难因局部伤亡立刻崩溃,"{""local_rout_threshold_pct"": -12.4}",否/间接,否/间接,启用对应战术权重、阈值和状态机分支；技能不只修改面板数值,由地形、敌我兵种、士气、疲劳、补给、阵型与战况触发；不满足场景时不生效,同类百分比总加成软上限35%；行为解锁不重复叠加，只提高决策置信度,将军真实训练、随军、战斗、战役复盘和军衔成长；少量出生天赋可提高出现概率
SK047_三,主将压阵,名将,士气统御,主将在附近时前线更难因局部伤亡立刻崩溃,"{""local_rout_threshold_pct"": -16.8}",否/间接,否/间接,启用对应战术权重、阈值和状态机分支；技能不只修改面板数值,由地形、敌我兵种、士气、疲劳、补给、阵型与战况触发；不满足场景时不生效,同类百分比总加成软上限35%；行为解锁不重复叠加，只提高决策置信度,将军真实训练、随军、战斗、战役复盘和军衔成长；少量出生天赋可提高出现概率
SK048_一,背水死守,初学,士气统御,无退路/首都保卫等特殊条件下大幅提高死战概率，伤亡也更高,"{""last_stand_pct"": 18.0, ""last_stand_casualty_pct"": 8.0}",否/间接,否/间接,启用对应战术权重、阈值和状态机分支；技能不只修改面板数值,由地形、敌我兵种、士气、疲劳、补给、阵型与战况触发；不满足场景时不生效,同类百分比总加成软上限35%；行为解锁不重复叠加，只提高决策置信度,将军真实训练、随军、战斗、战役复盘和军衔成长；少量出生天赋可提高出现概率
SK048_二,背水死守,精熟,士气统御,无退路/首都保卫等特殊条件下大幅提高死战概率，伤亡也更高,"{""last_stand_pct"": 27.9, ""last_stand_casualty_pct"": 12.4}",否/间接,否/间接,启用对应战术权重、阈值和状态机分支；技能不只修改面板数值,由地形、敌我兵种、士气、疲劳、补给、阵型与战况触发；不满足场景时不生效,同类百分比总加成软上限35%；行为解锁不重复叠加，只提高决策置信度,将军真实训练、随军、战斗、战役复盘和军衔成长；少量出生天赋可提高出现概率
SK048_三,背水死守,名将,士气统御,无退路/首都保卫等特殊条件下大幅提高死战概率，伤亡也更高,"{""last_stand_pct"": 37.8, ""last_stand_casualty_pct"": 16.8}",否/间接,否/间接,启用对应战术权重、阈值和状态机分支；技能不只修改面板数值,由地形、敌我兵种、士气、疲劳、补给、阵型与战况触发；不满足场景时不生效,同类百分比总加成软上限35%；行为解锁不重复叠加，只提高决策置信度,将军真实训练、随军、战斗、战役复盘和军衔成长；少量出生天赋可提高出现概率
SK049_一,交替掩护,初学,撤退组织,撤退时后队自动掩护前队脱离,"{""withdraw_cohesion_pct"": 12.0, ""withdraw_casualty_pct"": -6.0}",否/间接,否/间接,启用对应战术权重、阈值和状态机分支；技能不只修改面板数值,由地形、敌我兵种、士气、疲劳、补给、阵型与战况触发；不满足场景时不生效,同类百分比总加成软上限35%；行为解锁不重复叠加，只提高决策置信度,将军真实训练、随军、战斗、战役复盘和军衔成长；少量出生天赋可提高出现概率
SK049_二,交替掩护,精熟,撤退组织,撤退时后队自动掩护前队脱离,"{""withdraw_cohesion_pct"": 18.6, ""withdraw_casualty_pct"": -9.3}",否/间接,否/间接,启用对应战术权重、阈值和状态机分支；技能不只修改面板数值,由地形、敌我兵种、士气、疲劳、补给、阵型与战况触发；不满足场景时不生效,同类百分比总加成软上限35%；行为解锁不重复叠加，只提高决策置信度,将军真实训练、随军、战斗、战役复盘和军衔成长；少量出生天赋可提高出现概率
SK049_三,交替掩护,名将,撤退组织,撤退时后队自动掩护前队脱离,"{""withdraw_cohesion_pct"": 25.2, ""withdraw_casualty_pct"": -12.6}",否/间接,否/间接,启用对应战术权重、阈值和状态机分支；技能不只修改面板数值,由地形、敌我兵种、士气、疲劳、补给、阵型与战况触发；不满足场景时不生效,同类百分比总加成软上限35%；行为解锁不重复叠加，只提高决策置信度,将军真实训练、随军、战斗、战役复盘和军衔成长；少量出生天赋可提高出现概率
SK050_一,断后有序,初学,撤退组织,指定精锐断后，主力撤退速度提高,"{""rearguard_efficiency_pct"": 12.0}",否/间接,否/间接,启用对应战术权重、阈值和状态机分支；技能不只修改面板数值,由地形、敌我兵种、士气、疲劳、补给、阵型与战况触发；不满足场景时不生效,同类百分比总加成软上限35%；行为解锁不重复叠加，只提高决策置信度,将军真实训练、随军、战斗、战役复盘和军衔成长；少量出生天赋可提高出现概率
SK050_二,断后有序,精熟,撤退组织,指定精锐断后，主力撤退速度提高,"{""rearguard_efficiency_pct"": 18.6}",否/间接,否/间接,启用对应战术权重、阈值和状态机分支；技能不只修改面板数值,由地形、敌我兵种、士气、疲劳、补给、阵型与战况触发；不满足场景时不生效,同类百分比总加成软上限35%；行为解锁不重复叠加，只提高决策置信度,将军真实训练、随军、战斗、战役复盘和军衔成长；少量出生天赋可提高出现概率
SK050_三,断后有序,名将,撤退组织,指定精锐断后，主力撤退速度提高,"{""rearguard_efficiency_pct"": 25.2}",否/间接,否/间接,启用对应战术权重、阈值和状态机分支；技能不只修改面板数值,由地形、敌我兵种、士气、疲劳、补给、阵型与战况触发；不满足场景时不生效,同类百分比总加成软上限35%；行为解锁不重复叠加，只提高决策置信度,将军真实训练、随军、战斗、战役复盘和军衔成长；少量出生天赋可提高出现概率
SK051_一,逐次脱离,初学,撤退组织,按小队顺序脱离，减少全线同时转身造成的崩溃,"{""staged_withdraw_pct"": 14.0}",否/间接,否/间接,启用对应战术权重、阈值和状态机分支；技能不只修改面板数值,由地形、敌我兵种、士气、疲劳、补给、阵型与战况触发；不满足场景时不生效,同类百分比总加成软上限35%；行为解锁不重复叠加，只提高决策置信度,将军真实训练、随军、战斗、战役复盘和军衔成长；少量出生天赋可提高出现概率
SK051_二,逐次脱离,精熟,撤退组织,按小队顺序脱离，减少全线同时转身造成的崩溃,"{""staged_withdraw_pct"": 21.7}",否/间接,否/间接,启用对应战术权重、阈值和状态机分支；技能不只修改面板数值,由地形、敌我兵种、士气、疲劳、补给、阵型与战况触发；不满足场景时不生效,同类百分比总加成软上限35%；行为解锁不重复叠加，只提高决策置信度,将军真实训练、随军、战斗、战役复盘和军衔成长；少量出生天赋可提高出现概率
SK051_三,逐次脱离,名将,撤退组织,按小队顺序脱离，减少全线同时转身造成的崩溃,"{""staged_withdraw_pct"": 29.4}",否/间接,否/间接,启用对应战术权重、阈值和状态机分支；技能不只修改面板数值,由地形、敌我兵种、士气、疲劳、补给、阵型与战况触发；不满足场景时不生效,同类百分比总加成软上限35%；行为解锁不重复叠加，只提高决策置信度,将军真实训练、随军、战斗、战役复盘和军衔成长；少量出生天赋可提高出现概率
SK052_一,撤骑护步,初学,撤退组织,骑兵在撤退时自动掩护步兵侧翼,"{""cavalry_cover_withdraw_pct"": 14.0}",否/间接,否/间接,启用对应战术权重、阈值和状态机分支；技能不只修改面板数值,由地形、敌我兵种、士气、疲劳、补给、阵型与战况触发；不满足场景时不生效,同类百分比总加成软上限35%；行为解锁不重复叠加，只提高决策置信度,将军真实训练、随军、战斗、战役复盘和军衔成长；少量出生天赋可提高出现概率
SK052_二,撤骑护步,精熟,撤退组织,骑兵在撤退时自动掩护步兵侧翼,"{""cavalry_cover_withdraw_pct"": 21.7}",否/间接,否/间接,启用对应战术权重、阈值和状态机分支；技能不只修改面板数值,由地形、敌我兵种、士气、疲劳、补给、阵型与战况触发；不满足场景时不生效,同类百分比总加成软上限35%；行为解锁不重复叠加，只提高决策置信度,将军真实训练、随军、战斗、战役复盘和军衔成长；少量出生天赋可提高出现概率
SK052_三,撤骑护步,名将,撤退组织,骑兵在撤退时自动掩护步兵侧翼,"{""cavalry_cover_withdraw_pct"": 29.4}",否/间接,否/间接,启用对应战术权重、阈值和状态机分支；技能不只修改面板数值,由地形、敌我兵种、士气、疲劳、补给、阵型与战况触发；不满足场景时不生效,同类百分比总加成软上限35%；行为解锁不重复叠加，只提高决策置信度,将军真实训练、随军、战斗、战役复盘和军衔成长；少量出生天赋可提高出现概率
SK053_一,弃辎保军,初学,撤退组织,极端情况下允许抛弃辎重换取撤退速度,"{""emergency_withdraw_speed_pct"": 12.0, ""supply_loss_pct"": 10.0}",否/间接,是,启用对应战术权重、阈值和状态机分支；技能不只修改面板数值,由地形、敌我兵种、士气、疲劳、补给、阵型与战况触发；不满足场景时不生效,同类百分比总加成软上限35%；行为解锁不重复叠加，只提高决策置信度,将军真实训练、随军、战斗、战役复盘和军衔成长；少量出生天赋可提高出现概率
SK053_二,弃辎保军,精熟,撤退组织,极端情况下允许抛弃辎重换取撤退速度,"{""emergency_withdraw_speed_pct"": 18.6, ""supply_loss_pct"": 15.5}",否/间接,是,启用对应战术权重、阈值和状态机分支；技能不只修改面板数值,由地形、敌我兵种、士气、疲劳、补给、阵型与战况触发；不满足场景时不生效,同类百分比总加成软上限35%；行为解锁不重复叠加，只提高决策置信度,将军真实训练、随军、战斗、战役复盘和军衔成长；少量出生天赋可提高出现概率
SK053_三,弃辎保军,名将,撤退组织,极端情况下允许抛弃辎重换取撤退速度,"{""emergency_withdraw_speed_pct"": 25.2, ""supply_loss_pct"": 21.0}",否/间接,是,启用对应战术权重、阈值和状态机分支；技能不只修改面板数值,由地形、敌我兵种、士气、疲劳、补给、阵型与战况触发；不满足场景时不生效,同类百分比总加成软上限35%；行为解锁不重复叠加，只提高决策置信度,将军真实训练、随军、战斗、战役复盘和军衔成长；少量出生天赋可提高出现概率
SK054_一,收拢散兵,初学,撤退组织,撤退路线上自动吸收零散友军，提高战后保留率,"{""straggler_recover_pct"": 12.0}",否/间接,否/间接,启用对应战术权重、阈值和状态机分支；技能不只修改面板数值,由地形、敌我兵种、士气、疲劳、补给、阵型与战况触发；不满足场景时不生效,同类百分比总加成软上限35%；行为解锁不重复叠加，只提高决策置信度,将军真实训练、随军、战斗、战役复盘和军衔成长；少量出生天赋可提高出现概率
SK054_二,收拢散兵,精熟,撤退组织,撤退路线上自动吸收零散友军，提高战后保留率,"{""straggler_recover_pct"": 18.6}",否/间接,否/间接,启用对应战术权重、阈值和状态机分支；技能不只修改面板数值,由地形、敌我兵种、士气、疲劳、补给、阵型与战况触发；不满足场景时不生效,同类百分比总加成软上限35%；行为解锁不重复叠加，只提高决策置信度,将军真实训练、随军、战斗、战役复盘和军衔成长；少量出生天赋可提高出现概率
SK054_三,收拢散兵,名将,撤退组织,撤退路线上自动吸收零散友军，提高战后保留率,"{""straggler_recover_pct"": 25.2}",否/间接,否/间接,启用对应战术权重、阈值和状态机分支；技能不只修改面板数值,由地形、敌我兵种、士气、疲劳、补给、阵型与战况触发；不满足场景时不生效,同类百分比总加成软上限35%；行为解锁不重复叠加，只提高决策置信度,将军真实训练、随军、战斗、战役复盘和军衔成长；少量出生天赋可提高出现概率
SK055_一,轻骑逐北,初学,追击控制,轻骑追击溃兵效率提高,"{""pursuit_speed_pct"": 8.0, ""rout_capture_pct"": 6.0}",否/间接,是,启用对应战术权重、阈值和状态机分支；技能不只修改面板数值,由地形、敌我兵种、士气、疲劳、补给、阵型与战况触发；不满足场景时不生效,同类百分比总加成软上限35%；行为解锁不重复叠加，只提高决策置信度,将军真实训练、随军、战斗、战役复盘和军衔成长；少量出生天赋可提高出现概率
SK055_二,轻骑逐北,精熟,追击控制,轻骑追击溃兵效率提高,"{""pursuit_speed_pct"": 12.4, ""rout_capture_pct"": 9.3}",否/间接,是,启用对应战术权重、阈值和状态机分支；技能不只修改面板数值,由地形、敌我兵种、士气、疲劳、补给、阵型与战况触发；不满足场景时不生效,同类百分比总加成软上限35%；行为解锁不重复叠加，只提高决策置信度,将军真实训练、随军、战斗、战役复盘和军衔成长；少量出生天赋可提高出现概率
SK055_三,轻骑逐北,名将,追击控制,轻骑追击溃兵效率提高,"{""pursuit_speed_pct"": 16.8, ""rout_capture_pct"": 12.6}",否/间接,是,启用对应战术权重、阈值和状态机分支；技能不只修改面板数值,由地形、敌我兵种、士气、疲劳、补给、阵型与战况触发；不满足场景时不生效,同类百分比总加成软上限35%；行为解锁不重复叠加，只提高决策置信度,将军真实训练、随军、战斗、战役复盘和军衔成长；少量出生天赋可提高出现概率
SK056_一,步卒止追,初学,追击控制,步兵追击距离受控，减少队形散乱,"{""infantry_overpursuit_pct"": -14.0}",否/间接,否/间接,启用对应战术权重、阈值和状态机分支；技能不只修改面板数值,由地形、敌我兵种、士气、疲劳、补给、阵型与战况触发；不满足场景时不生效,同类百分比总加成软上限35%；行为解锁不重复叠加，只提高决策置信度,将军真实训练、随军、战斗、战役复盘和军衔成长；少量出生天赋可提高出现概率
SK056_二,步卒止追,精熟,追击控制,步兵追击距离受控，减少队形散乱,"{""infantry_overpursuit_pct"": -21.7}",否/间接,否/间接,启用对应战术权重、阈值和状态机分支；技能不只修改面板数值,由地形、敌我兵种、士气、疲劳、补给、阵型与战况触发；不满足场景时不生效,同类百分比总加成软上限35%；行为解锁不重复叠加，只提高决策置信度,将军真实训练、随军、战斗、战役复盘和军衔成长；少量出生天赋可提高出现概率
SK056_三,步卒止追,名将,追击控制,步兵追击距离受控，减少队形散乱,"{""infantry_overpursuit_pct"": -29.4}",否/间接,否/间接,启用对应战术权重、阈值和状态机分支；技能不只修改面板数值,由地形、敌我兵种、士气、疲劳、补给、阵型与战况触发；不满足场景时不生效,同类百分比总加成软上限35%；行为解锁不重复叠加，只提高决策置信度,将军真实训练、随军、战斗、战役复盘和军衔成长；少量出生天赋可提高出现概率
SK057_一,分队截逃,初学,追击控制,小队绕路封堵敌军撤退方向,"{""intercept_rout_pct"": 12.0}",否/间接,否/间接,启用对应战术权重、阈值和状态机分支；技能不只修改面板数值,由地形、敌我兵种、士气、疲劳、补给、阵型与战况触发；不满足场景时不生效,同类百分比总加成软上限35%；行为解锁不重复叠加，只提高决策置信度,将军真实训练、随军、战斗、战役复盘和军衔成长；少量出生天赋可提高出现概率
SK057_二,分队截逃,精熟,追击控制,小队绕路封堵敌军撤退方向,"{""intercept_rout_pct"": 18.6}",否/间接,否/间接,启用对应战术权重、阈值和状态机分支；技能不只修改面板数值,由地形、敌我兵种、士气、疲劳、补给、阵型与战况触发；不满足场景时不生效,同类百分比总加成软上限35%；行为解锁不重复叠加，只提高决策置信度,将军真实训练、随军、战斗、战役复盘和军衔成长；少量出生天赋可提高出现概率
SK057_三,分队截逃,名将,追击控制,小队绕路封堵敌军撤退方向,"{""intercept_rout_pct"": 25.2}",否/间接,否/间接,启用对应战术权重、阈值和状态机分支；技能不只修改面板数值,由地形、敌我兵种、士气、疲劳、补给、阵型与战况触发；不满足场景时不生效,同类百分比总加成软上限35%；行为解锁不重复叠加，只提高决策置信度,将军真实训练、随军、战斗、战役复盘和军衔成长；少量出生天赋可提高出现概率
SK058_一,识破诈败,初学,追击控制,降低被假退反包围的概率,"{""feigned_retreat_detect_pct"": 14.0}",否/间接,否/间接,启用对应战术权重、阈值和状态机分支；技能不只修改面板数值,由地形、敌我兵种、士气、疲劳、补给、阵型与战况触发；不满足场景时不生效,同类百分比总加成软上限35%；行为解锁不重复叠加，只提高决策置信度,将军真实训练、随军、战斗、战役复盘和军衔成长；少量出生天赋可提高出现概率
SK058_二,识破诈败,精熟,追击控制,降低被假退反包围的概率,"{""feigned_retreat_detect_pct"": 21.7}",否/间接,否/间接,启用对应战术权重、阈值和状态机分支；技能不只修改面板数值,由地形、敌我兵种、士气、疲劳、补给、阵型与战况触发；不满足场景时不生效,同类百分比总加成软上限35%；行为解锁不重复叠加，只提高决策置信度,将军真实训练、随军、战斗、战役复盘和军衔成长；少量出生天赋可提高出现概率
SK058_三,识破诈败,名将,追击控制,降低被假退反包围的概率,"{""feigned_retreat_detect_pct"": 29.4}",否/间接,否/间接,启用对应战术权重、阈值和状态机分支；技能不只修改面板数值,由地形、敌我兵种、士气、疲劳、补给、阵型与战况触发；不满足场景时不生效,同类百分比总加成软上限35%；行为解锁不重复叠加，只提高决策置信度,将军真实训练、随军、战斗、战役复盘和军衔成长；少量出生天赋可提高出现概率
SK059_一,扩大战果,初学,追击控制,敌军全线崩溃后提高俘虏与缴获，但更耗体力,"{""capture_pct"": 8.0, ""loot_pct"": 6.0, ""pursuit_fatigue_pct"": 5.0}",否/间接,否/间接,启用对应战术权重、阈值和状态机分支；技能不只修改面板数值,由地形、敌我兵种、士气、疲劳、补给、阵型与战况触发；不满足场景时不生效,同类百分比总加成软上限35%；行为解锁不重复叠加，只提高决策置信度,将军真实训练、随军、战斗、战役复盘和军衔成长；少量出生天赋可提高出现概率
SK059_二,扩大战果,精熟,追击控制,敌军全线崩溃后提高俘虏与缴获，但更耗体力,"{""capture_pct"": 12.4, ""loot_pct"": 9.3, ""pursuit_fatigue_pct"": 7.8}",否/间接,否/间接,启用对应战术权重、阈值和状态机分支；技能不只修改面板数值,由地形、敌我兵种、士气、疲劳、补给、阵型与战况触发；不满足场景时不生效,同类百分比总加成软上限35%；行为解锁不重复叠加，只提高决策置信度,将军真实训练、随军、战斗、战役复盘和军衔成长；少量出生天赋可提高出现概率
SK059_三,扩大战果,名将,追击控制,敌军全线崩溃后提高俘虏与缴获，但更耗体力,"{""capture_pct"": 16.8, ""loot_pct"": 12.6, ""pursuit_fatigue_pct"": 10.5}",否/间接,否/间接,启用对应战术权重、阈值和状态机分支；技能不只修改面板数值,由地形、敌我兵种、士气、疲劳、补给、阵型与战况触发；不满足场景时不生效,同类百分比总加成软上限35%；行为解锁不重复叠加，只提高决策置信度,将军真实训练、随军、战斗、战役复盘和军衔成长；少量出生天赋可提高出现概率
SK060_一,及时收缰,初学,追击控制,追击达到风险阈值后自动召回，减少反伏击,"{""pursuit_recall_pct"": 14.0}",否/间接,否/间接,启用对应战术权重、阈值和状态机分支；技能不只修改面板数值,由地形、敌我兵种、士气、疲劳、补给、阵型与战况触发；不满足场景时不生效,同类百分比总加成软上限35%；行为解锁不重复叠加，只提高决策置信度,将军真实训练、随军、战斗、战役复盘和军衔成长；少量出生天赋可提高出现概率
SK060_二,及时收缰,精熟,追击控制,追击达到风险阈值后自动召回，减少反伏击,"{""pursuit_recall_pct"": 21.7}",否/间接,否/间接,启用对应战术权重、阈值和状态机分支；技能不只修改面板数值,由地形、敌我兵种、士气、疲劳、补给、阵型与战况触发；不满足场景时不生效,同类百分比总加成软上限35%；行为解锁不重复叠加，只提高决策置信度,将军真实训练、随军、战斗、战役复盘和军衔成长；少量出生天赋可提高出现概率
SK060_三,及时收缰,名将,追击控制,追击达到风险阈值后自动召回，减少反伏击,"{""pursuit_recall_pct"": 29.4}",否/间接,否/间接,启用对应战术权重、阈值和状态机分支；技能不只修改面板数值,由地形、敌我兵种、士气、疲劳、补给、阵型与战况触发；不满足场景时不生效,同类百分比总加成软上限35%；行为解锁不重复叠加，只提高决策置信度,将军真实训练、随军、战斗、战役复盘和军衔成长；少量出生天赋可提高出现概率
SK061_一,减耗配粮,初学,后勤筹措,按兵种与天气分配口粮，降低浪费,"{""food_consumption_pct"": -6.0}",否/间接,否/间接,启用对应战术权重、阈值和状态机分支；技能不只修改面板数值,由地形、敌我兵种、士气、疲劳、补给、阵型与战况触发；不满足场景时不生效,同类百分比总加成软上限35%；行为解锁不重复叠加，只提高决策置信度,将军真实训练、随军、战斗、战役复盘和军衔成长；少量出生天赋可提高出现概率
SK061_二,减耗配粮,精熟,后勤筹措,按兵种与天气分配口粮，降低浪费,"{""food_consumption_pct"": -9.3}",否/间接,否/间接,启用对应战术权重、阈值和状态机分支；技能不只修改面板数值,由地形、敌我兵种、士气、疲劳、补给、阵型与战况触发；不满足场景时不生效,同类百分比总加成软上限35%；行为解锁不重复叠加，只提高决策置信度,将军真实训练、随军、战斗、战役复盘和军衔成长；少量出生天赋可提高出现概率
SK061_三,减耗配粮,名将,后勤筹措,按兵种与天气分配口粮，降低浪费,"{""food_consumption_pct"": -12.6}",否/间接,否/间接,启用对应战术权重、阈值和状态机分支；技能不只修改面板数值,由地形、敌我兵种、士气、疲劳、补给、阵型与战况触发；不满足场景时不生效,同类百分比总加成软上限35%；行为解锁不重复叠加，只提高决策置信度,将军真实训练、随军、战斗、战役复盘和军衔成长；少量出生天赋可提高出现概率
SK062_一,分仓随军,初学,后勤筹措,补给分散到多个小粮队，单点损失降低,"{""supply_loss_on_raid_pct"": -10.0}",否/间接,否/间接,启用对应战术权重、阈值和状态机分支；技能不只修改面板数值,由地形、敌我兵种、士气、疲劳、补给、阵型与战况触发；不满足场景时不生效,同类百分比总加成软上限35%；行为解锁不重复叠加，只提高决策置信度,将军真实训练、随军、战斗、战役复盘和军衔成长；少量出生天赋可提高出现概率
SK062_二,分仓随军,精熟,后勤筹措,补给分散到多个小粮队，单点损失降低,"{""supply_loss_on_raid_pct"": -15.5}",否/间接,否/间接,启用对应战术权重、阈值和状态机分支；技能不只修改面板数值,由地形、敌我兵种、士气、疲劳、补给、阵型与战况触发；不满足场景时不生效,同类百分比总加成软上限35%；行为解锁不重复叠加，只提高决策置信度,将军真实训练、随军、战斗、战役复盘和军衔成长；少量出生天赋可提高出现概率
SK062_三,分仓随军,名将,后勤筹措,补给分散到多个小粮队，单点损失降低,"{""supply_loss_on_raid_pct"": -21.0}",否/间接,否/间接,启用对应战术权重、阈值和状态机分支；技能不只修改面板数值,由地形、敌我兵种、士气、疲劳、补给、阵型与战况触发；不满足场景时不生效,同类百分比总加成软上限35%；行为解锁不重复叠加，只提高决策置信度,将军真实训练、随军、战斗、战役复盘和军衔成长；少量出生天赋可提高出现概率
SK063_一,牲畜轮换,初学,后勤筹措,马匹和驮畜轮换，提高长途持续性,"{""animal_fatigue_pct"": -10.0}",否/间接,否/间接,启用对应战术权重、阈值和状态机分支；技能不只修改面板数值,由地形、敌我兵种、士气、疲劳、补给、阵型与战况触发；不满足场景时不生效,同类百分比总加成软上限35%；行为解锁不重复叠加，只提高决策置信度,将军真实训练、随军、战斗、战役复盘和军衔成长；少量出生天赋可提高出现概率
SK063_二,牲畜轮换,精熟,后勤筹措,马匹和驮畜轮换，提高长途持续性,"{""animal_fatigue_pct"": -15.5}",否/间接,否/间接,启用对应战术权重、阈值和状态机分支；技能不只修改面板数值,由地形、敌我兵种、士气、疲劳、补给、阵型与战况触发；不满足场景时不生效,同类百分比总加成软上限35%；行为解锁不重复叠加，只提高决策置信度,将军真实训练、随军、战斗、战役复盘和军衔成长；少量出生天赋可提高出现概率
SK063_三,牲畜轮换,名将,后勤筹措,马匹和驮畜轮换，提高长途持续性,"{""animal_fatigue_pct"": -21.0}",否/间接,否/间接,启用对应战术权重、阈值和状态机分支；技能不只修改面板数值,由地形、敌我兵种、士气、疲劳、补给、阵型与战况触发；不满足场景时不生效,同类百分比总加成软上限35%；行为解锁不重复叠加，只提高决策置信度,将军真实训练、随军、战斗、战役复盘和军衔成长；少量出生天赋可提高出现概率
SK064_一,战地采办,初学,后勤筹措,友方/中立地区更有效采购补给，但增加军资支出,"{""local_supply_pct"": 10.0, ""gold_supply_cost_pct"": 6.0}",否/间接,否/间接,启用对应战术权重、阈值和状态机分支；技能不只修改面板数值,由地形、敌我兵种、士气、疲劳、补给、阵型与战况触发；不满足场景时不生效,同类百分比总加成软上限35%；行为解锁不重复叠加，只提高决策置信度,将军真实训练、随军、战斗、战役复盘和军衔成长；少量出生天赋可提高出现概率
SK064_二,战地采办,精熟,后勤筹措,友方/中立地区更有效采购补给，但增加军资支出,"{""local_supply_pct"": 15.5, ""gold_supply_cost_pct"": 9.3}",否/间接,否/间接,启用对应战术权重、阈值和状态机分支；技能不只修改面板数值,由地形、敌我兵种、士气、疲劳、补给、阵型与战况触发；不满足场景时不生效,同类百分比总加成软上限35%；行为解锁不重复叠加，只提高决策置信度,将军真实训练、随军、战斗、战役复盘和军衔成长；少量出生天赋可提高出现概率
SK064_三,战地采办,名将,后勤筹措,友方/中立地区更有效采购补给，但增加军资支出,"{""local_supply_pct"": 21.0, ""gold_supply_cost_pct"": 12.6}",否/间接,否/间接,启用对应战术权重、阈值和状态机分支；技能不只修改面板数值,由地形、敌我兵种、士气、疲劳、补给、阵型与战况触发；不满足场景时不生效,同类百分比总加成软上限35%；行为解锁不重复叠加，只提高决策置信度,将军真实训练、随军、战斗、战役复盘和军衔成长；少量出生天赋可提高出现概率
SK065_一,粮道护卫,初学,后勤筹措,自动给辎重配置护卫并提高遭袭反应,"{""supply_guard_pct"": 12.0}",否/间接,否/间接,启用对应战术权重、阈值和状态机分支；技能不只修改面板数值,由地形、敌我兵种、士气、疲劳、补给、阵型与战况触发；不满足场景时不生效,同类百分比总加成软上限35%；行为解锁不重复叠加，只提高决策置信度,将军真实训练、随军、战斗、战役复盘和军衔成长；少量出生天赋可提高出现概率
SK065_二,粮道护卫,精熟,后勤筹措,自动给辎重配置护卫并提高遭袭反应,"{""supply_guard_pct"": 18.6}",否/间接,否/间接,启用对应战术权重、阈值和状态机分支；技能不只修改面板数值,由地形、敌我兵种、士气、疲劳、补给、阵型与战况触发；不满足场景时不生效,同类百分比总加成软上限35%；行为解锁不重复叠加，只提高决策置信度,将军真实训练、随军、战斗、战役复盘和军衔成长；少量出生天赋可提高出现概率
SK065_三,粮道护卫,名将,后勤筹措,自动给辎重配置护卫并提高遭袭反应,"{""supply_guard_pct"": 25.2}",否/间接,否/间接,启用对应战术权重、阈值和状态机分支；技能不只修改面板数值,由地形、敌我兵种、士气、疲劳、补给、阵型与战况触发；不满足场景时不生效,同类百分比总加成软上限35%；行为解锁不重复叠加，只提高决策置信度,将军真实训练、随军、战斗、战役复盘和军衔成长；少量出生天赋可提高出现概率
SK066_一,远征整补,初学,后勤筹措,长距离行军中设临时整补点，降低连续作战惩罚,"{""expedition_recovery_pct"": 10.0}",否/间接,否/间接,启用对应战术权重、阈值和状态机分支；技能不只修改面板数值,由地形、敌我兵种、士气、疲劳、补给、阵型与战况触发；不满足场景时不生效,同类百分比总加成软上限35%；行为解锁不重复叠加，只提高决策置信度,将军真实训练、随军、战斗、战役复盘和军衔成长；少量出生天赋可提高出现概率
SK066_二,远征整补,精熟,后勤筹措,长距离行军中设临时整补点，降低连续作战惩罚,"{""expedition_recovery_pct"": 15.5}",否/间接,否/间接,启用对应战术权重、阈值和状态机分支；技能不只修改面板数值,由地形、敌我兵种、士气、疲劳、补给、阵型与战况触发；不满足场景时不生效,同类百分比总加成软上限35%；行为解锁不重复叠加，只提高决策置信度,将军真实训练、随军、战斗、战役复盘和军衔成长；少量出生天赋可提高出现概率
SK066_三,远征整补,名将,后勤筹措,长距离行军中设临时整补点，降低连续作战惩罚,"{""expedition_recovery_pct"": 21.0}",否/间接,否/间接,启用对应战术权重、阈值和状态机分支；技能不只修改面板数值,由地形、敌我兵种、士气、疲劳、补给、阵型与战况触发；不满足场景时不生效,同类百分比总加成软上限35%；行为解锁不重复叠加，只提高决策置信度,将军真实训练、随军、战斗、战役复盘和军衔成长；少量出生天赋可提高出现概率
SK067_一,工兵随军,初学,工程营造,军队中工兵任务切换更快,"{""engineer_task_speed_pct"": 10.0}",否/间接,是,启用对应战术权重、阈值和状态机分支；技能不只修改面板数值,由地形、敌我兵种、士气、疲劳、补给、阵型与战况触发；不满足场景时不生效,同类百分比总加成软上限35%；行为解锁不重复叠加，只提高决策置信度,将军真实训练、随军、战斗、战役复盘和军衔成长；少量出生天赋可提高出现概率
SK067_二,工兵随军,精熟,工程营造,军队中工兵任务切换更快,"{""engineer_task_speed_pct"": 15.5}",否/间接,是,启用对应战术权重、阈值和状态机分支；技能不只修改面板数值,由地形、敌我兵种、士气、疲劳、补给、阵型与战况触发；不满足场景时不生效,同类百分比总加成软上限35%；行为解锁不重复叠加，只提高决策置信度,将军真实训练、随军、战斗、战役复盘和军衔成长；少量出生天赋可提高出现概率
SK067_三,工兵随军,名将,工程营造,军队中工兵任务切换更快,"{""engineer_task_speed_pct"": 21.0}",否/间接,是,启用对应战术权重、阈值和状态机分支；技能不只修改面板数值,由地形、敌我兵种、士气、疲劳、补给、阵型与战况触发；不满足场景时不生效,同类百分比总加成软上限35%；行为解锁不重复叠加，只提高决策置信度,将军真实训练、随军、战斗、战役复盘和军衔成长；少量出生天赋可提高出现概率
SK068_一,急造浮桥,初学,工程营造,临时渡河设施建造更快但耐久较低,"{""pontoon_build_pct"": 14.0, ""temporary_bridge_durability_pct"": -5.0}",否/间接,否/间接,启用对应战术权重、阈值和状态机分支；技能不只修改面板数值,由地形、敌我兵种、士气、疲劳、补给、阵型与战况触发；不满足场景时不生效,同类百分比总加成软上限35%；行为解锁不重复叠加，只提高决策置信度,将军真实训练、随军、战斗、战役复盘和军衔成长；少量出生天赋可提高出现概率
SK068_二,急造浮桥,精熟,工程营造,临时渡河设施建造更快但耐久较低,"{""pontoon_build_pct"": 21.7, ""temporary_bridge_durability_pct"": -7.8}",否/间接,否/间接,启用对应战术权重、阈值和状态机分支；技能不只修改面板数值,由地形、敌我兵种、士气、疲劳、补给、阵型与战况触发；不满足场景时不生效,同类百分比总加成软上限35%；行为解锁不重复叠加，只提高决策置信度,将军真实训练、随军、战斗、战役复盘和军衔成长；少量出生天赋可提高出现概率
SK068_三,急造浮桥,名将,工程营造,临时渡河设施建造更快但耐久较低,"{""pontoon_build_pct"": 29.4, ""temporary_bridge_durability_pct"": -10.5}",否/间接,否/间接,启用对应战术权重、阈值和状态机分支；技能不只修改面板数值,由地形、敌我兵种、士气、疲劳、补给、阵型与战况触发；不满足场景时不生效,同类百分比总加成软上限35%；行为解锁不重复叠加，只提高决策置信度,将军真实训练、随军、战斗、战役复盘和军衔成长；少量出生天赋可提高出现概率
SK069_一,营寨构筑,初学,工程营造,扎营时更快形成简易防御,"{""camp_build_pct"": 12.0, ""camp_defense_pct"": 8.0}",否/间接,否/间接,启用对应战术权重、阈值和状态机分支；技能不只修改面板数值,由地形、敌我兵种、士气、疲劳、补给、阵型与战况触发；不满足场景时不生效,同类百分比总加成软上限35%；行为解锁不重复叠加，只提高决策置信度,将军真实训练、随军、战斗、战役复盘和军衔成长；少量出生天赋可提高出现概率
SK069_二,营寨构筑,精熟,工程营造,扎营时更快形成简易防御,"{""camp_build_pct"": 18.6, ""camp_defense_pct"": 12.4}",否/间接,否/间接,启用对应战术权重、阈值和状态机分支；技能不只修改面板数值,由地形、敌我兵种、士气、疲劳、补给、阵型与战况触发；不满足场景时不生效,同类百分比总加成软上限35%；行为解锁不重复叠加，只提高决策置信度,将军真实训练、随军、战斗、战役复盘和军衔成长；少量出生天赋可提高出现概率
SK069_三,营寨构筑,名将,工程营造,扎营时更快形成简易防御,"{""camp_build_pct"": 25.2, ""camp_defense_pct"": 16.8}",否/间接,否/间接,启用对应战术权重、阈值和状态机分支；技能不只修改面板数值,由地形、敌我兵种、士气、疲劳、补给、阵型与战况触发；不满足场景时不生效,同类百分比总加成软上限35%；行为解锁不重复叠加，只提高决策置信度,将军真实训练、随军、战斗、战役复盘和军衔成长；少量出生天赋可提高出现概率
SK070_一,堑壕固守,初学,工程营造,防守停留足够时间后可构筑浅壕与路障,"{""fieldwork_speed_pct"": 10.0}",否/间接,是,启用对应战术权重、阈值和状态机分支；技能不只修改面板数值,由地形、敌我兵种、士气、疲劳、补给、阵型与战况触发；不满足场景时不生效,同类百分比总加成软上限35%；行为解锁不重复叠加，只提高决策置信度,将军真实训练、随军、战斗、战役复盘和军衔成长；少量出生天赋可提高出现概率
SK070_二,堑壕固守,精熟,工程营造,防守停留足够时间后可构筑浅壕与路障,"{""fieldwork_speed_pct"": 15.5}",否/间接,是,启用对应战术权重、阈值和状态机分支；技能不只修改面板数值,由地形、敌我兵种、士气、疲劳、补给、阵型与战况触发；不满足场景时不生效,同类百分比总加成软上限35%；行为解锁不重复叠加，只提高决策置信度,将军真实训练、随军、战斗、战役复盘和军衔成长；少量出生天赋可提高出现概率
SK070_三,堑壕固守,名将,工程营造,防守停留足够时间后可构筑浅壕与路障,"{""fieldwork_speed_pct"": 21.0}",否/间接,是,启用对应战术权重、阈值和状态机分支；技能不只修改面板数值,由地形、敌我兵种、士气、疲劳、补给、阵型与战况触发；不满足场景时不生效,同类百分比总加成软上限35%；行为解锁不重复叠加，只提高决策置信度,将军真实训练、随军、战斗、战役复盘和军衔成长；少量出生天赋可提高出现概率
SK071_一,城门破拆,初学,工程营造,工兵对城门、障碍伤害提高,"{""gate_damage_pct"": 10.0}",是,否/间接,启用对应战术权重、阈值和状态机分支；技能不只修改面板数值,由地形、敌我兵种、士气、疲劳、补给、阵型与战况触发；不满足场景时不生效,同类百分比总加成软上限35%；行为解锁不重复叠加，只提高决策置信度,将军真实训练、随军、战斗、战役复盘和军衔成长；少量出生天赋可提高出现概率
SK071_二,城门破拆,精熟,工程营造,工兵对城门、障碍伤害提高,"{""gate_damage_pct"": 15.5}",是,否/间接,启用对应战术权重、阈值和状态机分支；技能不只修改面板数值,由地形、敌我兵种、士气、疲劳、补给、阵型与战况触发；不满足场景时不生效,同类百分比总加成软上限35%；行为解锁不重复叠加，只提高决策置信度,将军真实训练、随军、战斗、战役复盘和军衔成长；少量出生天赋可提高出现概率
SK071_三,城门破拆,名将,工程营造,工兵对城门、障碍伤害提高,"{""gate_damage_pct"": 21.0}",是,否/间接,启用对应战术权重、阈值和状态机分支；技能不只修改面板数值,由地形、敌我兵种、士气、疲劳、补给、阵型与战况触发；不满足场景时不生效,同类百分比总加成软上限35%；行为解锁不重复叠加，只提高决策置信度,将军真实训练、随军、战斗、战役复盘和军衔成长；少量出生天赋可提高出现概率
SK072_一,路障清除,初学,工程营造,清除树障、拒马、瓦砾更快,"{""obstacle_clear_pct"": 14.0}",否/间接,否/间接,启用对应战术权重、阈值和状态机分支；技能不只修改面板数值,由地形、敌我兵种、士气、疲劳、补给、阵型与战况触发；不满足场景时不生效,同类百分比总加成软上限35%；行为解锁不重复叠加，只提高决策置信度,将军真实训练、随军、战斗、战役复盘和军衔成长；少量出生天赋可提高出现概率
SK072_二,路障清除,精熟,工程营造,清除树障、拒马、瓦砾更快,"{""obstacle_clear_pct"": 21.7}",否/间接,否/间接,启用对应战术权重、阈值和状态机分支；技能不只修改面板数值,由地形、敌我兵种、士气、疲劳、补给、阵型与战况触发；不满足场景时不生效,同类百分比总加成软上限35%；行为解锁不重复叠加，只提高决策置信度,将军真实训练、随军、战斗、战役复盘和军衔成长；少量出生天赋可提高出现概率
SK072_三,路障清除,名将,工程营造,清除树障、拒马、瓦砾更快,"{""obstacle_clear_pct"": 29.4}",否/间接,否/间接,启用对应战术权重、阈值和状态机分支；技能不只修改面板数值,由地形、敌我兵种、士气、疲劳、补给、阵型与战况触发；不满足场景时不生效,同类百分比总加成软上限35%；行为解锁不重复叠加，只提高决策置信度,将军真实训练、随军、战斗、战役复盘和军衔成长；少量出生天赋可提高出现概率
SK073_一,围城封锁,初学,攻城统御,围城时减少守军获得外部粮食,"{""siege_blockade_pct"": 10.0}",否/间接,否/间接,启用对应战术权重、阈值和状态机分支；技能不只修改面板数值,由地形、敌我兵种、士气、疲劳、补给、阵型与战况触发；不满足场景时不生效,同类百分比总加成软上限35%；行为解锁不重复叠加，只提高决策置信度,将军真实训练、随军、战斗、战役复盘和军衔成长；少量出生天赋可提高出现概率
SK073_二,围城封锁,精熟,攻城统御,围城时减少守军获得外部粮食,"{""siege_blockade_pct"": 15.5}",否/间接,否/间接,启用对应战术权重、阈值和状态机分支；技能不只修改面板数值,由地形、敌我兵种、士气、疲劳、补给、阵型与战况触发；不满足场景时不生效,同类百分比总加成软上限35%；行为解锁不重复叠加，只提高决策置信度,将军真实训练、随军、战斗、战役复盘和军衔成长；少量出生天赋可提高出现概率
SK073_三,围城封锁,名将,攻城统御,围城时减少守军获得外部粮食,"{""siege_blockade_pct"": 21.0}",否/间接,否/间接,启用对应战术权重、阈值和状态机分支；技能不只修改面板数值,由地形、敌我兵种、士气、疲劳、补给、阵型与战况触发；不满足场景时不生效,同类百分比总加成软上限35%；行为解锁不重复叠加，只提高决策置信度,将军真实训练、随军、战斗、战役复盘和军衔成长；少量出生天赋可提高出现概率
SK074_一,轮番蚁附,初学,攻城统御,攻墙单位分批投入，降低同时拥堵,"{""assault_wave_control_pct"": 12.0}",否/间接,否/间接,启用对应战术权重、阈值和状态机分支；技能不只修改面板数值,由地形、敌我兵种、士气、疲劳、补给、阵型与战况触发；不满足场景时不生效,同类百分比总加成软上限35%；行为解锁不重复叠加，只提高决策置信度,将军真实训练、随军、战斗、战役复盘和军衔成长；少量出生天赋可提高出现概率
SK074_二,轮番蚁附,精熟,攻城统御,攻墙单位分批投入，降低同时拥堵,"{""assault_wave_control_pct"": 18.6}",否/间接,否/间接,启用对应战术权重、阈值和状态机分支；技能不只修改面板数值,由地形、敌我兵种、士气、疲劳、补给、阵型与战况触发；不满足场景时不生效,同类百分比总加成软上限35%；行为解锁不重复叠加，只提高决策置信度,将军真实训练、随军、战斗、战役复盘和军衔成长；少量出生天赋可提高出现概率
SK074_三,轮番蚁附,名将,攻城统御,攻墙单位分批投入，降低同时拥堵,"{""assault_wave_control_pct"": 25.2}",否/间接,否/间接,启用对应战术权重、阈值和状态机分支；技能不只修改面板数值,由地形、敌我兵种、士气、疲劳、补给、阵型与战况触发；不满足场景时不生效,同类百分比总加成软上限35%；行为解锁不重复叠加，只提高决策置信度,将军真实训练、随军、战斗、战役复盘和军衔成长；少量出生天赋可提高出现概率
SK075_一,火力压城,初学,攻城统御,弓弩优先压制城头高威胁目标,"{""wall_suppression_pct"": 12.0}",否/间接,否/间接,启用对应战术权重、阈值和状态机分支；技能不只修改面板数值,由地形、敌我兵种、士气、疲劳、补给、阵型与战况触发；不满足场景时不生效,同类百分比总加成软上限35%；行为解锁不重复叠加，只提高决策置信度,将军真实训练、随军、战斗、战役复盘和军衔成长；少量出生天赋可提高出现概率
SK075_二,火力压城,精熟,攻城统御,弓弩优先压制城头高威胁目标,"{""wall_suppression_pct"": 18.6}",否/间接,否/间接,启用对应战术权重、阈值和状态机分支；技能不只修改面板数值,由地形、敌我兵种、士气、疲劳、补给、阵型与战况触发；不满足场景时不生效,同类百分比总加成软上限35%；行为解锁不重复叠加，只提高决策置信度,将军真实训练、随军、战斗、战役复盘和军衔成长；少量出生天赋可提高出现概率
SK075_三,火力压城,名将,攻城统御,弓弩优先压制城头高威胁目标,"{""wall_suppression_pct"": 25.2}",否/间接,否/间接,启用对应战术权重、阈值和状态机分支；技能不只修改面板数值,由地形、敌我兵种、士气、疲劳、补给、阵型与战况触发；不满足场景时不生效,同类百分比总加成软上限35%；行为解锁不重复叠加，只提高决策置信度,将军真实训练、随军、战斗、战役复盘和军衔成长；少量出生天赋可提高出现概率
SK076_一,填壕搭梯,初学,攻城统御,工程队攻城器械准备速度提高,"{""siege_prep_pct"": 10.0}",否/间接,否/间接,启用对应战术权重、阈值和状态机分支；技能不只修改面板数值,由地形、敌我兵种、士气、疲劳、补给、阵型与战况触发；不满足场景时不生效,同类百分比总加成软上限35%；行为解锁不重复叠加，只提高决策置信度,将军真实训练、随军、战斗、战役复盘和军衔成长；少量出生天赋可提高出现概率
SK076_二,填壕搭梯,精熟,攻城统御,工程队攻城器械准备速度提高,"{""siege_prep_pct"": 15.5}",否/间接,否/间接,启用对应战术权重、阈值和状态机分支；技能不只修改面板数值,由地形、敌我兵种、士气、疲劳、补给、阵型与战况触发；不满足场景时不生效,同类百分比总加成软上限35%；行为解锁不重复叠加，只提高决策置信度,将军真实训练、随军、战斗、战役复盘和军衔成长；少量出生天赋可提高出现概率
SK076_三,填壕搭梯,名将,攻城统御,工程队攻城器械准备速度提高,"{""siege_prep_pct"": 21.0}",否/间接,否/间接,启用对应战术权重、阈值和状态机分支；技能不只修改面板数值,由地形、敌我兵种、士气、疲劳、补给、阵型与战况触发；不满足场景时不生效,同类百分比总加成软上限35%；行为解锁不重复叠加，只提高决策置信度,将军真实训练、随军、战斗、战役复盘和军衔成长；少量出生天赋可提高出现概率
SK077_一,夜掘地道,初学,攻城统御,夜间工事隐蔽度提高，但失败有坍塌风险,"{""sapping_conceal_pct"": 12.0}",否/间接,否/间接,启用对应战术权重、阈值和状态机分支；技能不只修改面板数值,由地形、敌我兵种、士气、疲劳、补给、阵型与战况触发；不满足场景时不生效,同类百分比总加成软上限35%；行为解锁不重复叠加，只提高决策置信度,将军真实训练、随军、战斗、战役复盘和军衔成长；少量出生天赋可提高出现概率
SK077_二,夜掘地道,精熟,攻城统御,夜间工事隐蔽度提高，但失败有坍塌风险,"{""sapping_conceal_pct"": 18.6}",否/间接,否/间接,启用对应战术权重、阈值和状态机分支；技能不只修改面板数值,由地形、敌我兵种、士气、疲劳、补给、阵型与战况触发；不满足场景时不生效,同类百分比总加成软上限35%；行为解锁不重复叠加，只提高决策置信度,将军真实训练、随军、战斗、战役复盘和军衔成长；少量出生天赋可提高出现概率
SK077_三,夜掘地道,名将,攻城统御,夜间工事隐蔽度提高，但失败有坍塌风险,"{""sapping_conceal_pct"": 25.2}",否/间接,否/间接,启用对应战术权重、阈值和状态机分支；技能不只修改面板数值,由地形、敌我兵种、士气、疲劳、补给、阵型与战况触发；不满足场景时不生效,同类百分比总加成软上限35%；行为解锁不重复叠加，只提高决策置信度,将军真实训练、随军、战斗、战役复盘和军衔成长；少量出生天赋可提高出现概率
SK078_一,围而不攻,初学,攻城统御,粮草占优时AI更愿意围困而不是高伤亡强攻,"{""siege_patience_pct"": 16.0}",否/间接,否/间接,启用对应战术权重、阈值和状态机分支；技能不只修改面板数值,由地形、敌我兵种、士气、疲劳、补给、阵型与战况触发；不满足场景时不生效,同类百分比总加成软上限35%；行为解锁不重复叠加，只提高决策置信度,将军真实训练、随军、战斗、战役复盘和军衔成长；少量出生天赋可提高出现概率
SK078_二,围而不攻,精熟,攻城统御,粮草占优时AI更愿意围困而不是高伤亡强攻,"{""siege_patience_pct"": 24.8}",否/间接,否/间接,启用对应战术权重、阈值和状态机分支；技能不只修改面板数值,由地形、敌我兵种、士气、疲劳、补给、阵型与战况触发；不满足场景时不生效,同类百分比总加成软上限35%；行为解锁不重复叠加，只提高决策置信度,将军真实训练、随军、战斗、战役复盘和军衔成长；少量出生天赋可提高出现概率
SK078_三,围而不攻,名将,攻城统御,粮草占优时AI更愿意围困而不是高伤亡强攻,"{""siege_patience_pct"": 33.6}",否/间接,否/间接,启用对应战术权重、阈值和状态机分支；技能不只修改面板数值,由地形、敌我兵种、士气、疲劳、补给、阵型与战况触发；不满足场景时不生效,同类百分比总加成软上限35%；行为解锁不重复叠加，只提高决策置信度,将军真实训练、随军、战斗、战役复盘和军衔成长；少量出生天赋可提高出现概率
SK079_一,城头轮防,初学,守城统御,守军分班轮换，降低城头疲劳,"{""wall_fatigue_pct"": -10.0}",否/间接,否/间接,启用对应战术权重、阈值和状态机分支；技能不只修改面板数值,由地形、敌我兵种、士气、疲劳、补给、阵型与战况触发；不满足场景时不生效,同类百分比总加成软上限35%；行为解锁不重复叠加，只提高决策置信度,将军真实训练、随军、战斗、战役复盘和军衔成长；少量出生天赋可提高出现概率
SK079_二,城头轮防,精熟,守城统御,守军分班轮换，降低城头疲劳,"{""wall_fatigue_pct"": -15.5}",否/间接,否/间接,启用对应战术权重、阈值和状态机分支；技能不只修改面板数值,由地形、敌我兵种、士气、疲劳、补给、阵型与战况触发；不满足场景时不生效,同类百分比总加成软上限35%；行为解锁不重复叠加，只提高决策置信度,将军真实训练、随军、战斗、战役复盘和军衔成长；少量出生天赋可提高出现概率
SK079_三,城头轮防,名将,守城统御,守军分班轮换，降低城头疲劳,"{""wall_fatigue_pct"": -21.0}",否/间接,否/间接,启用对应战术权重、阈值和状态机分支；技能不只修改面板数值,由地形、敌我兵种、士气、疲劳、补给、阵型与战况触发；不满足场景时不生效,同类百分比总加成软上限35%；行为解锁不重复叠加，只提高决策置信度,将军真实训练、随军、战斗、战役复盘和军衔成长；少量出生天赋可提高出现概率
SK080_一,城门死守,初学,守城统御,城门破损时自动集中重甲/枪兵,"{""gate_defense_reaction_pct"": 14.0}",否/间接,否/间接,启用对应战术权重、阈值和状态机分支；技能不只修改面板数值,由地形、敌我兵种、士气、疲劳、补给、阵型与战况触发；不满足场景时不生效,同类百分比总加成软上限35%；行为解锁不重复叠加，只提高决策置信度,将军真实训练、随军、战斗、战役复盘和军衔成长；少量出生天赋可提高出现概率
SK080_二,城门死守,精熟,守城统御,城门破损时自动集中重甲/枪兵,"{""gate_defense_reaction_pct"": 21.7}",否/间接,否/间接,启用对应战术权重、阈值和状态机分支；技能不只修改面板数值,由地形、敌我兵种、士气、疲劳、补给、阵型与战况触发；不满足场景时不生效,同类百分比总加成软上限35%；行为解锁不重复叠加，只提高决策置信度,将军真实训练、随军、战斗、战役复盘和军衔成长；少量出生天赋可提高出现概率
SK080_三,城门死守,名将,守城统御,城门破损时自动集中重甲/枪兵,"{""gate_defense_reaction_pct"": 29.4}",否/间接,否/间接,启用对应战术权重、阈值和状态机分支；技能不只修改面板数值,由地形、敌我兵种、士气、疲劳、补给、阵型与战况触发；不满足场景时不生效,同类百分比总加成软上限35%；行为解锁不重复叠加，只提高决策置信度,将军真实训练、随军、战斗、战役复盘和军衔成长；少量出生天赋可提高出现概率
SK081_一,巷战纵深,初学,守城统御,外墙失守后仍按街区组织第二道防线,"{""urban_fallback_pct"": 16.0}",否/间接,否/间接,启用对应战术权重、阈值和状态机分支；技能不只修改面板数值,由地形、敌我兵种、士气、疲劳、补给、阵型与战况触发；不满足场景时不生效,同类百分比总加成软上限35%；行为解锁不重复叠加，只提高决策置信度,将军真实训练、随军、战斗、战役复盘和军衔成长；少量出生天赋可提高出现概率
SK081_二,巷战纵深,精熟,守城统御,外墙失守后仍按街区组织第二道防线,"{""urban_fallback_pct"": 24.8}",否/间接,否/间接,启用对应战术权重、阈值和状态机分支；技能不只修改面板数值,由地形、敌我兵种、士气、疲劳、补给、阵型与战况触发；不满足场景时不生效,同类百分比总加成软上限35%；行为解锁不重复叠加，只提高决策置信度,将军真实训练、随军、战斗、战役复盘和军衔成长；少量出生天赋可提高出现概率
SK081_三,巷战纵深,名将,守城统御,外墙失守后仍按街区组织第二道防线,"{""urban_fallback_pct"": 33.6}",否/间接,否/间接,启用对应战术权重、阈值和状态机分支；技能不只修改面板数值,由地形、敌我兵种、士气、疲劳、补给、阵型与战况触发；不满足场景时不生效,同类百分比总加成软上限35%；行为解锁不重复叠加，只提高决策置信度,将军真实训练、随军、战斗、战役复盘和军衔成长；少量出生天赋可提高出现概率
SK082_一,火点反击,初学,守城统御,优先攻击攻城器械和聚集点,"{""siege_engine_target_pct"": 12.0}",否/间接,否/间接,启用对应战术权重、阈值和状态机分支；技能不只修改面板数值,由地形、敌我兵种、士气、疲劳、补给、阵型与战况触发；不满足场景时不生效,同类百分比总加成软上限35%；行为解锁不重复叠加，只提高决策置信度,将军真实训练、随军、战斗、战役复盘和军衔成长；少量出生天赋可提高出现概率
SK082_二,火点反击,精熟,守城统御,优先攻击攻城器械和聚集点,"{""siege_engine_target_pct"": 18.6}",否/间接,否/间接,启用对应战术权重、阈值和状态机分支；技能不只修改面板数值,由地形、敌我兵种、士气、疲劳、补给、阵型与战况触发；不满足场景时不生效,同类百分比总加成软上限35%；行为解锁不重复叠加，只提高决策置信度,将军真实训练、随军、战斗、战役复盘和军衔成长；少量出生天赋可提高出现概率
SK082_三,火点反击,名将,守城统御,优先攻击攻城器械和聚集点,"{""siege_engine_target_pct"": 25.2}",否/间接,否/间接,启用对应战术权重、阈值和状态机分支；技能不只修改面板数值,由地形、敌我兵种、士气、疲劳、补给、阵型与战况触发；不满足场景时不生效,同类百分比总加成软上限35%；行为解锁不重复叠加，只提高决策置信度,将军真实训练、随军、战斗、战役复盘和军衔成长；少量出生天赋可提高出现概率
SK083_一,预备守缺,初学,守城统御,保留预备队填补城墙缺口,"{""breach_reserve_pct"": 14.0}",否/间接,否/间接,启用对应战术权重、阈值和状态机分支；技能不只修改面板数值,由地形、敌我兵种、士气、疲劳、补给、阵型与战况触发；不满足场景时不生效,同类百分比总加成软上限35%；行为解锁不重复叠加，只提高决策置信度,将军真实训练、随军、战斗、战役复盘和军衔成长；少量出生天赋可提高出现概率
SK083_二,预备守缺,精熟,守城统御,保留预备队填补城墙缺口,"{""breach_reserve_pct"": 21.7}",否/间接,否/间接,启用对应战术权重、阈值和状态机分支；技能不只修改面板数值,由地形、敌我兵种、士气、疲劳、补给、阵型与战况触发；不满足场景时不生效,同类百分比总加成软上限35%；行为解锁不重复叠加，只提高决策置信度,将军真实训练、随军、战斗、战役复盘和军衔成长；少量出生天赋可提高出现概率
SK083_三,预备守缺,名将,守城统御,保留预备队填补城墙缺口,"{""breach_reserve_pct"": 29.4}",否/间接,否/间接,启用对应战术权重、阈值和状态机分支；技能不只修改面板数值,由地形、敌我兵种、士气、疲劳、补给、阵型与战况触发；不满足场景时不生效,同类百分比总加成软上限35%；行为解锁不重复叠加，只提高决策置信度,将军真实训练、随军、战斗、战役复盘和军衔成长；少量出生天赋可提高出现概率
SK084_一,城内稳民,初学,守城统御,围城期间降低居民恐慌与守军士气连锁崩溃,"{""siege_civil_panic_pct"": -12.0}",否/间接,否/间接,启用对应战术权重、阈值和状态机分支；技能不只修改面板数值,由地形、敌我兵种、士气、疲劳、补给、阵型与战况触发；不满足场景时不生效,同类百分比总加成软上限35%；行为解锁不重复叠加，只提高决策置信度,将军真实训练、随军、战斗、战役复盘和军衔成长；少量出生天赋可提高出现概率
SK084_二,城内稳民,精熟,守城统御,围城期间降低居民恐慌与守军士气连锁崩溃,"{""siege_civil_panic_pct"": -18.6}",否/间接,否/间接,启用对应战术权重、阈值和状态机分支；技能不只修改面板数值,由地形、敌我兵种、士气、疲劳、补给、阵型与战况触发；不满足场景时不生效,同类百分比总加成软上限35%；行为解锁不重复叠加，只提高决策置信度,将军真实训练、随军、战斗、战役复盘和军衔成长；少量出生天赋可提高出现概率
SK084_三,城内稳民,名将,守城统御,围城期间降低居民恐慌与守军士气连锁崩溃,"{""siege_civil_panic_pct"": -25.2}",否/间接,否/间接,启用对应战术权重、阈值和状态机分支；技能不只修改面板数值,由地形、敌我兵种、士气、疲劳、补给、阵型与战况触发；不满足场景时不生效,同类百分比总加成软上限35%；行为解锁不重复叠加，只提高决策置信度,将军真实训练、随军、战斗、战役复盘和军衔成长；少量出生天赋可提高出现概率
SK085_一,山地列阵,初学,地形战法,山地坡面阵型保持更好,"{""mountain_cohesion_pct"": 10.0}",否/间接,否/间接,启用对应战术权重、阈值和状态机分支；技能不只修改面板数值,由地形、敌我兵种、士气、疲劳、补给、阵型与战况触发；不满足场景时不生效,同类百分比总加成软上限35%；行为解锁不重复叠加，只提高决策置信度,将军真实训练、随军、战斗、战役复盘和军衔成长；少量出生天赋可提高出现概率
SK085_二,山地列阵,精熟,地形战法,山地坡面阵型保持更好,"{""mountain_cohesion_pct"": 15.5}",否/间接,否/间接,启用对应战术权重、阈值和状态机分支；技能不只修改面板数值,由地形、敌我兵种、士气、疲劳、补给、阵型与战况触发；不满足场景时不生效,同类百分比总加成软上限35%；行为解锁不重复叠加，只提高决策置信度,将军真实训练、随军、战斗、战役复盘和军衔成长；少量出生天赋可提高出现概率
SK085_三,山地列阵,名将,地形战法,山地坡面阵型保持更好,"{""mountain_cohesion_pct"": 21.0}",否/间接,否/间接,启用对应战术权重、阈值和状态机分支；技能不只修改面板数值,由地形、敌我兵种、士气、疲劳、补给、阵型与战况触发；不满足场景时不生效,同类百分比总加成软上限35%；行为解锁不重复叠加，只提高决策置信度,将军真实训练、随军、战斗、战役复盘和军衔成长；少量出生天赋可提高出现概率
SK086_一,林地疏阵,初学,地形战法,森林中自动拉开小队间距，减少树木拥堵,"{""forest_pathing_pct"": 12.0}",否/间接,否/间接,启用对应战术权重、阈值和状态机分支；技能不只修改面板数值,由地形、敌我兵种、士气、疲劳、补给、阵型与战况触发；不满足场景时不生效,同类百分比总加成软上限35%；行为解锁不重复叠加，只提高决策置信度,将军真实训练、随军、战斗、战役复盘和军衔成长；少量出生天赋可提高出现概率
SK086_二,林地疏阵,精熟,地形战法,森林中自动拉开小队间距，减少树木拥堵,"{""forest_pathing_pct"": 18.6}",否/间接,否/间接,启用对应战术权重、阈值和状态机分支；技能不只修改面板数值,由地形、敌我兵种、士气、疲劳、补给、阵型与战况触发；不满足场景时不生效,同类百分比总加成软上限35%；行为解锁不重复叠加，只提高决策置信度,将军真实训练、随军、战斗、战役复盘和军衔成长；少量出生天赋可提高出现概率
SK086_三,林地疏阵,名将,地形战法,森林中自动拉开小队间距，减少树木拥堵,"{""forest_pathing_pct"": 25.2}",否/间接,否/间接,启用对应战术权重、阈值和状态机分支；技能不只修改面板数值,由地形、敌我兵种、士气、疲劳、补给、阵型与战况触发；不满足场景时不生效,同类百分比总加成软上限35%；行为解锁不重复叠加，只提高决策置信度,将军真实训练、随军、战斗、战役复盘和军衔成长；少量出生天赋可提高出现概率
SK087_一,河岸拒敌,初学,地形战法,在河岸/桥头防御时提高架枪与盾列权重,"{""riverbank_defense_pct"": 12.0}",否/间接,否/间接,启用对应战术权重、阈值和状态机分支；技能不只修改面板数值,由地形、敌我兵种、士气、疲劳、补给、阵型与战况触发；不满足场景时不生效,同类百分比总加成软上限35%；行为解锁不重复叠加，只提高决策置信度,将军真实训练、随军、战斗、战役复盘和军衔成长；少量出生天赋可提高出现概率
SK087_二,河岸拒敌,精熟,地形战法,在河岸/桥头防御时提高架枪与盾列权重,"{""riverbank_defense_pct"": 18.6}",否/间接,否/间接,启用对应战术权重、阈值和状态机分支；技能不只修改面板数值,由地形、敌我兵种、士气、疲劳、补给、阵型与战况触发；不满足场景时不生效,同类百分比总加成软上限35%；行为解锁不重复叠加，只提高决策置信度,将军真实训练、随军、战斗、战役复盘和军衔成长；少量出生天赋可提高出现概率
SK087_三,河岸拒敌,名将,地形战法,在河岸/桥头防御时提高架枪与盾列权重,"{""riverbank_defense_pct"": 25.2}",否/间接,否/间接,启用对应战术权重、阈值和状态机分支；技能不只修改面板数值,由地形、敌我兵种、士气、疲劳、补给、阵型与战况触发；不满足场景时不生效,同类百分比总加成软上限35%；行为解锁不重复叠加，只提高决策置信度,将军真实训练、随军、战斗、战役复盘和军衔成长；少量出生天赋可提高出现概率
SK088_一,雪地节力,初学,地形战法,雪地移动体力消耗降低,"{""snow_fatigue_pct"": -10.0}",否/间接,否/间接,启用对应战术权重、阈值和状态机分支；技能不只修改面板数值,由地形、敌我兵种、士气、疲劳、补给、阵型与战况触发；不满足场景时不生效,同类百分比总加成软上限35%；行为解锁不重复叠加，只提高决策置信度,将军真实训练、随军、战斗、战役复盘和军衔成长；少量出生天赋可提高出现概率
SK088_二,雪地节力,精熟,地形战法,雪地移动体力消耗降低,"{""snow_fatigue_pct"": -15.5}",否/间接,否/间接,启用对应战术权重、阈值和状态机分支；技能不只修改面板数值,由地形、敌我兵种、士气、疲劳、补给、阵型与战况触发；不满足场景时不生效,同类百分比总加成软上限35%；行为解锁不重复叠加，只提高决策置信度,将军真实训练、随军、战斗、战役复盘和军衔成长；少量出生天赋可提高出现概率
SK088_三,雪地节力,名将,地形战法,雪地移动体力消耗降低,"{""snow_fatigue_pct"": -21.0}",否/间接,否/间接,启用对应战术权重、阈值和状态机分支；技能不只修改面板数值,由地形、敌我兵种、士气、疲劳、补给、阵型与战况触发；不满足场景时不生效,同类百分比总加成软上限35%；行为解锁不重复叠加，只提高决策置信度,将军真实训练、随军、战斗、战役复盘和军衔成长；少量出生天赋可提高出现概率
SK089_一,荒漠护水,初学,地形战法,高温荒漠口粮/饮水消耗降低,"{""desert_supply_pct"": -10.0}",否/间接,否/间接,启用对应战术权重、阈值和状态机分支；技能不只修改面板数值,由地形、敌我兵种、士气、疲劳、补给、阵型与战况触发；不满足场景时不生效,同类百分比总加成软上限35%；行为解锁不重复叠加，只提高决策置信度,将军真实训练、随军、战斗、战役复盘和军衔成长；少量出生天赋可提高出现概率
SK089_二,荒漠护水,精熟,地形战法,高温荒漠口粮/饮水消耗降低,"{""desert_supply_pct"": -15.5}",否/间接,否/间接,启用对应战术权重、阈值和状态机分支；技能不只修改面板数值,由地形、敌我兵种、士气、疲劳、补给、阵型与战况触发；不满足场景时不生效,同类百分比总加成软上限35%；行为解锁不重复叠加，只提高决策置信度,将军真实训练、随军、战斗、战役复盘和军衔成长；少量出生天赋可提高出现概率
SK089_三,荒漠护水,名将,地形战法,高温荒漠口粮/饮水消耗降低,"{""desert_supply_pct"": -21.0}",否/间接,否/间接,启用对应战术权重、阈值和状态机分支；技能不只修改面板数值,由地形、敌我兵种、士气、疲劳、补给、阵型与战况触发；不满足场景时不生效,同类百分比总加成软上限35%；行为解锁不重复叠加，只提高决策置信度,将军真实训练、随军、战斗、战役复盘和军衔成长；少量出生天赋可提高出现概率
SK090_一,沼泽择路,初学,地形战法,湿地中优先选择硬地与堤岸，减少陷滞,"{""marsh_path_cost_pct"": -12.0}",否/间接,否/间接,启用对应战术权重、阈值和状态机分支；技能不只修改面板数值,由地形、敌我兵种、士气、疲劳、补给、阵型与战况触发；不满足场景时不生效,同类百分比总加成软上限35%；行为解锁不重复叠加，只提高决策置信度,将军真实训练、随军、战斗、战役复盘和军衔成长；少量出生天赋可提高出现概率
SK090_二,沼泽择路,精熟,地形战法,湿地中优先选择硬地与堤岸，减少陷滞,"{""marsh_path_cost_pct"": -18.6}",否/间接,否/间接,启用对应战术权重、阈值和状态机分支；技能不只修改面板数值,由地形、敌我兵种、士气、疲劳、补给、阵型与战况触发；不满足场景时不生效,同类百分比总加成软上限35%；行为解锁不重复叠加，只提高决策置信度,将军真实训练、随军、战斗、战役复盘和军衔成长；少量出生天赋可提高出现概率
SK090_三,沼泽择路,名将,地形战法,湿地中优先选择硬地与堤岸，减少陷滞,"{""marsh_path_cost_pct"": -25.2}",否/间接,否/间接,启用对应战术权重、阈值和状态机分支；技能不只修改面板数值,由地形、敌我兵种、士气、疲劳、补给、阵型与战况触发；不满足场景时不生效,同类百分比总加成软上限35%；行为解锁不重复叠加，只提高决策置信度,将军真实训练、随军、战斗、战役复盘和军衔成长；少量出生天赋可提高出现概率
SK091_一,雨战整装,初学,天候应战,雨天远程命中惩罚与移动滑倒惩罚降低,"{""rain_penalty_pct"": -10.0}",否/间接,否/间接,启用对应战术权重、阈值和状态机分支；技能不只修改面板数值,由地形、敌我兵种、士气、疲劳、补给、阵型与战况触发；不满足场景时不生效,同类百分比总加成软上限35%；行为解锁不重复叠加，只提高决策置信度,将军真实训练、随军、战斗、战役复盘和军衔成长；少量出生天赋可提高出现概率
SK091_二,雨战整装,精熟,天候应战,雨天远程命中惩罚与移动滑倒惩罚降低,"{""rain_penalty_pct"": -15.5}",否/间接,否/间接,启用对应战术权重、阈值和状态机分支；技能不只修改面板数值,由地形、敌我兵种、士气、疲劳、补给、阵型与战况触发；不满足场景时不生效,同类百分比总加成软上限35%；行为解锁不重复叠加，只提高决策置信度,将军真实训练、随军、战斗、战役复盘和军衔成长；少量出生天赋可提高出现概率
SK091_三,雨战整装,名将,天候应战,雨天远程命中惩罚与移动滑倒惩罚降低,"{""rain_penalty_pct"": -21.0}",否/间接,否/间接,启用对应战术权重、阈值和状态机分支；技能不只修改面板数值,由地形、敌我兵种、士气、疲劳、补给、阵型与战况触发；不满足场景时不生效,同类百分比总加成软上限35%；行为解锁不重复叠加，只提高决策置信度,将军真实训练、随军、战斗、战役复盘和军衔成长；少量出生天赋可提高出现概率
SK092_一,风向用箭,初学,天候应战,顺风提高远射选择，逆风减少浪费射击,"{""wind_ranged_efficiency_pct"": 10.0}",否/间接,否/间接,启用对应战术权重、阈值和状态机分支；技能不只修改面板数值,由地形、敌我兵种、士气、疲劳、补给、阵型与战况触发；不满足场景时不生效,同类百分比总加成软上限35%；行为解锁不重复叠加，只提高决策置信度,将军真实训练、随军、战斗、战役复盘和军衔成长；少量出生天赋可提高出现概率
SK092_二,风向用箭,精熟,天候应战,顺风提高远射选择，逆风减少浪费射击,"{""wind_ranged_efficiency_pct"": 15.5}",否/间接,否/间接,启用对应战术权重、阈值和状态机分支；技能不只修改面板数值,由地形、敌我兵种、士气、疲劳、补给、阵型与战况触发；不满足场景时不生效,同类百分比总加成软上限35%；行为解锁不重复叠加，只提高决策置信度,将军真实训练、随军、战斗、战役复盘和军衔成长；少量出生天赋可提高出现概率
SK092_三,风向用箭,名将,天候应战,顺风提高远射选择，逆风减少浪费射击,"{""wind_ranged_efficiency_pct"": 21.0}",否/间接,否/间接,启用对应战术权重、阈值和状态机分支；技能不只修改面板数值,由地形、敌我兵种、士气、疲劳、补给、阵型与战况触发；不满足场景时不生效,同类百分比总加成软上限35%；行为解锁不重复叠加，只提高决策置信度,将军真实训练、随军、战斗、战役复盘和军衔成长；少量出生天赋可提高出现概率
SK093_一,雪夜警戒,初学,天候应战,雪夜营地被偷袭概率降低,"{""snow_night_raid_detect_pct"": 12.0}",否/间接,否/间接,启用对应战术权重、阈值和状态机分支；技能不只修改面板数值,由地形、敌我兵种、士气、疲劳、补给、阵型与战况触发；不满足场景时不生效,同类百分比总加成软上限35%；行为解锁不重复叠加，只提高决策置信度,将军真实训练、随军、战斗、战役复盘和军衔成长；少量出生天赋可提高出现概率
SK093_二,雪夜警戒,精熟,天候应战,雪夜营地被偷袭概率降低,"{""snow_night_raid_detect_pct"": 18.6}",否/间接,否/间接,启用对应战术权重、阈值和状态机分支；技能不只修改面板数值,由地形、敌我兵种、士气、疲劳、补给、阵型与战况触发；不满足场景时不生效,同类百分比总加成软上限35%；行为解锁不重复叠加，只提高决策置信度,将军真实训练、随军、战斗、战役复盘和军衔成长；少量出生天赋可提高出现概率
SK093_三,雪夜警戒,名将,天候应战,雪夜营地被偷袭概率降低,"{""snow_night_raid_detect_pct"": 25.2}",否/间接,否/间接,启用对应战术权重、阈值和状态机分支；技能不只修改面板数值,由地形、敌我兵种、士气、疲劳、补给、阵型与战况触发；不满足场景时不生效,同类百分比总加成软上限35%；行为解锁不重复叠加，只提高决策置信度,将军真实训练、随军、战斗、战役复盘和军衔成长；少量出生天赋可提高出现概率
SK094_一,炎热节行,初学,天候应战,高温时自动增加休息间隔，降低中暑和体力崩溃,"{""heat_fatigue_pct"": -10.0}",否/间接,否/间接,启用对应战术权重、阈值和状态机分支；技能不只修改面板数值,由地形、敌我兵种、士气、疲劳、补给、阵型与战况触发；不满足场景时不生效,同类百分比总加成软上限35%；行为解锁不重复叠加，只提高决策置信度,将军真实训练、随军、战斗、战役复盘和军衔成长；少量出生天赋可提高出现概率
SK094_二,炎热节行,精熟,天候应战,高温时自动增加休息间隔，降低中暑和体力崩溃,"{""heat_fatigue_pct"": -15.5}",否/间接,否/间接,启用对应战术权重、阈值和状态机分支；技能不只修改面板数值,由地形、敌我兵种、士气、疲劳、补给、阵型与战况触发；不满足场景时不生效,同类百分比总加成软上限35%；行为解锁不重复叠加，只提高决策置信度,将军真实训练、随军、战斗、战役复盘和军衔成长；少量出生天赋可提高出现概率
SK094_三,炎热节行,名将,天候应战,高温时自动增加休息间隔，降低中暑和体力崩溃,"{""heat_fatigue_pct"": -21.0}",否/间接,否/间接,启用对应战术权重、阈值和状态机分支；技能不只修改面板数值,由地形、敌我兵种、士气、疲劳、补给、阵型与战况触发；不满足场景时不生效,同类百分比总加成软上限35%；行为解锁不重复叠加，只提高决策置信度,将军真实训练、随军、战斗、战役复盘和军衔成长；少量出生天赋可提高出现概率
SK095_一,寒夜守营,初学,天候应战,寒冷夜间减轻士气和健康损失,"{""cold_night_penalty_pct"": -10.0}",否/间接,否/间接,启用对应战术权重、阈值和状态机分支；技能不只修改面板数值,由地形、敌我兵种、士气、疲劳、补给、阵型与战况触发；不满足场景时不生效,同类百分比总加成软上限35%；行为解锁不重复叠加，只提高决策置信度,将军真实训练、随军、战斗、战役复盘和军衔成长；少量出生天赋可提高出现概率
SK095_二,寒夜守营,精熟,天候应战,寒冷夜间减轻士气和健康损失,"{""cold_night_penalty_pct"": -15.5}",否/间接,否/间接,启用对应战术权重、阈值和状态机分支；技能不只修改面板数值,由地形、敌我兵种、士气、疲劳、补给、阵型与战况触发；不满足场景时不生效,同类百分比总加成软上限35%；行为解锁不重复叠加，只提高决策置信度,将军真实训练、随军、战斗、战役复盘和军衔成长；少量出生天赋可提高出现概率
SK095_三,寒夜守营,名将,天候应战,寒冷夜间减轻士气和健康损失,"{""cold_night_penalty_pct"": -21.0}",否/间接,否/间接,启用对应战术权重、阈值和状态机分支；技能不只修改面板数值,由地形、敌我兵种、士气、疲劳、补给、阵型与战况触发；不满足场景时不生效,同类百分比总加成软上限35%；行为解锁不重复叠加，只提高决策置信度,将军真实训练、随军、战斗、战役复盘和军衔成长；少量出生天赋可提高出现概率
SK096_一,雾中识旗,初学,天候应战,低能见度时依赖旗号保持局部指挥,"{""fog_command_penalty_pct"": -12.0}",否/间接,否/间接,启用对应战术权重、阈值和状态机分支；技能不只修改面板数值,由地形、敌我兵种、士气、疲劳、补给、阵型与战况触发；不满足场景时不生效,同类百分比总加成软上限35%；行为解锁不重复叠加，只提高决策置信度,将军真实训练、随军、战斗、战役复盘和军衔成长；少量出生天赋可提高出现概率
SK096_二,雾中识旗,精熟,天候应战,低能见度时依赖旗号保持局部指挥,"{""fog_command_penalty_pct"": -18.6}",否/间接,否/间接,启用对应战术权重、阈值和状态机分支；技能不只修改面板数值,由地形、敌我兵种、士气、疲劳、补给、阵型与战况触发；不满足场景时不生效,同类百分比总加成软上限35%；行为解锁不重复叠加，只提高决策置信度,将军真实训练、随军、战斗、战役复盘和军衔成长；少量出生天赋可提高出现概率
SK096_三,雾中识旗,名将,天候应战,低能见度时依赖旗号保持局部指挥,"{""fog_command_penalty_pct"": -25.2}",否/间接,否/间接,启用对应战术权重、阈值和状态机分支；技能不只修改面板数值,由地形、敌我兵种、士气、疲劳、补给、阵型与战况触发；不满足场景时不生效,同类百分比总加成软上限35%；行为解锁不重复叠加，只提高决策置信度,将军真实训练、随军、战斗、战役复盘和军衔成长；少量出生天赋可提高出现概率
SK097_一,军令简明,初学,军令指挥,降低命令复杂度，减少基层执行延迟,"{""order_delay_pct"": -8.0}",否/间接,否/间接,启用对应战术权重、阈值和状态机分支；技能不只修改面板数值,由地形、敌我兵种、士气、疲劳、补给、阵型与战况触发；不满足场景时不生效,同类百分比总加成软上限35%；行为解锁不重复叠加，只提高决策置信度,将军真实训练、随军、战斗、战役复盘和军衔成长；少量出生天赋可提高出现概率
SK097_二,军令简明,精熟,军令指挥,降低命令复杂度，减少基层执行延迟,"{""order_delay_pct"": -12.4}",否/间接,否/间接,启用对应战术权重、阈值和状态机分支；技能不只修改面板数值,由地形、敌我兵种、士气、疲劳、补给、阵型与战况触发；不满足场景时不生效,同类百分比总加成软上限35%；行为解锁不重复叠加，只提高决策置信度,将军真实训练、随军、战斗、战役复盘和军衔成长；少量出生天赋可提高出现概率
SK097_三,军令简明,名将,军令指挥,降低命令复杂度，减少基层执行延迟,"{""order_delay_pct"": -16.8}",否/间接,否/间接,启用对应战术权重、阈值和状态机分支；技能不只修改面板数值,由地形、敌我兵种、士气、疲劳、补给、阵型与战况触发；不满足场景时不生效,同类百分比总加成软上限35%；行为解锁不重复叠加，只提高决策置信度,将军真实训练、随军、战斗、战役复盘和军衔成长；少量出生天赋可提高出现概率
SK098_一,传令如织,初学,军令指挥,扩大有效指挥链并减少远距离命令丢失,"{""command_radius_pct"": 8.0, ""order_loss_pct"": -8.0}",否/间接,否/间接,启用对应战术权重、阈值和状态机分支；技能不只修改面板数值,由地形、敌我兵种、士气、疲劳、补给、阵型与战况触发；不满足场景时不生效,同类百分比总加成软上限35%；行为解锁不重复叠加，只提高决策置信度,将军真实训练、随军、战斗、战役复盘和军衔成长；少量出生天赋可提高出现概率
SK098_二,传令如织,精熟,军令指挥,扩大有效指挥链并减少远距离命令丢失,"{""command_radius_pct"": 12.4, ""order_loss_pct"": -12.4}",否/间接,否/间接,启用对应战术权重、阈值和状态机分支；技能不只修改面板数值,由地形、敌我兵种、士气、疲劳、补给、阵型与战况触发；不满足场景时不生效,同类百分比总加成软上限35%；行为解锁不重复叠加，只提高决策置信度,将军真实训练、随军、战斗、战役复盘和军衔成长；少量出生天赋可提高出现概率
SK098_三,传令如织,名将,军令指挥,扩大有效指挥链并减少远距离命令丢失,"{""command_radius_pct"": 16.8, ""order_loss_pct"": -16.8}",否/间接,否/间接,启用对应战术权重、阈值和状态机分支；技能不只修改面板数值,由地形、敌我兵种、士气、疲劳、补给、阵型与战况触发；不满足场景时不生效,同类百分比总加成软上限35%；行为解锁不重复叠加，只提高决策置信度,将军真实训练、随军、战斗、战役复盘和军衔成长；少量出生天赋可提高出现概率
SK099_一,分权副将,初学,军令指挥,副将可在局部战况中自主执行预设原则,"{""subcommander_autonomy_pct"": 12.0}",否/间接,否/间接,启用对应战术权重、阈值和状态机分支；技能不只修改面板数值,由地形、敌我兵种、士气、疲劳、补给、阵型与战况触发；不满足场景时不生效,同类百分比总加成软上限35%；行为解锁不重复叠加，只提高决策置信度,将军真实训练、随军、战斗、战役复盘和军衔成长；少量出生天赋可提高出现概率
SK099_二,分权副将,精熟,军令指挥,副将可在局部战况中自主执行预设原则,"{""subcommander_autonomy_pct"": 18.6}",否/间接,否/间接,启用对应战术权重、阈值和状态机分支；技能不只修改面板数值,由地形、敌我兵种、士气、疲劳、补给、阵型与战况触发；不满足场景时不生效,同类百分比总加成软上限35%；行为解锁不重复叠加，只提高决策置信度,将军真实训练、随军、战斗、战役复盘和军衔成长；少量出生天赋可提高出现概率
SK099_三,分权副将,名将,军令指挥,副将可在局部战况中自主执行预设原则,"{""subcommander_autonomy_pct"": 25.2}",否/间接,否/间接,启用对应战术权重、阈值和状态机分支；技能不只修改面板数值,由地形、敌我兵种、士气、疲劳、补给、阵型与战况触发；不满足场景时不生效,同类百分比总加成软上限35%；行为解锁不重复叠加，只提高决策置信度,将军真实训练、随军、战斗、战役复盘和军衔成长；少量出生天赋可提高出现概率
SK100_一,预备队节制,初学,军令指挥,更准确判断预备队投入时机，减少过早压上,"{""reserve_timing_pct"": 14.0}",否/间接,否/间接,启用对应战术权重、阈值和状态机分支；技能不只修改面板数值,由地形、敌我兵种、士气、疲劳、补给、阵型与战况触发；不满足场景时不生效,同类百分比总加成软上限35%；行为解锁不重复叠加，只提高决策置信度,将军真实训练、随军、战斗、战役复盘和军衔成长；少量出生天赋可提高出现概率
SK100_二,预备队节制,精熟,军令指挥,更准确判断预备队投入时机，减少过早压上,"{""reserve_timing_pct"": 21.7}",否/间接,否/间接,启用对应战术权重、阈值和状态机分支；技能不只修改面板数值,由地形、敌我兵种、士气、疲劳、补给、阵型与战况触发；不满足场景时不生效,同类百分比总加成软上限35%；行为解锁不重复叠加，只提高决策置信度,将军真实训练、随军、战斗、战役复盘和军衔成长；少量出生天赋可提高出现概率
SK100_三,预备队节制,名将,军令指挥,更准确判断预备队投入时机，减少过早压上,"{""reserve_timing_pct"": 29.4}",否/间接,否/间接,启用对应战术权重、阈值和状态机分支；技能不只修改面板数值,由地形、敌我兵种、士气、疲劳、补给、阵型与战况触发；不满足场景时不生效,同类百分比总加成软上限35%；行为解锁不重复叠加，只提高决策置信度,将军真实训练、随军、战斗、战役复盘和军衔成长；少量出生天赋可提高出现概率
SK101_一,多军协同,初学,军令指挥,多名将军同场时降低互相拥堵和目标冲突,"{""multi_army_coordination_pct"": 12.0}",否/间接,否/间接,启用对应战术权重、阈值和状态机分支；技能不只修改面板数值,由地形、敌我兵种、士气、疲劳、补给、阵型与战况触发；不满足场景时不生效,同类百分比总加成软上限35%；行为解锁不重复叠加，只提高决策置信度,将军真实训练、随军、战斗、战役复盘和军衔成长；少量出生天赋可提高出现概率
SK101_二,多军协同,精熟,军令指挥,多名将军同场时降低互相拥堵和目标冲突,"{""multi_army_coordination_pct"": 18.6}",否/间接,否/间接,启用对应战术权重、阈值和状态机分支；技能不只修改面板数值,由地形、敌我兵种、士气、疲劳、补给、阵型与战况触发；不满足场景时不生效,同类百分比总加成软上限35%；行为解锁不重复叠加，只提高决策置信度,将军真实训练、随军、战斗、战役复盘和军衔成长；少量出生天赋可提高出现概率
SK101_三,多军协同,名将,军令指挥,多名将军同场时降低互相拥堵和目标冲突,"{""multi_army_coordination_pct"": 25.2}",否/间接,否/间接,启用对应战术权重、阈值和状态机分支；技能不只修改面板数值,由地形、敌我兵种、士气、疲劳、补给、阵型与战况触发；不满足场景时不生效,同类百分比总加成软上限35%；行为解锁不重复叠加，只提高决策置信度,将军真实训练、随军、战斗、战役复盘和军衔成长；少量出生天赋可提高出现概率
SK102_一,战机决断,初学,军令指挥,敌军明显失衡时更快切换攻守姿态,"{""opportunity_reaction_pct"": 12.0}",否/间接,否/间接,启用对应战术权重、阈值和状态机分支；技能不只修改面板数值,由地形、敌我兵种、士气、疲劳、补给、阵型与战况触发；不满足场景时不生效,同类百分比总加成软上限35%；行为解锁不重复叠加，只提高决策置信度,将军真实训练、随军、战斗、战役复盘和军衔成长；少量出生天赋可提高出现概率
SK102_二,战机决断,精熟,军令指挥,敌军明显失衡时更快切换攻守姿态,"{""opportunity_reaction_pct"": 18.6}",否/间接,否/间接,启用对应战术权重、阈值和状态机分支；技能不只修改面板数值,由地形、敌我兵种、士气、疲劳、补给、阵型与战况触发；不满足场景时不生效,同类百分比总加成软上限35%；行为解锁不重复叠加，只提高决策置信度,将军真实训练、随军、战斗、战役复盘和军衔成长；少量出生天赋可提高出现概率
SK102_三,战机决断,名将,军令指挥,敌军明显失衡时更快切换攻守姿态,"{""opportunity_reaction_pct"": 25.2}",否/间接,否/间接,启用对应战术权重、阈值和状态机分支；技能不只修改面板数值,由地形、敌我兵种、士气、疲劳、补给、阵型与战况触发；不满足场景时不生效,同类百分比总加成软上限35%；行为解锁不重复叠加，只提高决策置信度,将军真实训练、随军、战斗、战役复盘和军衔成长；少量出生天赋可提高出现概率
SK103_一,日常操典,初学,训练治军,和平期训练效率提高,"{""training_speed_pct"": 8.0}",否/间接,是,启用对应战术权重、阈值和状态机分支；技能不只修改面板数值,由地形、敌我兵种、士气、疲劳、补给、阵型与战况触发；不满足场景时不生效,同类百分比总加成软上限35%；行为解锁不重复叠加，只提高决策置信度,将军真实训练、随军、战斗、战役复盘和军衔成长；少量出生天赋可提高出现概率
SK103_二,日常操典,精熟,训练治军,和平期训练效率提高,"{""training_speed_pct"": 12.4}",否/间接,是,启用对应战术权重、阈值和状态机分支；技能不只修改面板数值,由地形、敌我兵种、士气、疲劳、补给、阵型与战况触发；不满足场景时不生效,同类百分比总加成软上限35%；行为解锁不重复叠加，只提高决策置信度,将军真实训练、随军、战斗、战役复盘和军衔成长；少量出生天赋可提高出现概率
SK103_三,日常操典,名将,训练治军,和平期训练效率提高,"{""training_speed_pct"": 16.8}",否/间接,是,启用对应战术权重、阈值和状态机分支；技能不只修改面板数值,由地形、敌我兵种、士气、疲劳、补给、阵型与战况触发；不满足场景时不生效,同类百分比总加成软上限35%；行为解锁不重复叠加，只提高决策置信度,将军真实训练、随军、战斗、战役复盘和军衔成长；少量出生天赋可提高出现概率
SK104_一,新兵成列,初学,训练治军,新兵更快学会跟随小队、军旗与基础阵型,"{""recruit_cohesion_gain_pct"": 12.0}",否/间接,否/间接,启用对应战术权重、阈值和状态机分支；技能不只修改面板数值,由地形、敌我兵种、士气、疲劳、补给、阵型与战况触发；不满足场景时不生效,同类百分比总加成软上限35%；行为解锁不重复叠加，只提高决策置信度,将军真实训练、随军、战斗、战役复盘和军衔成长；少量出生天赋可提高出现概率
SK104_二,新兵成列,精熟,训练治军,新兵更快学会跟随小队、军旗与基础阵型,"{""recruit_cohesion_gain_pct"": 18.6}",否/间接,否/间接,启用对应战术权重、阈值和状态机分支；技能不只修改面板数值,由地形、敌我兵种、士气、疲劳、补给、阵型与战况触发；不满足场景时不生效,同类百分比总加成软上限35%；行为解锁不重复叠加，只提高决策置信度,将军真实训练、随军、战斗、战役复盘和军衔成长；少量出生天赋可提高出现概率
SK104_三,新兵成列,名将,训练治军,新兵更快学会跟随小队、军旗与基础阵型,"{""recruit_cohesion_gain_pct"": 25.2}",否/间接,否/间接,启用对应战术权重、阈值和状态机分支；技能不只修改面板数值,由地形、敌我兵种、士气、疲劳、补给、阵型与战况触发；不满足场景时不生效,同类百分比总加成软上限35%；行为解锁不重复叠加，只提高决策置信度,将军真实训练、随军、战斗、战役复盘和军衔成长；少量出生天赋可提高出现概率
SK105_一,老兵带新,初学,训练治军,老兵比例高时新兵经验获取增加,"{""veteran_training_pct"": 10.0}",否/间接,否/间接,启用对应战术权重、阈值和状态机分支；技能不只修改面板数值,由地形、敌我兵种、士气、疲劳、补给、阵型与战况触发；不满足场景时不生效,同类百分比总加成软上限35%；行为解锁不重复叠加，只提高决策置信度,将军真实训练、随军、战斗、战役复盘和军衔成长；少量出生天赋可提高出现概率
SK105_二,老兵带新,精熟,训练治军,老兵比例高时新兵经验获取增加,"{""veteran_training_pct"": 15.5}",否/间接,否/间接,启用对应战术权重、阈值和状态机分支；技能不只修改面板数值,由地形、敌我兵种、士气、疲劳、补给、阵型与战况触发；不满足场景时不生效,同类百分比总加成软上限35%；行为解锁不重复叠加，只提高决策置信度,将军真实训练、随军、战斗、战役复盘和军衔成长；少量出生天赋可提高出现概率
SK105_三,老兵带新,名将,训练治军,老兵比例高时新兵经验获取增加,"{""veteran_training_pct"": 21.0}",否/间接,否/间接,启用对应战术权重、阈值和状态机分支；技能不只修改面板数值,由地形、敌我兵种、士气、疲劳、补给、阵型与战况触发；不满足场景时不生效,同类百分比总加成软上限35%；行为解锁不重复叠加，只提高决策置信度,将军真实训练、随军、战斗、战役复盘和军衔成长；少量出生天赋可提高出现概率
SK106_一,军官轮训,初学,训练治军,基层军官更快获得指挥经验,"{""officer_xp_pct"": 10.0}",否/间接,否/间接,启用对应战术权重、阈值和状态机分支；技能不只修改面板数值,由地形、敌我兵种、士气、疲劳、补给、阵型与战况触发；不满足场景时不生效,同类百分比总加成软上限35%；行为解锁不重复叠加，只提高决策置信度,将军真实训练、随军、战斗、战役复盘和军衔成长；少量出生天赋可提高出现概率
SK106_二,军官轮训,精熟,训练治军,基层军官更快获得指挥经验,"{""officer_xp_pct"": 15.5}",否/间接,否/间接,启用对应战术权重、阈值和状态机分支；技能不只修改面板数值,由地形、敌我兵种、士气、疲劳、补给、阵型与战况触发；不满足场景时不生效,同类百分比总加成软上限35%；行为解锁不重复叠加，只提高决策置信度,将军真实训练、随军、战斗、战役复盘和军衔成长；少量出生天赋可提高出现概率
SK106_三,军官轮训,名将,训练治军,基层军官更快获得指挥经验,"{""officer_xp_pct"": 21.0}",否/间接,否/间接,启用对应战术权重、阈值和状态机分支；技能不只修改面板数值,由地形、敌我兵种、士气、疲劳、补给、阵型与战况触发；不满足场景时不生效,同类百分比总加成软上限35%；行为解锁不重复叠加，只提高决策置信度,将军真实训练、随军、战斗、战役复盘和军衔成长；少量出生天赋可提高出现概率
SK107_一,对抗演练,初学,训练治军,训练中提高格挡、阵线与撤退纪律,"{""drill_quality_pct"": 10.0}",否/间接,否/间接,启用对应战术权重、阈值和状态机分支；技能不只修改面板数值,由地形、敌我兵种、士气、疲劳、补给、阵型与战况触发；不满足场景时不生效,同类百分比总加成软上限35%；行为解锁不重复叠加，只提高决策置信度,将军真实训练、随军、战斗、战役复盘和军衔成长；少量出生天赋可提高出现概率
SK107_二,对抗演练,精熟,训练治军,训练中提高格挡、阵线与撤退纪律,"{""drill_quality_pct"": 15.5}",否/间接,否/间接,启用对应战术权重、阈值和状态机分支；技能不只修改面板数值,由地形、敌我兵种、士气、疲劳、补给、阵型与战况触发；不满足场景时不生效,同类百分比总加成软上限35%；行为解锁不重复叠加，只提高决策置信度,将军真实训练、随军、战斗、战役复盘和军衔成长；少量出生天赋可提高出现概率
SK107_三,对抗演练,名将,训练治军,训练中提高格挡、阵线与撤退纪律,"{""drill_quality_pct"": 21.0}",否/间接,否/间接,启用对应战术权重、阈值和状态机分支；技能不只修改面板数值,由地形、敌我兵种、士气、疲劳、补给、阵型与战况触发；不满足场景时不生效,同类百分比总加成软上限35%；行为解锁不重复叠加，只提高决策置信度,将军真实训练、随军、战斗、战役复盘和军衔成长；少量出生天赋可提高出现概率
SK108_一,战后复盘,初学,训练治军,战斗后将经验更偏向本战役暴露的弱项,"{""adaptive_xp_pct"": 12.0}",否/间接,否/间接,启用对应战术权重、阈值和状态机分支；技能不只修改面板数值,由地形、敌我兵种、士气、疲劳、补给、阵型与战况触发；不满足场景时不生效,同类百分比总加成软上限35%；行为解锁不重复叠加，只提高决策置信度,将军真实训练、随军、战斗、战役复盘和军衔成长；少量出生天赋可提高出现概率
SK108_二,战后复盘,精熟,训练治军,战斗后将经验更偏向本战役暴露的弱项,"{""adaptive_xp_pct"": 18.6}",否/间接,否/间接,启用对应战术权重、阈值和状态机分支；技能不只修改面板数值,由地形、敌我兵种、士气、疲劳、补给、阵型与战况触发；不满足场景时不生效,同类百分比总加成软上限35%；行为解锁不重复叠加，只提高决策置信度,将军真实训练、随军、战斗、战役复盘和军衔成长；少量出生天赋可提高出现概率
SK108_三,战后复盘,名将,训练治军,战斗后将经验更偏向本战役暴露的弱项,"{""adaptive_xp_pct"": 25.2}",否/间接,否/间接,启用对应战术权重、阈值和状态机分支；技能不只修改面板数值,由地形、敌我兵种、士气、疲劳、补给、阵型与战况触发；不满足场景时不生效,同类百分比总加成软上限35%；行为解锁不重复叠加，只提高决策置信度,将军真实训练、随军、战斗、战役复盘和军衔成长；少量出生天赋可提高出现概率
SK109_一,伤员后送,初学,医护恢复,重伤员更快脱离前线，降低二次死亡,"{""wounded_survival_pct"": 8.0}",否/间接,否/间接,启用对应战术权重、阈值和状态机分支；技能不只修改面板数值,由地形、敌我兵种、士气、疲劳、补给、阵型与战况触发；不满足场景时不生效,同类百分比总加成软上限35%；行为解锁不重复叠加，只提高决策置信度,将军真实训练、随军、战斗、战役复盘和军衔成长；少量出生天赋可提高出现概率
SK109_二,伤员后送,精熟,医护恢复,重伤员更快脱离前线，降低二次死亡,"{""wounded_survival_pct"": 12.4}",否/间接,否/间接,启用对应战术权重、阈值和状态机分支；技能不只修改面板数值,由地形、敌我兵种、士气、疲劳、补给、阵型与战况触发；不满足场景时不生效,同类百分比总加成软上限35%；行为解锁不重复叠加，只提高决策置信度,将军真实训练、随军、战斗、战役复盘和军衔成长；少量出生天赋可提高出现概率
SK109_三,伤员后送,名将,医护恢复,重伤员更快脱离前线，降低二次死亡,"{""wounded_survival_pct"": 16.8}",否/间接,否/间接,启用对应战术权重、阈值和状态机分支；技能不只修改面板数值,由地形、敌我兵种、士气、疲劳、补给、阵型与战况触发；不满足场景时不生效,同类百分比总加成软上限35%；行为解锁不重复叠加，只提高决策置信度,将军真实训练、随军、战斗、战役复盘和军衔成长；少量出生天赋可提高出现概率
SK110_一,战地救护,初学,医护恢复,轻伤恢复和止血效率提高,"{""first_aid_pct"": 10.0}",否/间接,否/间接,启用对应战术权重、阈值和状态机分支；技能不只修改面板数值,由地形、敌我兵种、士气、疲劳、补给、阵型与战况触发；不满足场景时不生效,同类百分比总加成软上限35%；行为解锁不重复叠加，只提高决策置信度,将军真实训练、随军、战斗、战役复盘和军衔成长；少量出生天赋可提高出现概率
SK110_二,战地救护,精熟,医护恢复,轻伤恢复和止血效率提高,"{""first_aid_pct"": 15.5}",否/间接,否/间接,启用对应战术权重、阈值和状态机分支；技能不只修改面板数值,由地形、敌我兵种、士气、疲劳、补给、阵型与战况触发；不满足场景时不生效,同类百分比总加成软上限35%；行为解锁不重复叠加，只提高决策置信度,将军真实训练、随军、战斗、战役复盘和军衔成长；少量出生天赋可提高出现概率
SK110_三,战地救护,名将,医护恢复,轻伤恢复和止血效率提高,"{""first_aid_pct"": 21.0}",否/间接,否/间接,启用对应战术权重、阈值和状态机分支；技能不只修改面板数值,由地形、敌我兵种、士气、疲劳、补给、阵型与战况触发；不满足场景时不生效,同类百分比总加成软上限35%；行为解锁不重复叠加，只提高决策置信度,将军真实训练、随军、战斗、战役复盘和军衔成长；少量出生天赋可提高出现概率
SK111_一,疲劳轮替,初学,医护恢复,长时间战斗中后排轮换更合理,"{""combat_fatigue_pct"": -8.0}",否/间接,否/间接,启用对应战术权重、阈值和状态机分支；技能不只修改面板数值,由地形、敌我兵种、士气、疲劳、补给、阵型与战况触发；不满足场景时不生效,同类百分比总加成软上限35%；行为解锁不重复叠加，只提高决策置信度,将军真实训练、随军、战斗、战役复盘和军衔成长；少量出生天赋可提高出现概率
SK111_二,疲劳轮替,精熟,医护恢复,长时间战斗中后排轮换更合理,"{""combat_fatigue_pct"": -12.4}",否/间接,否/间接,启用对应战术权重、阈值和状态机分支；技能不只修改面板数值,由地形、敌我兵种、士气、疲劳、补给、阵型与战况触发；不满足场景时不生效,同类百分比总加成软上限35%；行为解锁不重复叠加，只提高决策置信度,将军真实训练、随军、战斗、战役复盘和军衔成长；少量出生天赋可提高出现概率
SK111_三,疲劳轮替,名将,医护恢复,长时间战斗中后排轮换更合理,"{""combat_fatigue_pct"": -16.8}",否/间接,否/间接,启用对应战术权重、阈值和状态机分支；技能不只修改面板数值,由地形、敌我兵种、士气、疲劳、补给、阵型与战况触发；不满足场景时不生效,同类百分比总加成软上限35%；行为解锁不重复叠加，只提高决策置信度,将军真实训练、随军、战斗、战役复盘和军衔成长；少量出生天赋可提高出现概率
SK112_一,疫病隔离,初学,医护恢复,军营疾病传播降低,"{""camp_disease_pct"": -12.0}",否/间接,否/间接,启用对应战术权重、阈值和状态机分支；技能不只修改面板数值,由地形、敌我兵种、士气、疲劳、补给、阵型与战况触发；不满足场景时不生效,同类百分比总加成软上限35%；行为解锁不重复叠加，只提高决策置信度,将军真实训练、随军、战斗、战役复盘和军衔成长；少量出生天赋可提高出现概率
SK112_二,疫病隔离,精熟,医护恢复,军营疾病传播降低,"{""camp_disease_pct"": -18.6}",否/间接,否/间接,启用对应战术权重、阈值和状态机分支；技能不只修改面板数值,由地形、敌我兵种、士气、疲劳、补给、阵型与战况触发；不满足场景时不生效,同类百分比总加成软上限35%；行为解锁不重复叠加，只提高决策置信度,将军真实训练、随军、战斗、战役复盘和军衔成长；少量出生天赋可提高出现概率
SK112_三,疫病隔离,名将,医护恢复,军营疾病传播降低,"{""camp_disease_pct"": -25.2}",否/间接,否/间接,启用对应战术权重、阈值和状态机分支；技能不只修改面板数值,由地形、敌我兵种、士气、疲劳、补给、阵型与战况触发；不满足场景时不生效,同类百分比总加成软上限35%；行为解锁不重复叠加，只提高决策置信度,将军真实训练、随军、战斗、战役复盘和军衔成长；少量出生天赋可提高出现概率
SK113_一,冬伤防护,初学,医护恢复,寒冷环境冻伤概率降低,"{""frostbite_pct"": -12.0}",否/间接,否/间接,启用对应战术权重、阈值和状态机分支；技能不只修改面板数值,由地形、敌我兵种、士气、疲劳、补给、阵型与战况触发；不满足场景时不生效,同类百分比总加成软上限35%；行为解锁不重复叠加，只提高决策置信度,将军真实训练、随军、战斗、战役复盘和军衔成长；少量出生天赋可提高出现概率
SK113_二,冬伤防护,精熟,医护恢复,寒冷环境冻伤概率降低,"{""frostbite_pct"": -18.6}",否/间接,否/间接,启用对应战术权重、阈值和状态机分支；技能不只修改面板数值,由地形、敌我兵种、士气、疲劳、补给、阵型与战况触发；不满足场景时不生效,同类百分比总加成软上限35%；行为解锁不重复叠加，只提高决策置信度,将军真实训练、随军、战斗、战役复盘和军衔成长；少量出生天赋可提高出现概率
SK113_三,冬伤防护,名将,医护恢复,寒冷环境冻伤概率降低,"{""frostbite_pct"": -25.2}",否/间接,否/间接,启用对应战术权重、阈值和状态机分支；技能不只修改面板数值,由地形、敌我兵种、士气、疲劳、补给、阵型与战况触发；不满足场景时不生效,同类百分比总加成软上限35%；行为解锁不重复叠加，只提高决策置信度,将军真实训练、随军、战斗、战役复盘和军衔成长；少量出生天赋可提高出现概率
SK114_一,战后休整,初学,医护恢复,大战后恢复速度提高但短期不会立刻再出征,"{""postbattle_recovery_pct"": 12.0}",否/间接,否/间接,启用对应战术权重、阈值和状态机分支；技能不只修改面板数值,由地形、敌我兵种、士气、疲劳、补给、阵型与战况触发；不满足场景时不生效,同类百分比总加成软上限35%；行为解锁不重复叠加，只提高决策置信度,将军真实训练、随军、战斗、战役复盘和军衔成长；少量出生天赋可提高出现概率
SK114_二,战后休整,精熟,医护恢复,大战后恢复速度提高但短期不会立刻再出征,"{""postbattle_recovery_pct"": 18.6}",否/间接,否/间接,启用对应战术权重、阈值和状态机分支；技能不只修改面板数值,由地形、敌我兵种、士气、疲劳、补给、阵型与战况触发；不满足场景时不生效,同类百分比总加成软上限35%；行为解锁不重复叠加，只提高决策置信度,将军真实训练、随军、战斗、战役复盘和军衔成长；少量出生天赋可提高出现概率
SK114_三,战后休整,名将,医护恢复,大战后恢复速度提高但短期不会立刻再出征,"{""postbattle_recovery_pct"": 25.2}",否/间接,否/间接,启用对应战术权重、阈值和状态机分支；技能不只修改面板数值,由地形、敌我兵种、士气、疲劳、补给、阵型与战况触发；不满足场景时不生效,同类百分比总加成软上限35%；行为解锁不重复叠加，只提高决策置信度,将军真实训练、随军、战斗、战役复盘和军衔成长；少量出生天赋可提高出现概率
SK115_一,禁掠严军,初学,纪律军心,降低擅自掠夺和队伍离散，军资收益下降,"{""unauthorized_loot_pct"": -18.0, ""loot_income_pct"": -6.0}",否/间接,否/间接,启用对应战术权重、阈值和状态机分支；技能不只修改面板数值,由地形、敌我兵种、士气、疲劳、补给、阵型与战况触发；不满足场景时不生效,同类百分比总加成软上限35%；行为解锁不重复叠加，只提高决策置信度,将军真实训练、随军、战斗、战役复盘和军衔成长；少量出生天赋可提高出现概率
SK115_二,禁掠严军,精熟,纪律军心,降低擅自掠夺和队伍离散，军资收益下降,"{""unauthorized_loot_pct"": -27.9, ""loot_income_pct"": -9.3}",否/间接,否/间接,启用对应战术权重、阈值和状态机分支；技能不只修改面板数值,由地形、敌我兵种、士气、疲劳、补给、阵型与战况触发；不满足场景时不生效,同类百分比总加成软上限35%；行为解锁不重复叠加，只提高决策置信度,将军真实训练、随军、战斗、战役复盘和军衔成长；少量出生天赋可提高出现概率
SK115_三,禁掠严军,名将,纪律军心,降低擅自掠夺和队伍离散，军资收益下降,"{""unauthorized_loot_pct"": -37.8, ""loot_income_pct"": -12.6}",否/间接,否/间接,启用对应战术权重、阈值和状态机分支；技能不只修改面板数值,由地形、敌我兵种、士气、疲劳、补给、阵型与战况触发；不满足场景时不生效,同类百分比总加成软上限35%；行为解锁不重复叠加，只提高决策置信度,将军真实训练、随军、战斗、战役复盘和军衔成长；少量出生天赋可提高出现概率
SK116_一,赏罚分明,初学,纪律军心,胜败结算后士气波动更稳定,"{""morale_variance_pct"": -10.0}",否/间接,否/间接,启用对应战术权重、阈值和状态机分支；技能不只修改面板数值,由地形、敌我兵种、士气、疲劳、补给、阵型与战况触发；不满足场景时不生效,同类百分比总加成软上限35%；行为解锁不重复叠加，只提高决策置信度,将军真实训练、随军、战斗、战役复盘和军衔成长；少量出生天赋可提高出现概率
SK116_二,赏罚分明,精熟,纪律军心,胜败结算后士气波动更稳定,"{""morale_variance_pct"": -15.5}",否/间接,否/间接,启用对应战术权重、阈值和状态机分支；技能不只修改面板数值,由地形、敌我兵种、士气、疲劳、补给、阵型与战况触发；不满足场景时不生效,同类百分比总加成软上限35%；行为解锁不重复叠加，只提高决策置信度,将军真实训练、随军、战斗、战役复盘和军衔成长；少量出生天赋可提高出现概率
SK116_三,赏罚分明,名将,纪律军心,胜败结算后士气波动更稳定,"{""morale_variance_pct"": -21.0}",否/间接,否/间接,启用对应战术权重、阈值和状态机分支；技能不只修改面板数值,由地形、敌我兵种、士气、疲劳、补给、阵型与战况触发；不满足场景时不生效,同类百分比总加成软上限35%；行为解锁不重复叠加，只提高决策置信度,将军真实训练、随军、战斗、战役复盘和军衔成长；少量出生天赋可提高出现概率
SK117_一,饷期不误,初学,纪律军心,军饷足额时士气加成更高；欠饷时也更敏感,"{""paid_morale_bonus_pct"": 8.0, ""arrears_penalty_pct"": 8.0}",否/间接,否/间接,启用对应战术权重、阈值和状态机分支；技能不只修改面板数值,由地形、敌我兵种、士气、疲劳、补给、阵型与战况触发；不满足场景时不生效,同类百分比总加成软上限35%；行为解锁不重复叠加，只提高决策置信度,将军真实训练、随军、战斗、战役复盘和军衔成长；少量出生天赋可提高出现概率
SK117_二,饷期不误,精熟,纪律军心,军饷足额时士气加成更高；欠饷时也更敏感,"{""paid_morale_bonus_pct"": 12.4, ""arrears_penalty_pct"": 12.4}",否/间接,否/间接,启用对应战术权重、阈值和状态机分支；技能不只修改面板数值,由地形、敌我兵种、士气、疲劳、补给、阵型与战况触发；不满足场景时不生效,同类百分比总加成软上限35%；行为解锁不重复叠加，只提高决策置信度,将军真实训练、随军、战斗、战役复盘和军衔成长；少量出生天赋可提高出现概率
SK117_三,饷期不误,名将,纪律军心,军饷足额时士气加成更高；欠饷时也更敏感,"{""paid_morale_bonus_pct"": 16.8, ""arrears_penalty_pct"": 16.8}",否/间接,否/间接,启用对应战术权重、阈值和状态机分支；技能不只修改面板数值,由地形、敌我兵种、士气、疲劳、补给、阵型与战况触发；不满足场景时不生效,同类百分比总加成软上限35%；行为解锁不重复叠加，只提高决策置信度,将军真实训练、随军、战斗、战役复盘和军衔成长；少量出生天赋可提高出现概率
SK118_一,战功核验,初学,纪律军心,减少虚报战功，提高晋升质量,"{""false_merit_pct"": -14.0, ""promotion_quality_pct"": 8.0}",否/间接,否/间接,启用对应战术权重、阈值和状态机分支；技能不只修改面板数值,由地形、敌我兵种、士气、疲劳、补给、阵型与战况触发；不满足场景时不生效,同类百分比总加成软上限35%；行为解锁不重复叠加，只提高决策置信度,将军真实训练、随军、战斗、战役复盘和军衔成长；少量出生天赋可提高出现概率
SK118_二,战功核验,精熟,纪律军心,减少虚报战功，提高晋升质量,"{""false_merit_pct"": -21.7, ""promotion_quality_pct"": 12.4}",否/间接,否/间接,启用对应战术权重、阈值和状态机分支；技能不只修改面板数值,由地形、敌我兵种、士气、疲劳、补给、阵型与战况触发；不满足场景时不生效,同类百分比总加成软上限35%；行为解锁不重复叠加，只提高决策置信度,将军真实训练、随军、战斗、战役复盘和军衔成长；少量出生天赋可提高出现概率
SK118_三,战功核验,名将,纪律军心,减少虚报战功，提高晋升质量,"{""false_merit_pct"": -29.4, ""promotion_quality_pct"": 16.8}",否/间接,否/间接,启用对应战术权重、阈值和状态机分支；技能不只修改面板数值,由地形、敌我兵种、士气、疲劳、补给、阵型与战况触发；不满足场景时不生效,同类百分比总加成软上限35%；行为解锁不重复叠加，只提高决策置信度,将军真实训练、随军、战斗、战役复盘和军衔成长；少量出生天赋可提高出现概率
SK119_一,爱兵惜卒,初学,纪律军心,撤退和伤员保护权重提高，进攻更谨慎,"{""casualty_aversion_pct"": 12.0, ""aggression_pct"": -4.0}",否/间接,否/间接,启用对应战术权重、阈值和状态机分支；技能不只修改面板数值,由地形、敌我兵种、士气、疲劳、补给、阵型与战况触发；不满足场景时不生效,同类百分比总加成软上限35%；行为解锁不重复叠加，只提高决策置信度,将军真实训练、随军、战斗、战役复盘和军衔成长；少量出生天赋可提高出现概率
SK119_二,爱兵惜卒,精熟,纪律军心,撤退和伤员保护权重提高，进攻更谨慎,"{""casualty_aversion_pct"": 18.6, ""aggression_pct"": -6.2}",否/间接,否/间接,启用对应战术权重、阈值和状态机分支；技能不只修改面板数值,由地形、敌我兵种、士气、疲劳、补给、阵型与战况触发；不满足场景时不生效,同类百分比总加成软上限35%；行为解锁不重复叠加，只提高决策置信度,将军真实训练、随军、战斗、战役复盘和军衔成长；少量出生天赋可提高出现概率
SK119_三,爱兵惜卒,名将,纪律军心,撤退和伤员保护权重提高，进攻更谨慎,"{""casualty_aversion_pct"": 25.2, ""aggression_pct"": -8.4}",否/间接,否/间接,启用对应战术权重、阈值和状态机分支；技能不只修改面板数值,由地形、敌我兵种、士气、疲劳、补给、阵型与战况触发；不满足场景时不生效,同类百分比总加成软上限35%；行为解锁不重复叠加，只提高决策置信度,将军真实训练、随军、战斗、战役复盘和军衔成长；少量出生天赋可提高出现概率
SK120_一,威望服众,初学,纪律军心,高威望将军扩大士气影响半径，但政治威胁也上升,"{""morale_aura_pct"": 10.0, ""political_power_pct"": 5.0}",否/间接,否/间接,启用对应战术权重、阈值和状态机分支；技能不只修改面板数值,由地形、敌我兵种、士气、疲劳、补给、阵型与战况触发；不满足场景时不生效,同类百分比总加成软上限35%；行为解锁不重复叠加，只提高决策置信度,将军真实训练、随军、战斗、战役复盘和军衔成长；少量出生天赋可提高出现概率
SK120_二,威望服众,精熟,纪律军心,高威望将军扩大士气影响半径，但政治威胁也上升,"{""morale_aura_pct"": 15.5, ""political_power_pct"": 7.8}",否/间接,否/间接,启用对应战术权重、阈值和状态机分支；技能不只修改面板数值,由地形、敌我兵种、士气、疲劳、补给、阵型与战况触发；不满足场景时不生效,同类百分比总加成软上限35%；行为解锁不重复叠加，只提高决策置信度,将军真实训练、随军、战斗、战役复盘和军衔成长；少量出生天赋可提高出现概率
SK120_三,威望服众,名将,纪律军心,高威望将军扩大士气影响半径，但政治威胁也上升,"{""morale_aura_pct"": 21.0, ""political_power_pct"": 10.5}",否/间接,否/间接,启用对应战术权重、阈值和状态机分支；技能不只修改面板数值,由地形、敌我兵种、士气、疲劳、补给、阵型与战况触发；不满足场景时不生效,同类百分比总加成软上限35%；行为解锁不重复叠加，只提高决策置信度,将军真实训练、随军、战斗、战役复盘和军衔成长；少量出生天赋可提高出现概率
