id,名称,槽位,基础攻击,基础防御,基础耐久,重量,制造材料,允许品质等级,配发优先级,不是人人拥有,唯一物品规则
E001,短剑,主手武器,5,0,80,1.1,铁,0|1|2|3|4|5|6,按军衔、兵种、老兵等级、将军军资、军械库库存共同决定,是。空槽为合法状态，新兵和贫穷军队更常见,大师和传奇可生成独立ID与历史；普通以下使用轻量库存记录
E002,长剑,主手武器,7,0,100,1.7,皮革,0|1|2|3|4|5|6,按军衔、兵种、老兵等级、将军军资、军械库库存共同决定,是。空槽为合法状态，新兵和贫穷军队更常见,大师和传奇可生成独立ID与历史；普通以下使用轻量库存记录
E003,重剑,主手武器,9,0,120,2.3,精铁,0|1|2|3|4|5|6,按军衔、兵种、老兵等级、将军军资、军械库库存共同决定,是。空槽为合法状态，新兵和贫穷军队更常见,大师和传奇可生成独立ID与历史；普通以下使用轻量库存记录
E004,弯刀,主手武器,11,0,140,2.9,木,0|1|2|3|4|5|6,按军衔、兵种、老兵等级、将军军资、军械库库存共同决定,是。空槽为合法状态，新兵和贫穷军队更常见,大师和传奇可生成独立ID与历史；普通以下使用轻量库存记录
E005,战斧,主手武器,13,0,160,3.5,铁,0|1|2|3|4|5|6,按军衔、兵种、老兵等级、将军军资、军械库库存共同决定,是。空槽为合法状态，新兵和贫穷军队更常见,大师和传奇可生成独立ID与历史；普通以下使用轻量库存记录
E006,长柄斧,主手武器,15,0,180,4.1,皮革,0|1|2|3|4|5|6,按军衔、兵种、老兵等级、将军军资、军械库库存共同决定,是。空槽为合法状态，新兵和贫穷军队更常见,大师和传奇可生成独立ID与历史；普通以下使用轻量库存记录
E007,战锤,主手武器,17,0,200,4.7,精铁,0|1|2|3|4|5|6,按军衔、兵种、老兵等级、将军军资、军械库库存共同决定,是。空槽为合法状态，新兵和贫穷军队更常见,大师和传奇可生成独立ID与历史；普通以下使用轻量库存记录
E008,钉头锤,主手武器,19,0,220,5.3,木,0|1|2|3|4|5|6,按军衔、兵种、老兵等级、将军军资、军械库库存共同决定,是。空槽为合法状态，新兵和贫穷军队更常见,大师和传奇可生成独立ID与历史；普通以下使用轻量库存记录
E009,短矛,主手武器,21,0,60,5.9,铁,0|1|2|3|4|5|6,按军衔、兵种、老兵等级、将军军资、军械库库存共同决定,是。空槽为合法状态，新兵和贫穷军队更常见,大师和传奇可生成独立ID与历史；普通以下使用轻量库存记录
E010,长矛,主手武器,23,0,80,0.5,皮革,0|1|2|3|4|5|6,按军衔、兵种、老兵等级、将军军资、军械库库存共同决定,是。空槽为合法状态，新兵和贫穷军队更常见,大师和传奇可生成独立ID与历史；普通以下使用轻量库存记录
E011,长枪,主手武器,25,0,100,1.1,精铁,0|1|2|3|4|5|6,按军衔、兵种、老兵等级、将军军资、军械库库存共同决定,是。空槽为合法状态，新兵和贫穷军队更常见,大师和传奇可生成独立ID与历史；普通以下使用轻量库存记录
E012,双手枪,主手武器,27,0,120,1.7,木,0|1|2|3|4|5|6,按军衔、兵种、老兵等级、将军军资、军械库库存共同决定,是。空槽为合法状态，新兵和贫穷军队更常见,大师和传奇可生成独立ID与历史；普通以下使用轻量库存记录
E013,短弓,主手武器,29,0,140,2.3,铁,0|1|2|3|4|5|6,按军衔、兵种、老兵等级、将军军资、军械库库存共同决定,是。空槽为合法状态，新兵和贫穷军队更常见,大师和传奇可生成独立ID与历史；普通以下使用轻量库存记录
E014,长弓,主手武器,31,0,160,2.9,皮革,0|1|2|3|4|5|6,按军衔、兵种、老兵等级、将军军资、军械库库存共同决定,是。空槽为合法状态，新兵和贫穷军队更常见,大师和传奇可生成独立ID与历史；普通以下使用轻量库存记录
E015,强弩,主手武器,33,0,180,3.5,精铁,0|1|2|3|4|5|6,按军衔、兵种、老兵等级、将军军资、军械库库存共同决定,是。空槽为合法状态，新兵和贫穷军队更常见,大师和传奇可生成独立ID与历史；普通以下使用轻量库存记录
E016,猎弩,主手武器,35,0,200,4.1,木,0|1|2|3|4|5|6,按军衔、兵种、老兵等级、将军军资、军械库库存共同决定,是。空槽为合法状态，新兵和贫穷军队更常见,大师和传奇可生成独立ID与历史；普通以下使用轻量库存记录
E017,匕首,主手武器,3,0,220,4.7,铁,0|1|2|3|4|5|6,按军衔、兵种、老兵等级、将军军资、军械库库存共同决定,是。空槽为合法状态，新兵和贫穷军队更常见,大师和传奇可生成独立ID与历史；普通以下使用轻量库存记录
E018,军刀,主手武器,5,0,60,5.3,皮革,0|1|2|3|4|5|6,按军衔、兵种、老兵等级、将军军资、军械库库存共同决定,是。空槽为合法状态，新兵和贫穷军队更常见,大师和传奇可生成独立ID与历史；普通以下使用轻量库存记录
E019,木棍,主手武器,7,0,80,5.9,精铁,0|1|2|3|4|5|6,按军衔、兵种、老兵等级、将军军资、军械库库存共同决定,是。空槽为合法状态，新兵和贫穷军队更常见,大师和传奇可生成独立ID与历史；普通以下使用轻量库存记录
E020,铁杖,主手武器,9,0,100,0.5,木,0|1|2|3|4|5|6,按军衔、兵种、老兵等级、将军军资、军械库库存共同决定,是。空槽为合法状态，新兵和贫穷军队更常见,大师和传奇可生成独立ID与历史；普通以下使用轻量库存记录
E021,布衣,身体防具,0,22,120,1.1,铁,0|1|2|3|4|5|6,按军衔、兵种、老兵等级、将军军资、军械库库存共同决定,是。空槽为合法状态，新兵和贫穷军队更常见,大师和传奇可生成独立ID与历史；普通以下使用轻量库存记录
E022,皮甲,身体防具,0,2,140,1.7,皮革,0|1|2|3|4|5|6,按军衔、兵种、老兵等级、将军军资、军械库库存共同决定,是。空槽为合法状态，新兵和贫穷军队更常见,大师和传奇可生成独立ID与历史；普通以下使用轻量库存记录
E023,硬皮甲,身体防具,0,4,160,2.3,精铁,0|1|2|3|4|5|6,按军衔、兵种、老兵等级、将军军资、军械库库存共同决定,是。空槽为合法状态，新兵和贫穷军队更常见,大师和传奇可生成独立ID与历史；普通以下使用轻量库存记录
E024,鳞甲,身体防具,0,6,180,2.9,木,0|1|2|3|4|5|6,按军衔、兵种、老兵等级、将军军资、军械库库存共同决定,是。空槽为合法状态，新兵和贫穷军队更常见,大师和传奇可生成独立ID与历史；普通以下使用轻量库存记录
E025,锁甲,身体防具,0,8,200,3.5,铁,0|1|2|3|4|5|6,按军衔、兵种、老兵等级、将军军资、军械库库存共同决定,是。空槽为合法状态，新兵和贫穷军队更常见,大师和传奇可生成独立ID与历史；普通以下使用轻量库存记录
E026,板链混合甲,身体防具,0,10,220,4.1,皮革,0|1|2|3|4|5|6,按军衔、兵种、老兵等级、将军军资、军械库库存共同决定,是。空槽为合法状态，新兵和贫穷军队更常见,大师和传奇可生成独立ID与历史；普通以下使用轻量库存记录
E027,胸甲,身体防具,0,12,60,4.7,精铁,0|1|2|3|4|5|6,按军衔、兵种、老兵等级、将军军资、军械库库存共同决定,是。空槽为合法状态，新兵和贫穷军队更常见,大师和传奇可生成独立ID与历史；普通以下使用轻量库存记录
E028,重板甲,身体防具,0,14,80,5.3,木,0|1|2|3|4|5|6,按军衔、兵种、老兵等级、将军军资、军械库库存共同决定,是。空槽为合法状态，新兵和贫穷军队更常见,大师和传奇可生成独立ID与历史；普通以下使用轻量库存记录
E029,骑兵甲,身体防具,0,16,100,5.9,铁,0|1|2|3|4|5|6,按军衔、兵种、老兵等级、将军军资、军械库库存共同决定,是。空槽为合法状态，新兵和贫穷军队更常见,大师和传奇可生成独立ID与历史；普通以下使用轻量库存记录
E030,将军甲,身体防具,0,18,120,0.5,皮革,0|1|2|3|4|5|6,按军衔、兵种、老兵等级、将军军资、军械库库存共同决定,是。空槽为合法状态，新兵和贫穷军队更常见,大师和传奇可生成独立ID与历史；普通以下使用轻量库存记录
E031,御寒甲,身体防具,0,20,140,1.1,精铁,0|1|2|3|4|5|6,按军衔、兵种、老兵等级、将军军资、军械库库存共同决定,是。空槽为合法状态，新兵和贫穷军队更常见,大师和传奇可生成独立ID与历史；普通以下使用轻量库存记录
E032,轻便战甲,身体防具,0,22,160,1.7,木,0|1|2|3|4|5|6,按军衔、兵种、老兵等级、将军军资、军械库库存共同决定,是。空槽为合法状态，新兵和贫穷军队更常见,大师和传奇可生成独立ID与历史；普通以下使用轻量库存记录
E033,布帽,头部防具,0,2,180,2.3,铁,0|1|2|3|4|5|6,按军衔、兵种、老兵等级、将军军资、军械库库存共同决定,是。空槽为合法状态，新兵和贫穷军队更常见,大师和传奇可生成独立ID与历史；普通以下使用轻量库存记录
E034,皮盔,头部防具,0,4,200,2.9,皮革,0|1|2|3|4|5|6,按军衔、兵种、老兵等级、将军军资、军械库库存共同决定,是。空槽为合法状态，新兵和贫穷军队更常见,大师和传奇可生成独立ID与历史；普通以下使用轻量库存记录
E035,铁盔,头部防具,0,6,220,3.5,精铁,0|1|2|3|4|5|6,按军衔、兵种、老兵等级、将军军资、军械库库存共同决定,是。空槽为合法状态，新兵和贫穷军队更常见,大师和传奇可生成独立ID与历史；普通以下使用轻量库存记录
E036,鼻护盔,头部防具,0,8,60,4.1,木,0|1|2|3|4|5|6,按军衔、兵种、老兵等级、将军军资、军械库库存共同决定,是。空槽为合法状态，新兵和贫穷军队更常见,大师和传奇可生成独立ID与历史；普通以下使用轻量库存记录
E037,链甲兜帽,头部防具,0,10,80,4.7,铁,0|1|2|3|4|5|6,按军衔、兵种、老兵等级、将军军资、军械库库存共同决定,是。空槽为合法状态，新兵和贫穷军队更常见,大师和传奇可生成独立ID与历史；普通以下使用轻量库存记录
E038,全覆盔,头部防具,0,12,100,5.3,皮革,0|1|2|3|4|5|6,按军衔、兵种、老兵等级、将军军资、军械库库存共同决定,是。空槽为合法状态，新兵和贫穷军队更常见,大师和传奇可生成独立ID与历史；普通以下使用轻量库存记录
E039,骑兵盔,头部防具,0,14,120,5.9,精铁,0|1|2|3|4|5|6,按军衔、兵种、老兵等级、将军军资、军械库库存共同决定,是。空槽为合法状态，新兵和贫穷军队更常见,大师和传奇可生成独立ID与历史；普通以下使用轻量库存记录
E040,将军盔,头部防具,0,16,140,0.5,木,0|1|2|3|4|5|6,按军衔、兵种、老兵等级、将军军资、军械库库存共同决定,是。空槽为合法状态，新兵和贫穷军队更常见,大师和传奇可生成独立ID与历史；普通以下使用轻量库存记录
E041,木圆盾,副手盾牌,0,18,160,1.1,铁,0|1|2|3|4|5|6,按军衔、兵种、老兵等级、将军军资、军械库库存共同决定,是。空槽为合法状态，新兵和贫穷军队更常见,大师和传奇可生成独立ID与历史；普通以下使用轻量库存记录
E042,木塔盾,副手盾牌,0,20,180,1.7,皮革,0|1|2|3|4|5|6,按军衔、兵种、老兵等级、将军军资、军械库库存共同决定,是。空槽为合法状态，新兵和贫穷军队更常见,大师和传奇可生成独立ID与历史；普通以下使用轻量库存记录
E043,铁边圆盾,副手盾牌,0,22,200,2.3,精铁,0|1|2|3|4|5|6,按军衔、兵种、老兵等级、将军军资、军械库库存共同决定,是。空槽为合法状态，新兵和贫穷军队更常见,大师和传奇可生成独立ID与历史；普通以下使用轻量库存记录
E044,鸢盾,副手盾牌,0,2,220,2.9,木,0|1|2|3|4|5|6,按军衔、兵种、老兵等级、将军军资、军械库库存共同决定,是。空槽为合法状态，新兵和贫穷军队更常见,大师和传奇可生成独立ID与历史；普通以下使用轻量库存记录
E045,重塔盾,副手盾牌,0,4,60,3.5,铁,0|1|2|3|4|5|6,按军衔、兵种、老兵等级、将军军资、军械库库存共同决定,是。空槽为合法状态，新兵和贫穷军队更常见,大师和传奇可生成独立ID与历史；普通以下使用轻量库存记录
E046,骑兵盾,副手盾牌,0,6,80,4.1,皮革,0|1|2|3|4|5|6,按军衔、兵种、老兵等级、将军军资、军械库库存共同决定,是。空槽为合法状态，新兵和贫穷军队更常见,大师和传奇可生成独立ID与历史；普通以下使用轻量库存记录
E047,精钢盾,副手盾牌,0,8,100,4.7,精铁,0|1|2|3|4|5|6,按军衔、兵种、老兵等级、将军军资、军械库库存共同决定,是。空槽为合法状态，新兵和贫穷军队更常见,大师和传奇可生成独立ID与历史；普通以下使用轻量库存记录
E048,仪仗盾,副手盾牌,0,10,120,5.3,木,0|1|2|3|4|5|6,按军衔、兵种、老兵等级、将军军资、军械库库存共同决定,是。空槽为合法状态，新兵和贫穷军队更常见,大师和传奇可生成独立ID与历史；普通以下使用轻量库存记录
E049,草鞋,足部,0,12,140,5.9,铁,0|1|2|3|4|5|6,按军衔、兵种、老兵等级、将军军资、军械库库存共同决定,是。空槽为合法状态，新兵和贫穷军队更常见,大师和传奇可生成独立ID与历史；普通以下使用轻量库存记录
E050,皮靴,足部,0,14,160,0.5,皮革,0|1|2|3|4|5|6,按军衔、兵种、老兵等级、将军军资、军械库库存共同决定,是。空槽为合法状态，新兵和贫穷军队更常见,大师和传奇可生成独立ID与历史；普通以下使用轻量库存记录
E051,硬皮靴,足部,0,16,180,1.1,精铁,0|1|2|3|4|5|6,按军衔、兵种、老兵等级、将军军资、军械库库存共同决定,是。空槽为合法状态，新兵和贫穷军队更常见,大师和传奇可生成独立ID与历史；普通以下使用轻量库存记录
E052,军靴,足部,0,18,200,1.7,木,0|1|2|3|4|5|6,按军衔、兵种、老兵等级、将军军资、军械库库存共同决定,是。空槽为合法状态，新兵和贫穷军队更常见,大师和传奇可生成独立ID与历史；普通以下使用轻量库存记录
E053,铁护胫,足部,0,20,220,2.3,铁,0|1|2|3|4|5|6,按军衔、兵种、老兵等级、将军军资、军械库库存共同决定,是。空槽为合法状态，新兵和贫穷军队更常见,大师和传奇可生成独立ID与历史；普通以下使用轻量库存记录
E054,骑兵靴,足部,0,22,60,2.9,皮革,0|1|2|3|4|5|6,按军衔、兵种、老兵等级、将军军资、军械库库存共同决定,是。空槽为合法状态，新兵和贫穷军队更常见,大师和传奇可生成独立ID与历史；普通以下使用轻量库存记录
E055,雪地靴,足部,0,2,80,3.5,精铁,0|1|2|3|4|5|6,按军衔、兵种、老兵等级、将军军资、军械库库存共同决定,是。空槽为合法状态，新兵和贫穷军队更常见,大师和传奇可生成独立ID与历史；普通以下使用轻量库存记录
E056,沙地靴,足部,0,4,100,4.1,木,0|1|2|3|4|5|6,按军衔、兵种、老兵等级、将军军资、军械库库存共同决定,是。空槽为合法状态，新兵和贫穷军队更常见,大师和传奇可生成独立ID与历史；普通以下使用轻量库存记录
E057,铜戒,饰品,0,0,120,4.7,铁,0|1|2|3|4|5|6,按军衔、兵种、老兵等级、将军军资、军械库库存共同决定,是。空槽为合法状态，新兵和贫穷军队更常见,大师和传奇可生成独立ID与历史；普通以下使用轻量库存记录
E058,银戒,饰品,0,0,140,5.3,皮革,0|1|2|3|4|5|6,按军衔、兵种、老兵等级、将军军资、军械库库存共同决定,是。空槽为合法状态，新兵和贫穷军队更常见,大师和传奇可生成独立ID与历史；普通以下使用轻量库存记录
E059,金戒,饰品,0,0,160,5.9,精铁,0|1|2|3|4|5|6,按军衔、兵种、老兵等级、将军军资、军械库库存共同决定,是。空槽为合法状态，新兵和贫穷军队更常见,大师和传奇可生成独立ID与历史；普通以下使用轻量库存记录
E060,护符,饰品,0,0,180,0.5,木,0|1|2|3|4|5|6,按军衔、兵种、老兵等级、将军军资、军械库库存共同决定,是。空槽为合法状态，新兵和贫穷军队更常见,大师和传奇可生成独立ID与历史；普通以下使用轻量库存记录
E061,军功章,饰品,0,0,200,1.1,铁,0|1|2|3|4|5|6,按军衔、兵种、老兵等级、将军军资、军械库库存共同决定,是。空槽为合法状态，新兵和贫穷军队更常见,大师和传奇可生成独立ID与历史；普通以下使用轻量库存记录
E062,贵族徽记,饰品,0,0,220,1.7,皮革,0|1|2|3|4|5|6,按军衔、兵种、老兵等级、将军军资、军械库库存共同决定,是。空槽为合法状态，新兵和贫穷军队更常见,大师和传奇可生成独立ID与历史；普通以下使用轻量库存记录
E063,商会徽记,饰品,0,0,60,2.3,精铁,0|1|2|3|4|5|6,按军衔、兵种、老兵等级、将军军资、军械库库存共同决定,是。空槽为合法状态，新兵和贫穷军队更常见,大师和传奇可生成独立ID与历史；普通以下使用轻量库存记录
E064,王室印记,饰品,0,0,80,2.9,木,0|1|2|3|4|5|6,按军衔、兵种、老兵等级、将军军资、军械库库存共同决定,是。空槽为合法状态，新兵和贫穷军队更常见,大师和传奇可生成独立ID与历史；普通以下使用轻量库存记录
E065,布鞍,马具,0,22,100,3.5,铁,0|1|2|3|4|5|6,按军衔、兵种、老兵等级、将军军资、军械库库存共同决定,是。空槽为合法状态，新兵和贫穷军队更常见,大师和传奇可生成独立ID与历史；普通以下使用轻量库存记录
E066,皮鞍,马具,0,2,120,4.1,皮革,0|1|2|3|4|5|6,按军衔、兵种、老兵等级、将军军资、军械库库存共同决定,是。空槽为合法状态，新兵和贫穷军队更常见,大师和传奇可生成独立ID与历史；普通以下使用轻量库存记录
E067,军鞍,马具,0,4,140,4.7,精铁,0|1|2|3|4|5|6,按军衔、兵种、老兵等级、将军军资、军械库库存共同决定,是。空槽为合法状态，新兵和贫穷军队更常见,大师和传奇可生成独立ID与历史；普通以下使用轻量库存记录
E068,重骑鞍,马具,0,6,160,5.3,木,0|1|2|3|4|5|6,按军衔、兵种、老兵等级、将军军资、军械库库存共同决定,是。空槽为合法状态，新兵和贫穷军队更常见,大师和传奇可生成独立ID与历史；普通以下使用轻量库存记录
E069,马面甲,马具,0,8,180,5.9,铁,0|1|2|3|4|5|6,按军衔、兵种、老兵等级、将军军资、军械库库存共同决定,是。空槽为合法状态，新兵和贫穷军队更常见,大师和传奇可生成独立ID与历史；普通以下使用轻量库存记录
E070,马胸甲,马具,0,10,200,0.5,皮革,0|1|2|3|4|5|6,按军衔、兵种、老兵等级、将军军资、军械库库存共同决定,是。空槽为合法状态，新兵和贫穷军队更常见,大师和传奇可生成独立ID与历史；普通以下使用轻量库存记录
E071,全身马甲,马具,0,12,220,1.1,精铁,0|1|2|3|4|5|6,按军衔、兵种、老兵等级、将军军资、军械库库存共同决定,是。空槽为合法状态，新兵和贫穷军队更常见,大师和传奇可生成独立ID与历史；普通以下使用轻量库存记录
E072,名马缰具,马具,0,14,60,1.7,木,0|1|2|3|4|5|6,按军衔、兵种、老兵等级、将军军资、军械库库存共同决定,是。空槽为合法状态，新兵和贫穷军队更常见,大师和传奇可生成独立ID与历史；普通以下使用轻量库存记录
