id,传统名称,类型,核心专长,家族机制,默认家兵,适合城市,家徽生成规则,主色建议,继承规则,反叛倾向
FT01,铁壁世家,军事,守城、盾兵、纪律,更容易产生防守型将军,家族私兵偏盾卫/枪卫,平原王领,底色取家族主色；图案从兽、兵器、山河、星月、植物五组中按传统权重抽取；同局不重复主图案+主色组合,深蓝,家主死亡后按嫡系/能力/军功综合评分继承；继承争议可触发分家或派系事件,由野心、家族军力、商资、领主威望、官员关系和近期惩罚共同计算，不由单一标签决定
FT02,长枪世家,军事,枪矛、阵线、反骑,枪兵训练费用下降,家族枪阵兵,山岭堡城,底色取家族主色；图案从兽、兵器、山河、星月、植物五组中按传统权重抽取；同局不重复主图案+主色组合,墨绿,家主死亡后按嫡系/能力/军功综合评分继承；继承争议可触发分家或派系事件,由野心、家族军力、商资、领主威望、官员关系和近期惩罚共同计算，不由单一标签决定
FT03,骑射世家,军事,骑术、弓术、侦察,骑射手成长更快,家族游骑,河谷商都,底色取家族主色；图案从兽、兵器、山河、星月、植物五组中按传统权重抽取；同局不重复主图案+主色组合,土黄,家主死亡后按嫡系/能力/军功综合评分继承；继承争议可触发分家或派系事件,由野心、家族军力、商资、领主威望、官员关系和近期惩罚共同计算，不由单一标签决定
FT04,重骑世家,军事,马政、重甲、冲锋,高品质战马配给优先,家族重骑,森林猎镇,底色取家族主色；图案从兽、兵器、山河、星月、植物五组中按传统权重抽取；同局不重复主图案+主色组合,紫褐,家主死亡后按嫡系/能力/军功综合评分继承；继承争议可触发分家或派系事件,由野心、家族军力、商资、领主威望、官员关系和近期惩罚共同计算，不由单一标签决定
FT05,猎弓世家,军事,弓术、森林、伏击,森林侦察加成,家族猎卫,草原牧城,底色取家族主色；图案从兽、兵器、山河、星月、植物五组中按传统权重抽取；同局不重复主图案+主色组合,灰白,家主死亡后按嫡系/能力/军功综合评分继承；继承争议可触发分家或派系事件,由野心、家族军力、商资、领主威望、官员关系和近期惩罚共同计算，不由单一标签决定
FT06,边军世家,军事,耐力、巡边、反伏击,边境忠诚更稳,边军亲卫,海港贸易城,底色取家族主色；图案从兽、兵器、山河、星月、植物五组中按传统权重抽取；同局不重复主图案+主色组合,暗红,家主死亡后按嫡系/能力/军功综合评分继承；继承争议可触发分家或派系事件,由野心、家族军力、商资、领主威望、官员关系和近期惩罚共同计算，不由单一标签决定
FT07,攻城世家,军事,工程、攻城、军械,攻城器械准备更快,工程卫队,寒原边塞,底色取家族主色；图案从兽、兵器、山河、星月、植物五组中按传统权重抽取；同局不重复主图案+主色组合,深蓝,家主死亡后按嫡系/能力/军功综合评分继承；继承争议可触发分家或派系事件,由野心、家族军力、商资、领主威望、官员关系和近期惩罚共同计算，不由单一标签决定
FT08,护粮世家,军事,后勤、护送、道路,补给线损失降低,辎重护军,绿洲商镇,底色取家族主色；图案从兽、兵器、山河、星月、植物五组中按传统权重抽取；同局不重复主图案+主色组合,墨绿,家主死亡后按嫡系/能力/军功综合评分继承；继承争议可触发分家或派系事件,由野心、家族军力、商资、领主威望、官员关系和近期惩罚共同计算，不由单一标签决定
FT09,铸兵世家,工商业,锻造、矿业、军械,优良装备产出率高,铸城甲卫,湖沼水乡,底色取家族主色；图案从兽、兵器、山河、星月、植物五组中按传统权重抽取；同局不重复主图案+主色组合,土黄,家主死亡后按嫡系/能力/军功综合评分继承；继承争议可触发分家或派系事件,由野心、家族军力、商资、领主威望、官员关系和近期惩罚共同计算，不由单一标签决定
FT10,商路世家,商贸,运输、贸易、融资,商路利润和投资能力高,商团护卫,矿山铸城,底色取家族主色；图案从兽、兵器、山河、星月、植物五组中按传统权重抽取；同局不重复主图案+主色组合,紫褐,家主死亡后按嫡系/能力/军功综合评分继承；继承争议可触发分家或派系事件,由野心、家族军力、商资、领主威望、官员关系和近期惩罚共同计算，不由单一标签决定
FT11,盐铁世家,商贸,矿税、专卖、官商,财政收入稳定但商人权势大,税关卫队,王都核心城,底色取家族主色；图案从兽、兵器、山河、星月、植物五组中按传统权重抽取；同局不重复主图案+主色组合,灰白,家主死亡后按嫡系/能力/军功综合评分继承；继承争议可触发分家或派系事件,由野心、家族军力、商资、领主威望、官员关系和近期惩罚共同计算，不由单一标签决定
FT12,粮仓世家,经济,农业、储粮、价格稳定,饥荒风险低,粮仓守卫,边境混合城,底色取家族主色；图案从兽、兵器、山河、星月、植物五组中按传统权重抽取；同局不重复主图案+主色组合,暗红,家主死亡后按嫡系/能力/军功综合评分继承；继承争议可触发分家或派系事件,由野心、家族军力、商资、领主威望、官员关系和近期惩罚共同计算，不由单一标签决定
FT13,牧马世家,经济,畜牧、育马、骑兵供给,军马繁育更快,牧场护骑,平原王领,底色取家族主色；图案从兽、兵器、山河、星月、植物五组中按传统权重抽取；同局不重复主图案+主色组合,深蓝,家主死亡后按嫡系/能力/军功综合评分继承；继承争议可触发分家或派系事件,由野心、家族军力、商资、领主威望、官员关系和近期惩罚共同计算，不由单一标签决定
FT14,海贸世家,商贸,港口、进口、远距贸易,进口装备更便宜,港商佣兵,山岭堡城,底色取家族主色；图案从兽、兵器、山河、星月、植物五组中按传统权重抽取；同局不重复主图案+主色组合,墨绿,家主死亡后按嫡系/能力/军功综合评分继承；继承争议可触发分家或派系事件,由野心、家族军力、商资、领主威望、官员关系和近期惩罚共同计算，不由单一标签决定
FT15,营造世家,行政,建造、城墙、道路,工程工期缩短,工兵护卫,河谷商都,底色取家族主色；图案从兽、兵器、山河、星月、植物五组中按传统权重抽取；同局不重复主图案+主色组合,土黄,家主死亡后按嫡系/能力/军功综合评分继承；继承争议可触发分家或派系事件,由野心、家族军力、商资、领主威望、官员关系和近期惩罚共同计算，不由单一标签决定
FT16,法吏世家,行政,治安、税籍、审判,犯罪和逃税下降,城巡卫,森林猎镇,底色取家族主色；图案从兽、兵器、山河、星月、植物五组中按传统权重抽取；同局不重复主图案+主色组合,紫褐,家主死亡后按嫡系/能力/军功综合评分继承；继承争议可触发分家或派系事件,由野心、家族军力、商资、领主威望、官员关系和近期惩罚共同计算，不由单一标签决定
FT17,文官世家,行政,政策、教育、行政,高能力官员概率高,无固定私兵，行政影响大,草原牧城,底色取家族主色；图案从兽、兵器、山河、星月、植物五组中按传统权重抽取；同局不重复主图案+主色组合,灰白,家主死亡后按嫡系/能力/军功综合评分继承；继承争议可触发分家或派系事件,由野心、家族军力、商资、领主威望、官员关系和近期惩罚共同计算，不由单一标签决定
FT18,外交世家,政治,关系、盟约、谈判,外交政策成功率高,使团护卫,海港贸易城,底色取家族主色；图案从兽、兵器、山河、星月、植物五组中按传统权重抽取；同局不重复主图案+主色组合,暗红,家主死亡后按嫡系/能力/军功综合评分继承；继承争议可触发分家或派系事件,由野心、家族军力、商资、领主威望、官员关系和近期惩罚共同计算，不由单一标签决定
FT19,王室姻亲,政治,宫廷、威望、贵族关系,王室忠诚初始高但野心上限也高,王庭侍卫,寒原边塞,底色取家族主色；图案从兽、兵器、山河、星月、植物五组中按传统权重抽取；同局不重复主图案+主色组合,深蓝,家主死亡后按嫡系/能力/军功综合评分继承；继承争议可触发分家或派系事件,由野心、家族军力、商资、领主威望、官员关系和近期惩罚共同计算，不由单一标签决定
FT20,旧王族支系,政治,血统、威望、继承权,更易获得贵族支持，也更易成为叛乱核心,宗室近卫,绿洲商镇,底色取家族主色；图案从兽、兵器、山河、星月、植物五组中按传统权重抽取；同局不重复主图案+主色组合,墨绿,家主死亡后按嫡系/能力/军功综合评分继承；继承争议可触发分家或派系事件,由野心、家族军力、商资、领主威望、官员关系和近期惩罚共同计算，不由单一标签决定
FT21,军功新贵,社会,战功、纪律、上升通道,平民晋升贵族门槛降低,军功亲兵,湖沼水乡,底色取家族主色；图案从兽、兵器、山河、星月、植物五组中按传统权重抽取；同局不重复主图案+主色组合,土黄,家主死亡后按嫡系/能力/军功综合评分继承；继承争议可触发分家或派系事件,由野心、家族军力、商资、领主威望、官员关系和近期惩罚共同计算，不由单一标签决定
FT22,矿主豪族,商贸,资本、矿山、雇工,财富增长快但被抢劫价值高,矿场护卫,矿山铸城,底色取家族主色；图案从兽、兵器、山河、星月、植物五组中按传统权重抽取；同局不重复主图案+主色组合,紫褐,家主死亡后按嫡系/能力/军功综合评分继承；继承争议可触发分家或派系事件,由野心、家族军力、商资、领主威望、官员关系和近期惩罚共同计算，不由单一标签决定
FT23,地方望族,社会,人口、土地、乡里关系,城市忠诚稳定,乡勇,王都核心城,底色取家族主色；图案从兽、兵器、山河、星月、植物五组中按传统权重抽取；同局不重复主图案+主色组合,灰白,家主死亡后按嫡系/能力/军功综合评分继承；继承争议可触发分家或派系事件,由野心、家族军力、商资、领主威望、官员关系和近期惩罚共同计算，不由单一标签决定
FT24,学者家族,行政,智力、教育、技术,政策门槛有效降低,无特殊战斗兵种，解锁学院人才,边境混合城,底色取家族主色；图案从兽、兵器、山河、星月、植物五组中按传统权重抽取；同局不重复主图案+主色组合,暗红,家主死亡后按嫡系/能力/军功综合评分继承；继承争议可触发分家或派系事件,由野心、家族军力、商资、领主威望、官员关系和近期惩罚共同计算，不由单一标签决定
