ID,家族名称,地望,姓氏,家族传统,初始社会层,家徽主色
FAM001,丰原沈氏,丰原,沈,军功门第,贵族,朱红
FAM002,嘉禾吕氏,嘉禾,吕,文治门第,贵族,黛青
FAM003,长畴金氏,长畴,金,商贾豪族,富商,玄黑
FAM004,宁川喻氏,宁川,喻,铸造世家,贵族,铜黄
FAM005,安穗葛氏,安穗,葛,农桑望族,贵族,松绿
FAM006,清畴昌氏,清畴,昌,边军世家,贵族,霜白
FAM007,丰泽任氏,丰泽,任,骑牧家族,富商,朱红
FAM008,临禾廉氏,临禾,廉,河运商族,贵族,黛青
FAM009,永丰滕氏,永丰,滕,猎户豪族,贵族,玄黑
FAM010,望川常氏,望川,常,工匠世家,贵族,铜黄
FAM011,承平康氏,承平,康,王室支族,富商,松绿
FAM012,瑞原平氏,瑞原,平,新晋贵族,贵族,霜白
FAM013,白石湛氏,白石,湛,军功门第,贵族,朱红
FAM014,铁关贝氏,铁关,贝,文治门第,贵族,黛青
FAM015,云岭宋氏,云岭,宋,商贾豪族,富商,玄黑
FAM016,苍崖项氏,苍崖,项,铸造世家,贵族,铜黄
FAM017,镇岳闵氏,镇岳,闵,农桑望族,贵族,松绿
FAM018,玄峰娄氏,玄峰,娄,边军世家,贵族,霜白
FAM019,虎隘刁氏,虎隘,刁,骑牧家族,富商,朱红
FAM020,石门蔡氏,石门,蔡,河运商族,贵族,黛青
FAM021,高岑万氏,高岑,万,猎户豪族,贵族,玄黑
FAM022,断岭经氏,断岭,经,工匠世家,贵族,铜黄
FAM023,栖岩丁氏,栖岩,丁,王室支族,富商,松绿
FAM024,盘山包氏,盘山,包,新晋贵族,贵族,霜白
FAM025,清河嵇氏,清河,嵇,军功门第,贵族,朱红
FAM026,金津荀氏,金津,荀,文治门第,贵族,黛青
FAM027,通川储氏,通川,储,商贾豪族,富商,玄黑
FAM028,澄江段氏,澄江,段,铸造世家,贵族,铜黄
FAM029,永渡牧氏,永渡,牧,农桑望族,贵族,松绿
FAM030,青浦蓬氏,青浦,蓬,边军世家,贵族,霜白
FAM031,临津伊氏,临津,伊,骑牧家族,富商,朱红
FAM032,汇川厉氏,汇川,厉,河运商族,贵族,黛青
FAM033,长桥詹氏,长桥,詹,猎户豪族,贵族,玄黑
FAM034,平码闻氏,平码,闻,工匠世家,贵族,铜黄
FAM035,瑞津姬氏,瑞津,姬,王室支族,富商,松绿
FAM036,河仓雍氏,河仓,雍,新晋贵族,贵族,霜白
FAM037,玄松寿氏,玄松,寿,军功门第,贵族,朱红
FAM038,青梧农氏,青梧,农,文治门第,贵族,黛青
FAM039,鹿鸣阎氏,鹿鸣,阎,商贾豪族,富商,玄黑
FAM040,深林鱼氏,深林,鱼,铸造世家,贵族,铜黄
FAM041,苍木廖氏,苍木,廖,农桑望族,贵族,松绿
FAM042,暮森耿氏,暮森,耿,边军世家,贵族,霜白
FAM043,栖鹿广氏,栖鹿,广,骑牧家族,富商,朱红
FAM044,青藤利氏,青藤,利,河运商族,贵族,黛青
FAM045,猎谷厍氏,猎谷,厍,猎户豪族,贵族,玄黑
FAM046,松岚訾氏,松岚,訾,工匠世家,贵族,铜黄
FAM047,百木曾氏,百木,曾,王室支族,富商,松绿
FAM048,隐泉丰氏,隐泉,丰,新晋贵族,贵族,霜白
FAM049,长风荆氏,长风,荆,军功门第,贵族,朱红
FAM050,逐日益氏,逐日,益,文治门第,贵族,黛青
FAM051,白原周氏,白原,周,商贾豪族,富商,玄黑
FAM052,牧野卫氏,牧野,卫,铸造世家,贵族,铜黄
FAM053,苍穹许氏,苍穹,许,农桑望族,贵族,松绿
FAM054,鹰台严氏,鹰台,严,边军世家,贵族,霜白
FAM055,风丘谢氏,风丘,谢,骑牧家族,富商,朱红
FAM056,青牧苏氏,青牧,苏,河运商族,贵族,黛青
FAM057,野川鲁氏,野川,鲁,猎户豪族,贵族,玄黑
FAM058,赤草方氏,赤草,方,工匠世家,贵族,铜黄
FAM059,天野唐氏,天野,唐,王室支族,富商,松绿
FAM060,长牧倪氏,长牧,倪,新晋贵族,贵族,霜白
FAM061,沧港邬氏,沧港,邬,军功门第,贵族,朱红
FAM062,青帆卞氏,青帆,卞,文治门第,贵族,黛青
FAM063,海陵顾氏,海陵,顾,商贾豪族,富商,玄黑
FAM064,望潮姚氏,望潮,姚,铸造世家,贵族,铜黄
FAM065,金湾狄氏,金湾,狄,农桑望族,贵族,松绿
FAM066,澄港成氏,澄港,成,边军世家,贵族,霜白
FAM067,东汐舒氏,东汐,舒,骑牧家族,富商,朱红
FAM068,云帆阮氏,云帆,阮,河运商族,贵族,黛青
FAM069,临海贾氏,临海,贾,猎户豪族,贵族,玄黑
FAM070,银湾梅氏,银湾,梅,工匠世家,贵族,铜黄
FAM071,潮门高氏,潮门,高,王室支族,富商,松绿
FAM072,远泊霍氏,远泊,霍,新晋贵族,贵族,霜白
FAM073,朔宁卢氏,朔宁,卢,军功门第,贵族,朱红
FAM074,霜原应氏,霜原,应,文治门第,贵族,黛青
FAM075,北垒杭氏,北垒,杭,商贾豪族,富商,玄黑
FAM076,寒川龚氏,寒川,龚,铸造世家,贵族,铜黄
FAM077,白岭荣氏,白岭,荣,农桑望族,贵族,松绿
FAM078,冰城封氏,冰城,封,边军世家,贵族,霜白
FAM079,冬堡松氏,冬堡,松,骑牧家族,富商,朱红
FAM080,雪关巴氏,雪关,巴,河运商族,贵族,黛青
FAM081,北庭侯氏,北庭,侯,猎户豪族,贵族,玄黑
FAM082,苍雪秋氏,苍雪,秋,工匠世家,贵族,铜黄
FAM083,风雪甘氏,风雪,甘,王室支族,富商,松绿
FAM084,玄冰刘氏,玄冰,刘,新晋贵族,贵族,霜白
FAM085,沙泉乔氏,沙泉,乔,军功门第,贵族,朱红
FAM086,青泉劳氏,青泉,劳,文治门第,贵族,黛青
FAM087,白沙宰氏,白沙,宰,商贾豪族,富商,玄黑
FAM088,石泉濮氏,石泉,濮,铸造世家,贵族,铜黄
FAM089,金漠浦氏,金漠,浦,农桑望族,贵族,松绿
FAM090,驼铃柴氏,驼铃,柴,边军世家,贵族,霜白
FAM091,绿井习氏,绿井,习,骑牧家族,富商,朱红
FAM092,玉泉慎氏,玉泉,慎,河运商族,贵族,黛青
FAM093,黄原步氏,黄原,步,猎户豪族,贵族,玄黑
FAM094,西泉文氏,西泉,文,工匠世家,贵族,铜黄
FAM095,鸣沙殳氏,鸣沙,殳,王室支族,富商,松绿
FAM096,瀚泉师氏,瀚泉,师,新晋贵族,贵族,霜白
FAM097,云泽融氏,云泽,融,军功门第,贵族,朱红
FAM098,芦湾饶氏,芦湾,饶,文治门第,贵族,黛青
FAM099,青湖鞠氏,青湖,鞠,商贾豪族,富商,玄黑
FAM100,泽桥查氏,泽桥,查,铸造世家,贵族,铜黄
FAM101,碧浦逯氏,碧浦,逯,农桑望族,贵族,松绿
FAM102,水乡孙氏,水乡,孙,边军世家,贵族,霜白
FAM103,澄湖陈氏,澄湖,陈,骑牧家族,富商,朱红
FAM104,莲泽朱氏,莲泽,朱,河运商族,贵族,黛青
FAM105,东湾孔氏,东湾,孔,猎户豪族,贵族,玄黑
FAM106,南汀姜氏,南汀,姜,工匠世家,贵族,铜黄
FAM107,河泽章氏,河泽,章,王室支族,富商,松绿
FAM108,烟水彭氏,烟水,彭,新晋贵族,贵族,霜白
FAM109,铁岭凤氏,铁岭,凤,军功门第,贵族,朱红
FAM110,炉城鲍氏,炉城,鲍,文治门第,贵族,黛青
FAM111,乌金雷氏,乌金,雷,商贾豪族,富商,玄黑
FAM112,赤炉毕氏,赤炉,毕,铸造世家,贵族,铜黄
FAM113,钢谷傅氏,钢谷,傅,农桑望族,贵族,松绿
FAM114,矿山元氏,矿山,元,边军世家,贵族,霜白
FAM115,黑石萧氏,黑石,萧,骑牧家族,富商,朱红
FAM116,锻城毛氏,锻城,毛,河运商族,贵族,黛青
FAM117,玄铁计氏,玄铁,计,猎户豪族,贵族,玄黑
FAM118,火岭熊氏,火岭,熊,工匠世家,贵族,铜黄
FAM119,铜关梁氏,铜关,梁,王室支族,富商,松绿
FAM120,炉谷麻氏,炉谷,麻,新晋贵族,贵族,霜白
