将军特性,特殊兵种,必要统帅技能,城市/建筑条件,领主审批,说明
持军如铁,金穗列枪卫,部伍严整,平原王领；高级军营,必须,满足特性只是资格，仍需真实人口、装备、军资和兵额
令出必行,云岭伏锐,立阵如墙,山岭堡城；高级军营,必须,满足特性只是资格，仍需真实人口、装备、军资和兵额
抚士得心,汇川护商骑,短兵相接,河谷商都；高级军营,必须,满足特性只是资格，仍需真实人口、装备、军资和兵额
善任副将,长槊突骑营,弓阵齐发,草原牧城；军械库+训练场,必须,满足特性只是资格，仍需真实人口、装备、军资和兵额
旗令分明,远泊护商军,骑阵分合,海港贸易城；军械库+训练场,必须,满足特性只是资格，仍需真实人口、装备、军资和兵额
临阵不惑,沙海游骑,斥候前探,绿洲商镇；高级军营,必须,满足特性只是资格，仍需真实人口、装备、军资和兵额
乘隙而击,烟水伏锐,设伏藏锋,湖沼水乡；高级军营,必须,满足特性只是资格，仍需真实人口、装备、军资和兵额
敢战善断,火岭长槊卫,军旗不坠,矿山铸城；高级军营,必须,满足特性只是资格，仍需真实人口、装备、军资和兵额
逆势敢搏,平戍枪卫,交替掩护,边境混合城；军械库+训练场,必须,满足特性只是资格，仍需真实人口、装备、军资和兵额
当机立断,镇畿披甲军,轻骑逐北,平原王领；军械库+训练场,必须,满足特性只是资格，仍需真实人口、装备、军资和兵额
锋锐善攻,清河强弩营,减耗配粮,河谷商都；高级军营,必须,满足特性只是资格，仍需真实人口、装备、军资和兵额
强攻果决,鹿鸣短刃卫,工兵随军,森林猎镇；高级军营,必须,满足特性只是资格，仍需真实人口、装备、军资和兵额
压阵推进,长风斥候骑,围城封锁,草原牧城；高级军营,必须,满足特性只是资格，仍需真实人口、装备、军资和兵额
逐北有度,寒鸦游哨,城头轮防,寒原边塞；军械库+训练场,必须,满足特性只是资格，仍需真实人口、装备、军资和兵额
长槊破军,黄原护商军,山地列阵,绿洲商镇；军械库+训练场,必须,满足特性只是资格，仍需真实人口、装备、军资和兵额
守关名将,炉心重甲卫,雨战整装,矿山铸城；高级军营,必须,满足特性只是资格，仍需真实人口、装备、军资和兵额
善守缺口,御前长槊卫,军令简明,王都核心城；高级军营,必须,满足特性只是资格，仍需真实人口、装备、军资和兵额
城防老将,静戍锐士,日常操典,边境混合城；高级军营,必须,满足特性只是资格，仍需真实人口、装备、军资和兵额
深沟固垒,断崖强弩营,伤员后送,山岭堡城；军械库+训练场,必须,满足特性只是资格，仍需真实人口、装备、军资和兵额
死守有节,河运行军,禁掠严军,河谷商都；军械库+训练场,必须,满足特性只是资格，仍需真实人口、装备、军资和兵额
马背将门,逐风骁骑,部伍严整,草原牧城；高级军营,必须,满足特性只是资格，仍需真实人口、装备、军资和兵额
槊骑统御,望潮募勇团,立阵如墙,海港贸易城；高级军营,必须,满足特性只是资格，仍需真实人口、装备、军资和兵额
善用轻骑,玄冰重甲,短兵相接,寒原边塞；高级军营,必须,满足特性只是资格，仍需真实人口、装备、军资和兵额
绕翼专家,云泽轻盾军,弓阵齐发,湖沼水乡；军械库+训练场,必须,满足特性只是资格，仍需真实人口、装备、军资和兵额
追骑有度,黑石宿卫,骑阵分合,矿山铸城；军械库+训练场,必须,满足特性只是资格，仍需真实人口、装备、军资和兵额
弓阵能手,靖边老卒营,斥候前探,边境混合城；高级军营,必须,满足特性只是资格，仍需真实人口、装备、军资和兵额
善择射地,驰道游骑,设伏藏锋,平原王领；高级军营,必须,满足特性只是资格，仍需真实人口、装备、军资和兵额
箭阵压军,虎隘守军,军旗不坠,山岭堡城；高级军营,必须,满足特性只是资格，仍需真实人口、装备、军资和兵额
守墙善射,踏叶游哨,交替掩护,森林猎镇；军械库+训练场,必须,满足特性只是资格，仍需真实人口、装备、军资和兵额
护弓有方,赤草轻枪骑,轻骑逐北,草原牧城；军械库+训练场,必须,满足特性只是资格，仍需真实人口、装备、军资和兵额
耳目通达,朔风甲卫,减耗配粮,寒原边塞；高级军营,必须,满足特性只是资格，仍需真实人口、装备、军资和兵额
哨骑严密,玉泉枪卫,工兵随军,绿洲商镇；高级军营,必须,满足特性只是资格，仍需真实人口、装备、军资和兵额
地形熟记,青湖弓卫,围城封锁,湖沼水乡；高级军营,必须,满足特性只是资格，仍需真实人口、装备、军资和兵额
先遣有方,朱羽亲军,城头轮防,王都核心城；军械库+训练场,必须,满足特性只是资格，仍需真实人口、装备、军资和兵额
斥候出身,野关斥候,山地列阵,边境混合城；军械库+训练场,必须,满足特性只是资格，仍需真实人口、装备、军资和兵额
设伏高手,磐岩盾卫,雨战整装,山岭堡城；高级军营,必须,满足特性只是资格，仍需真实人口、装备、军资和兵额
截粮惯手,通川游骑,军令简明,河谷商都；高级军营,必须,满足特性只是资格，仍需真实人口、装备、军资和兵额
假退能手,暮森猎枪卫,日常操典,森林猎镇；高级军营,必须,满足特性只是资格，仍需真实人口、装备、军资和兵额
林谷用兵,金湾枪阵,伤员后送,海港贸易城；军械库+训练场,必须,满足特性只是资格，仍需真实人口、装备、军资和兵额
善袭营寨,冬堡护粮卫,禁掠严军,寒原边塞；军械库+训练场,必须,满足特性只是资格，仍需真实人口、装备、军资和兵额
粮道能将,芦泽强弩卫,部伍严整,湖沼水乡；高级军营,必须,满足特性只是资格，仍需真实人口、装备、军资和兵额
远征老手,赤炉工战军,立阵如墙,矿山铸城；高级军营,必须,满足特性只是资格，仍需真实人口、装备、军资和兵额
驿路熟悉,承天旗卫,短兵相接,王都核心城；高级军营,必须,满足特性只是资格，仍需真实人口、装备、军资和兵额
战地采办,长陇劲弓营,弓阵齐发,平原王领；军械库+训练场,必须,满足特性只是资格，仍需真实人口、装备、军资和兵额
补员有序,石垒重甲,骑阵分合,山岭堡城；军械库+训练场,必须,满足特性只是资格，仍需真实人口、装备、军资和兵额
山岳之子,玄松猎卫,斥候前探,森林猎镇；高级军营,必须,满足特性只是资格，仍需真实人口、装备、军资和兵额
林野猎将,苍穹游骑,设伏藏锋,草原牧城；高级军营,必须,满足特性只是资格，仍需真实人口、装备、军资和兵额
朔地耐寒,东汐港卫,军旗不坠,海港贸易城；高级军营,必须,满足特性只是资格，仍需真实人口、装备、军资和兵额
城巷熟将,驼铃游哨,交替掩护,绿洲商镇；军械库+训练场,必须,满足特性只是资格，仍需真实人口、装备、军资和兵额
桥渡能手,澄湖护粮卫,轻骑逐北,湖沼水乡；军械库+训练场,必须,满足特性只是资格，仍需真实人口、装备、军资和兵额
王庭近臣,龙骧近卫,减耗配粮,王都核心城；高级军营,必须,满足特性只是资格，仍需真实人口、装备、军资和兵额
豪族出身,临关盾卫,工兵随军,边境混合城；高级军营,必须,满足特性只是资格，仍需真实人口、装备、军资和兵额
威望日隆,嘉禾护粮军,围城封锁,平原王领；高级军营,必须,满足特性只是资格，仍需真实人口、装备、军资和兵额
野心渐长,商团铁卫,城头轮防,河谷商都；军械库+训练场,必须,满足特性只是资格，仍需真实人口、装备、军资和兵额
与商善交,百木长弓营,山地列阵,森林猎镇；军械库+训练场,必须,满足特性只是资格，仍需真实人口、装备、军资和兵额
勇而不躁,沧港劲弩卫,雨战整装,海港贸易城；高级军营,必须,满足特性只是资格，仍需真实人口、装备、军资和兵额
谨慎持重,北垒死守军,军令简明,寒原边塞；高级军营,必须,满足特性只是资格，仍需真实人口、装备、军资和兵额
刚烈难折,西泉投枪营,日常操典,绿洲商镇；高级军营,必须,满足特性只是资格，仍需真实人口、装备、军资和兵额
苛严少恩,玄铁盾卫,伤员后送,矿山铸城；军械库+训练场,必须,满足特性只是资格，仍需真实人口、装备、军资和兵额
忍耐持久,王府劲弩营,禁掠严军,王都核心城；军械库+训练场,必须,满足特性只是资格，仍需真实人口、装备、军资和兵额
