ID,特性名称,分类,稀有度,主要成长属性,行为改变,数值侧重点,可能解锁特殊兵种,解锁规则,副作用,获得方式,具体效果,明确代价/限制
GT001,持军如铁,治军,普通,统帅,影响命令执行、军纪、补位、晋升质量与军心稳定,士气/纪律,金穗列枪卫,特性只能提供资格之一；仍需城市风格、军营、人口、军械、军资与领主批准,军资需求上升,出生天赋仅占少数；主要由长期经历、兵种使用、战役类型、军衔晋升和真实战功形成,命令延迟-6%；士气自然衰减-6%,军纪越强，维持成本+4%
GT002,军纪森严,治军,优秀,武力,影响命令执行、军纪、补位、晋升质量与军心稳定,反应/命令,,特性只能提供资格之一；仍需城市风格、军营、人口、军械、军资与领主批准,政治威望增长更快,出生天赋仅占少数；主要由长期经历、兵种使用、战役类型、军衔晋升和真实战功形成,逃兵率-15%；擅自掠夺概率-20%,士兵个人满意度略降
GT003,令出必行,治军,优秀,智力,影响命令执行、军纪、补位、晋升质量与军心稳定,攻击/冲击,,特性只能提供资格之一；仍需城市风格、军营、人口、军械、军资与领主批准,进攻倾向偏高,出生天赋仅占少数；主要由长期经历、兵种使用、战役类型、军衔晋升和真实战功形成,命令延迟-10%；基层军官执行偏差-8%,低忠诚军官压力更大
GT004,赏罚信明,治军,稀有,勇气,影响命令执行、军纪、补位、晋升质量与军心稳定,防御/稳定,丰仓宿卫,特性只能提供资格之一；仍需城市风格、军营、人口、军械、军资与领主批准,作战更谨慎,出生天赋仅占少数；主要由长期经历、兵种使用、战役类型、军衔晋升和真实战功形成,战功核验误差-15%；晋升质量+10%,奖赏支出+5%
GT005,抚士得心,治军,稀有,纪律,影响命令执行、军纪、补位、晋升质量与军心稳定,机动/疲劳,,特性只能提供资格之一；仍需城市风格、军营、人口、军械、军资与领主批准,对特定地形依赖,出生天赋仅占少数；主要由长期经历、兵种使用、战役类型、军衔晋升和真实战功形成,伤亡引发士气损失-10%；老兵留存+8%,进攻伤亡容忍度-5%
GT006,整伍成列,治军,史诗,威望,影响命令执行、军纪、补位、晋升质量与军心稳定,后勤/恢复,,特性只能提供资格之一；仍需城市风格、军营、人口、军械、军资与领主批准,无固定副作用,出生天赋仅占少数；主要由长期经历、兵种使用、战役类型、军衔晋升和真实战功形成,阵型凝聚+10%；转向后重整+8%,追击速度略低
GT007,善任副将,治军,普通,统帅,影响命令执行、军纪、补位、晋升质量与军心稳定,士气/纪律,镇畿披甲军,特性只能提供资格之一；仍需城市风格、军营、人口、军械、军资与领主批准,军资需求上升,出生天赋仅占少数；主要由长期经历、兵种使用、战役类型、军衔晋升和真实战功形成,副将自主判断+15%；主将命令负担-8%,副将政治声望增长更快
GT008,识人用将,治军,优秀,武力,影响命令执行、军纪、补位、晋升质量与军心稳定,反应/命令,,特性只能提供资格之一；仍需城市风格、军营、人口、军械、军资与领主批准,政治威望增长更快,出生天赋仅占少数；主要由长期经历、兵种使用、战役类型、军衔晋升和真实战功形成,军官候选质量+12%；错误任命率-10%,军官考核周期更长
GT009,旗令分明,治军,优秀,智力,影响命令执行、军纪、补位、晋升质量与军心稳定,攻击/冲击,,特性只能提供资格之一；仍需城市风格、军营、人口、军械、军资与领主批准,进攻倾向偏高,出生天赋仅占少数；主要由长期经历、兵种使用、战役类型、军衔晋升和真实战功形成,低能见度命令丢失-12%；军旗影响半径+8%,军旗单位优先级更高，损失时冲击更大
GT010,爱兵惜卒,治军,稀有,勇气,影响命令执行、军纪、补位、晋升质量与军心稳定,防御/稳定,王领旗卫,特性只能提供资格之一；仍需城市风格、军营、人口、军械、军资与领主批准,作战更谨慎,出生天赋仅占少数；主要由长期经历、兵种使用、战役类型、军衔晋升和真实战功形成,伤员后送权重+15%；无谓追击-10%,主动强攻权重-5%
GT011,临阵不惑,决断,稀有,纪律,改变进攻/撤退/预备队投入阈值与战机响应速度,机动/疲劳,,特性只能提供资格之一；仍需城市风格、军营、人口、军械、军资与领主批准,对特定地形依赖,出生天赋仅占少数；主要由长期经历、兵种使用、战役类型、军衔晋升和真实战功形成,战机响应+10%；预备队投入延迟-8%,误判时更容易提前投入
GT012,见微知变,决断,史诗,威望,改变进攻/撤退/预备队投入阈值与战机响应速度,后勤/恢复,,特性只能提供资格之一；仍需城市风格、军营、人口、军械、军资与领主批准,无固定副作用,出生天赋仅占少数；主要由长期经历、兵种使用、战役类型、军衔晋升和真实战功形成,敌军局部失衡识别+12%,复杂战况下耗费更多指挥注意
GT013,乘隙而击,决断,普通,统帅,改变进攻/撤退/预备队投入阈值与战机响应速度,士气/纪律,断崖强弩营,特性只能提供资格之一；仍需城市风格、军营、人口、军械、军资与领主批准,军资需求上升,出生天赋仅占少数；主要由长期经历、兵种使用、战役类型、军衔晋升和真实战功形成,侧翼机会反应+15%,正面稳守权重-4%
GT014,稳中求胜,决断,优秀,武力,改变进攻/撤退/预备队投入阈值与战机响应速度,反应/命令,,特性只能提供资格之一；仍需城市风格、军营、人口、军械、军资与领主批准,政治威望增长更快,出生天赋仅占少数；主要由长期经历、兵种使用、战役类型、军衔晋升和真实战功形成,撤退阈值更合理；不因短时伤亡轻易崩盘,可能错过激进机会
GT015,敢战善断,决断,优秀,智力,改变进攻/撤退/预备队投入阈值与战机响应速度,攻击/冲击,,特性只能提供资格之一；仍需城市风格、军营、人口、军械、军资与领主批准,进攻倾向偏高,出生天赋仅占少数；主要由长期经历、兵种使用、战役类型、军衔晋升和真实战功形成,强攻决策速度+12%,伤亡容忍度+6%
GT016,善留余地,决断,稀有,勇气,改变进攻/撤退/预备队投入阈值与战机响应速度,防御/稳定,山径猎骑,特性只能提供资格之一；仍需城市风格、军营、人口、军械、军资与领主批准,作战更谨慎,出生天赋仅占少数；主要由长期经历、兵种使用、战役类型、军衔晋升和真实战功形成,保留预备队比例+8%,初期攻击强度略低
GT017,逆势敢搏,决断,稀有,纪律,改变进攻/撤退/预备队投入阈值与战机响应速度,机动/疲劳,,特性只能提供资格之一；仍需城市风格、军营、人口、军械、军资与领主批准,对特定地形依赖,出生天赋仅占少数；主要由长期经历、兵种使用、战役类型、军衔晋升和真实战功形成,逆风局反击窗口识别+12%,失败时士气冲击+5%
GT018,以静制动,决断,史诗,威望,改变进攻/撤退/预备队投入阈值与战机响应速度,后勤/恢复,,特性只能提供资格之一；仍需城市风格、军营、人口、军械、军资与领主批准,无固定副作用,出生天赋仅占少数；主要由长期经历、兵种使用、战役类型、军衔晋升和真实战功形成,防守等待敌军犯错权重+12%,主动推进速度-4%
GT019,当机立断,决断,普通,统帅,改变进攻/撤退/预备队投入阈值与战机响应速度,士气/纪律,虎隘守军,特性只能提供资格之一；仍需城市风格、军营、人口、军械、军资与领主批准,军资需求上升,出生天赋仅占少数；主要由长期经历、兵种使用、战役类型、军衔晋升和真实战功形成,命令切换延迟-10%,军官疲劳增长略快
GT020,识破强弱,决断,优秀,武力,改变进攻/撤退/预备队投入阈值与战机响应速度,反应/命令,,特性只能提供资格之一；仍需城市风格、军营、人口、军械、军资与领主批准,政治威望增长更快,出生天赋仅占少数；主要由长期经历、兵种使用、战役类型、军衔晋升和真实战功形成,敌我强弱估算误差-12%,侦察不足时仍不能消除迷雾
GT021,锋锐善攻,进攻,优秀,智力,提高主动进攻、破阵、侧击或推进战术权重,攻击/冲击,,特性只能提供资格之一；仍需城市风格、军营、人口、军械、军资与领主批准,进攻倾向偏高,出生天赋仅占少数；主要由长期经历、兵种使用、战役类型、军衔晋升和真实战功形成,推进速度+5%；近战压迫+5%,体力消耗+4%
GT022,破阵悍将,进攻,稀有,勇气,提高主动进攻、破阵、侧击或推进战术权重,防御/稳定,金津桥卫,特性只能提供资格之一；仍需城市风格、军营、人口、军械、军资与领主批准,作战更谨慎,出生天赋仅占少数；主要由长期经历、兵种使用、战役类型、军衔晋升和真实战功形成,破阵目标权重+15%；对缺口冲击+8%,容易形成突出部
GT023,强攻果决,进攻,稀有,纪律,提高主动进攻、破阵、侧击或推进战术权重,机动/疲劳,,特性只能提供资格之一；仍需城市风格、军营、人口、军械、军资与领主批准,对特定地形依赖,出生天赋仅占少数；主要由长期经历、兵种使用、战役类型、军衔晋升和真实战功形成,攻城/强攻犹豫阈值-10%,伤亡容忍度+8%
GT024,善用预备,进攻,史诗,威望,提高主动进攻、破阵、侧击或推进战术权重,后勤/恢复,,特性只能提供资格之一；仍需城市风格、军营、人口、军械、军资与领主批准,无固定副作用,出生天赋仅占少数；主要由长期经历、兵种使用、战役类型、军衔晋升和真实战功形成,预备队用于扩大突破的效率+12%,防守预备减少
GT025,压阵推进,进攻,普通,统帅,提高主动进攻、破阵、侧击或推进战术权重,士气/纪律,通川游骑,特性只能提供资格之一；仍需城市风格、军营、人口、军械、军资与领主批准,军资需求上升,出生天赋仅占少数；主要由长期经历、兵种使用、战役类型、军衔晋升和真实战功形成,步兵保持推进的停顿时间-8%,阵型恢复时间+3%
GT026,侧击能手,进攻,优秀,武力,提高主动进攻、破阵、侧击或推进战术权重,反应/命令,,特性只能提供资格之一；仍需城市风格、军营、人口、军械、军资与领主批准,政治威望增长更快,出生天赋仅占少数；主要由长期经历、兵种使用、战役类型、军衔晋升和真实战功形成,侧翼分兵权重+15%,分兵后局部人数下降
GT027,逐北有度,进攻,优秀,智力,提高主动进攻、破阵、侧击或推进战术权重,攻击/冲击,,特性只能提供资格之一；仍需城市风格、军营、人口、军械、军资与领主批准,进攻倾向偏高,出生天赋仅占少数；主要由长期经历、兵种使用、战役类型、军衔晋升和真实战功形成,溃敌追击效率+10%,追击疲劳+5%
GT028,短兵善战,进攻,稀有,勇气,提高主动进攻、破阵、侧击或推进战术权重,防御/稳定,关税锐卒,特性只能提供资格之一；仍需城市风格、军营、人口、军械、军资与领主批准,作战更谨慎,出生天赋仅占少数；主要由长期经历、兵种使用、战役类型、军衔晋升和真实战功形成,短兵命中+5%；推撞权重+8%,远程/守势无加成
GT029,长槊破军,进攻,稀有,纪律,提高主动进攻、破阵、侧击或推进战术权重,机动/疲劳,,特性只能提供资格之一；仍需城市风格、军营、人口、军械、军资与领主批准,对特定地形依赖,出生天赋仅占少数；主要由长期经历、兵种使用、战役类型、军衔晋升和真实战功形成,枪槊冲击+7%；反盾压迫+5%,狭窄地形收益下降
GT030,攻其不备,进攻,史诗,威望,提高主动进攻、破阵、侧击或推进战术权重,后勤/恢复,,特性只能提供资格之一；仍需城市风格、军营、人口、军械、军资与领主批准,无固定副作用,出生天赋仅占少数；主要由长期经历、兵种使用、战役类型、军衔晋升和真实战功形成,伏击/夜袭的首次冲击+10%,准备时间增加
GT031,守关名将,防守,普通,统帅,提高守点、收缩、缺口填补、城防或退却重整能力,士气/纪律,玄松猎卫,特性只能提供资格之一；仍需城市风格、军营、人口、军械、军资与领主批准,军资需求上升,出生天赋仅占少数；主要由长期经历、兵种使用、战役类型、军衔晋升和真实战功形成,关键点士气衰减-12%；撤离阈值更低,脱离战场速度-5%
GT032,铁壁不移,防守,优秀,武力,提高守点、收缩、缺口填补、城防或退却重整能力,反应/命令,,特性只能提供资格之一；仍需城市风格、军营、人口、军械、军资与领主批准,政治威望增长更快,出生天赋仅占少数；主要由长期经历、兵种使用、战役类型、军衔晋升和真实战功形成,阵型凝聚+12%；缺口扩散-10%,追击倾向低
GT033,善守缺口,防守,优秀,智力,提高守点、收缩、缺口填补、城防或退却重整能力,攻击/冲击,,特性只能提供资格之一；仍需城市风格、军营、人口、军械、军资与领主批准,进攻倾向偏高,出生天赋仅占少数；主要由长期经历、兵种使用、战役类型、军衔晋升和真实战功形成,缺口补位+15%,预备队消耗更快
GT034,退而不乱,防守,稀有,勇气,提高守点、收缩、缺口填补、城防或退却重整能力,防御/稳定,隐泉伏锐,特性只能提供资格之一；仍需城市风格、军营、人口、军械、军资与领主批准,作战更谨慎,出生天赋仅占少数；主要由长期经历、兵种使用、战役类型、军衔晋升和真实战功形成,撤退凝聚+12%；溃兵收拢+8%,主动反击稍慢
GT035,城防老将,防守,稀有,纪律,提高守点、收缩、缺口填补、城防或退却重整能力,机动/疲劳,,特性只能提供资格之一；仍需城市风格、军营、人口、军械、军资与领主批准,对特定地形依赖,出生天赋仅占少数；主要由长期经历、兵种使用、战役类型、军衔晋升和真实战功形成,城墙/城门防御AI+15%,野战无额外收益
GT036,临险不惊,防守,史诗,威望,提高守点、收缩、缺口填补、城防或退却重整能力,后勤/恢复,,特性只能提供资格之一；仍需城市风格、军营、人口、军械、军资与领主批准,无固定副作用,出生天赋仅占少数；主要由长期经历、兵种使用、战役类型、军衔晋升和真实战功形成,受包围恐惧-10%,可能坚持过久
GT037,深沟固垒,防守,普通,统帅,提高守点、收缩、缺口填补、城防或退却重整能力,士气/纪律,百木长弓营,特性只能提供资格之一；仍需城市风格、军营、人口、军械、军资与领主批准,军资需求上升,出生天赋仅占少数；主要由长期经历、兵种使用、战役类型、军衔晋升和真实战功形成,营寨/壕沟利用+12%,机动作战弱
GT038,擅守桥隘,防守,优秀,武力,提高守点、收缩、缺口填补、城防或退却重整能力,反应/命令,,特性只能提供资格之一；仍需城市风格、军营、人口、军械、军资与领主批准,政治威望增长更快,出生天赋仅占少数；主要由长期经历、兵种使用、战役类型、军衔晋升和真实战功形成,桥头/山口守备+15%,开阔地收益低
GT039,死守有节,防守,优秀,智力,提高守点、收缩、缺口填补、城防或退却重整能力,攻击/冲击,,特性只能提供资格之一；仍需城市风格、军营、人口、军械、军资与领主批准,进攻倾向偏高,出生天赋仅占少数；主要由长期经历、兵种使用、战役类型、军衔晋升和真实战功形成,死战场景士气+10；伤亡+6%,极端伤亡风险
GT040,以寡拒众,防守,稀有,勇气,提高守点、收缩、缺口填补、城防或退却重整能力,防御/稳定,深林影卫,特性只能提供资格之一；仍需城市风格、军营、人口、军械、军资与领主批准,作战更谨慎,出生天赋仅占少数；主要由长期经历、兵种使用、战役类型、军衔晋升和真实战功形成,兵力劣势时收缩效率+12%,无法弥补巨大装备差距
GT041,马背将门,骑战,稀有,纪律,改变骑兵分合、冲锋、绕翼、追击和反骑AI,机动/疲劳,,特性只能提供资格之一；仍需城市风格、军营、人口、军械、军资与领主批准,对特定地形依赖,出生天赋仅占少数；主要由长期经历、兵种使用、战役类型、军衔晋升和真实战功形成,骑兵阵型凝聚+10%,马匹维护+4%
GT042,骑阵娴熟,骑战,史诗,威望,改变骑兵分合、冲锋、绕翼、追击和反骑AI,后勤/恢复,,特性只能提供资格之一；仍需城市风格、军营、人口、军械、军资与领主批准,无固定副作用,出生天赋仅占少数；主要由长期经历、兵种使用、战役类型、军衔晋升和真实战功形成,骑兵重整+12%,步兵无收益
GT043,槊骑统御,骑战,普通,统帅,改变骑兵分合、冲锋、绕翼、追击和反骑AI,士气/纪律,长槊突骑营,特性只能提供资格之一；仍需城市风格、军营、人口、军械、军资与领主批准,军资需求上升,出生天赋仅占少数；主要由长期经历、兵种使用、战役类型、军衔晋升和真实战功形成,长槊冲击+8%,密林/沼泽惩罚更明显
GT044,骑射良将,骑战,优秀,武力,改变骑兵分合、冲锋、绕翼、追击和反骑AI,反应/命令,,特性只能提供资格之一；仍需城市风格、军营、人口、军械、军资与领主批准,政治威望增长更快,出生天赋仅占少数；主要由长期经历、兵种使用、战役类型、军衔晋升和真实战功形成,骑射移动命中+6%,箭耗+5%
GT045,善用轻骑,骑战,优秀,智力,改变骑兵分合、冲锋、绕翼、追击和反骑AI,攻击/冲击,,特性只能提供资格之一；仍需城市风格、军营、人口、军械、军资与领主批准,进攻倾向偏高,出生天赋仅占少数；主要由长期经历、兵种使用、战役类型、军衔晋升和真实战功形成,轻骑侧翼速度+7%,正面硬战弱
GT046,重骑冲阵,骑战,稀有,勇气,改变骑兵分合、冲锋、绕翼、追击和反骑AI,防御/稳定,牧野追骑,特性只能提供资格之一；仍需城市风格、军营、人口、军械、军资与领主批准,作战更谨慎,出生天赋仅占少数；主要由长期经历、兵种使用、战役类型、军衔晋升和真实战功形成,重骑冲击+8%；穿阵+5%,疲劳+6%
GT047,绕翼专家,骑战,稀有,纪律,改变骑兵分合、冲锋、绕翼、追击和反骑AI,机动/疲劳,,特性只能提供资格之一；仍需城市风格、军营、人口、军械、军资与领主批准,对特定地形依赖,出生天赋仅占少数；主要由长期经历、兵种使用、战役类型、军衔晋升和真实战功形成,绕翼选择+15%,容易远离主阵
GT048,反骑善断,骑战,史诗,威望,改变骑兵分合、冲锋、绕翼、追击和反骑AI,后勤/恢复,,特性只能提供资格之一；仍需城市风格、军营、人口、军械、军资与领主批准,无固定副作用,出生天赋仅占少数；主要由长期经历、兵种使用、战役类型、军衔晋升和真实战功形成,敌骑拦截反应+12%,保留骑兵降低初期攻击
GT049,追骑有度,骑战,普通,统帅,改变骑兵分合、冲锋、绕翼、追击和反骑AI,士气/纪律,长风斥候骑,特性只能提供资格之一；仍需城市风格、军营、人口、军械、军资与领主批准,军资需求上升,出生天赋仅占少数；主要由长期经历、兵种使用、战役类型、军衔晋升和真实战功形成,追击捕俘+10%,可能消耗马力
GT050,牧地熟将,骑战,优秀,武力,改变骑兵分合、冲锋、绕翼、追击和反骑AI,反应/命令,,特性只能提供资格之一；仍需城市风格、军营、人口、军械、军资与领主批准,政治威望增长更快,出生天赋仅占少数；主要由长期经历、兵种使用、战役类型、军衔晋升和真实战功形成,草原/牧地行军疲劳-10%,城市巷战收益低
GT051,弓阵能手,远程,优秀,智力,改变射界选择、齐射、轮射、掩护和目标优先级,攻击/冲击,,特性只能提供资格之一；仍需城市风格、军营、人口、军械、军资与领主批准,进攻倾向偏高,出生天赋仅占少数；主要由长期经历、兵种使用、战役类型、军衔晋升和真实战功形成,弓兵齐射精度+6%,持续射速-2%
GT052,弩阵能手,远程,稀有,勇气,改变射界选择、齐射、轮射、掩护和目标优先级,防御/稳定,青帆刀卫,特性只能提供资格之一；仍需城市风格、军营、人口、军械、军资与领主批准,作战更谨慎,出生天赋仅占少数；主要由长期经历、兵种使用、战役类型、军衔晋升和真实战功形成,弩兵轮射空窗-10%,重弩移动慢
GT053,善择射地,远程,稀有,纪律,改变射界选择、齐射、轮射、掩护和目标优先级,机动/疲劳,,特性只能提供资格之一；仍需城市风格、军营、人口、军械、军资与领主批准,对特定地形依赖,出生天赋仅占少数；主要由长期经历、兵种使用、战役类型、军衔晋升和真实战功形成,高地选择+15%,会等待位置而稍慢开火
GT054,齐射严整,远程,史诗,威望,改变射界选择、齐射、轮射、掩护和目标优先级,后勤/恢复,,特性只能提供资格之一；仍需城市风格、军营、人口、军械、军资与领主批准,无固定副作用,出生天赋仅占少数；主要由长期经历、兵种使用、战役类型、军衔晋升和真实战功形成,齐射同步+10%,小规模散射灵活性降低
GT055,箭阵压军,远程,普通,统帅,改变射界选择、齐射、轮射、掩护和目标优先级,士气/纪律,望潮募勇团,特性只能提供资格之一；仍需城市风格、军营、人口、军械、军资与领主批准,军资需求上升,出生天赋仅占少数；主要由长期经历、兵种使用、战役类型、军衔晋升和真实战功形成,密集目标士气压制+8%,箭耗+6%
GT056,远近换射,远程,优秀,武力,改变射界选择、齐射、轮射、掩护和目标优先级,反应/命令,,特性只能提供资格之一；仍需城市风格、军营、人口、军械、军资与领主批准,政治威望增长更快,出生天赋仅占少数；主要由长期经历、兵种使用、战役类型、军衔晋升和真实战功形成,近距离射击误伤-8%,射程极限输出略降
GT057,守墙善射,远程,优秀,智力,改变射界选择、齐射、轮射、掩护和目标优先级,攻击/冲击,,特性只能提供资格之一；仍需城市风格、军营、人口、军械、军资与领主批准,进攻倾向偏高,出生天赋仅占少数；主要由长期经历、兵种使用、战役类型、军衔晋升和真实战功形成,城墙射界利用+12%,野战无额外收益
GT058,抑敌火力,远程,稀有,勇气,改变射界选择、齐射、轮射、掩护和目标优先级,防御/稳定,云帆巡骑,特性只能提供资格之一；仍需城市风格、军营、人口、军械、军资与领主批准,作战更谨慎,出生天赋仅占少数；主要由长期经历、兵种使用、战役类型、军衔晋升和真实战功形成,优先压制敌方弓弩+15%,对重甲杀伤不额外增加
GT059,护弓有方,远程,稀有,纪律,改变射界选择、齐射、轮射、掩护和目标优先级,机动/疲劳,,特性只能提供资格之一；仍需城市风格、军营、人口、军械、军资与领主批准,对特定地形依赖,出生天赋仅占少数；主要由长期经历、兵种使用、战役类型、军衔晋升和真实战功形成,近战屏护位置选择+12%,需要友军前排
GT060,知风用箭,远程,史诗,威望,改变射界选择、齐射、轮射、掩护和目标优先级,后勤/恢复,,特性只能提供资格之一；仍需城市风格、军营、人口、军械、军资与领主批准,无固定副作用,出生天赋仅占少数；主要由长期经历、兵种使用、战役类型、军衔晋升和真实战功形成,风向惩罚-12%,无风时收益小
GT061,耳目通达,侦察,普通,统帅,扩大侦察、伏兵识别、敌情误差控制与前哨范围,士气/纪律,朔风甲卫,特性只能提供资格之一；仍需城市风格、军营、人口、军械、军资与领主批准,军资需求上升,出生天赋仅占少数；主要由长期经历、兵种使用、战役类型、军衔晋升和真实战功形成,侦察半径+12%,斥候占用+1小队
GT062,识破伏兵,侦察,优秀,武力,扩大侦察、伏兵识别、敌情误差控制与前哨范围,反应/命令,,特性只能提供资格之一；仍需城市风格、军营、人口、军械、军资与领主批准,政治威望增长更快,出生天赋仅占少数；主要由长期经历、兵种使用、战役类型、军衔晋升和真实战功形成,伏击发现+15%,谨慎导致行军略慢
GT063,哨骑严密,侦察,优秀,智力,扩大侦察、伏兵识别、敌情误差控制与前哨范围,攻击/冲击,,特性只能提供资格之一；仍需城市风格、军营、人口、军械、军资与领主批准,进攻倾向偏高,出生天赋仅占少数；主要由长期经历、兵种使用、战役类型、军衔晋升和真实战功形成,哨戒覆盖+12%；夜袭预警+8%,斥候疲劳管理要求高
GT064,善读敌踪,侦察,稀有,勇气,扩大侦察、伏兵识别、敌情误差控制与前哨范围,防御/稳定,白岭强弓营,特性只能提供资格之一；仍需城市风格、军营、人口、军械、军资与领主批准,作战更谨慎,出生天赋仅占少数；主要由长期经历、兵种使用、战役类型、军衔晋升和真实战功形成,地图记忆+20%,未知地区无收益
GT065,地形熟记,侦察,稀有,纪律,扩大侦察、伏兵识别、敌情误差控制与前哨范围,机动/疲劳,,特性只能提供资格之一；仍需城市风格、军营、人口、军械、军资与领主批准,对特定地形依赖,出生天赋仅占少数；主要由长期经历、兵种使用、战役类型、军衔晋升和真实战功形成,敌兵估算误差-15%,需要先发现敌军
GT066,夜巡谨慎,侦察,史诗,威望,扩大侦察、伏兵识别、敌情误差控制与前哨范围,后勤/恢复,,特性只能提供资格之一；仍需城市风格、军营、人口、军械、军资与领主批准,无固定副作用,出生天赋仅占少数；主要由长期经历、兵种使用、战役类型、军衔晋升和真实战功形成,夜间发现+10%,白昼收益小
GT067,先遣有方,侦察,普通,统帅,扩大侦察、伏兵识别、敌情误差控制与前哨范围,士气/纪律,冬堡护粮卫,特性只能提供资格之一；仍需城市风格、军营、人口、军械、军资与领主批准,军资需求上升,出生天赋仅占少数；主要由长期经历、兵种使用、战役类型、军衔晋升和真实战功形成,先锋预警时间+12%,前哨有被截杀风险
GT068,探路老练,侦察,优秀,武力,扩大侦察、伏兵识别、敌情误差控制与前哨范围,反应/命令,,特性只能提供资格之一；仍需城市风格、军营、人口、军械、军资与领主批准,政治威望增长更快,出生天赋仅占少数；主要由长期经历、兵种使用、战役类型、军衔晋升和真实战功形成,山/林寻路误差-12%,平原收益低
GT069,斥候出身,侦察,优秀,智力,扩大侦察、伏兵识别、敌情误差控制与前哨范围,攻击/冲击,,特性只能提供资格之一；仍需城市风格、军营、人口、军械、军资与领主批准,进攻倾向偏高,出生天赋仅占少数；主要由长期经历、兵种使用、战役类型、军衔晋升和真实战功形成,斥候经验获取+10%,正面战斗无加成
GT070,情报慎断,侦察,稀有,勇气,扩大侦察、伏兵识别、敌情误差控制与前哨范围,防御/稳定,风雪猎骑,特性只能提供资格之一；仍需城市风格、军营、人口、军械、军资与领主批准,作战更谨慎,出生天赋仅占少数；主要由长期经历、兵种使用、战役类型、军衔晋升和真实战功形成,情报置信度阈值+12%,不轻易根据单一报告行动
GT071,设伏高手,奇袭,稀有,纪律,解锁伏击、诱敌、夜袭、截粮等特殊战术权重,机动/疲劳,,特性只能提供资格之一；仍需城市风格、军营、人口、军械、军资与领主批准,对特定地形依赖,出生天赋仅占少数；主要由长期经历、兵种使用、战役类型、军衔晋升和真实战功形成,伏击准备+12%；首次冲击+6%,待机时间增加
GT072,诱敌老练,奇袭,史诗,威望,解锁伏击、诱敌、夜袭、截粮等特殊战术权重,后勤/恢复,,特性只能提供资格之一；仍需城市风格、军营、人口、军械、军资与领主批准,无固定副作用,出生天赋仅占少数；主要由长期经历、兵种使用、战役类型、军衔晋升和真实战功形成,诱敌成功率+10%,失败时士气-5
GT073,截粮惯手,奇袭,普通,统帅,解锁伏击、诱敌、夜袭、截粮等特殊战术权重,士气/纪律,驼铃游哨,特性只能提供资格之一；仍需城市风格、军营、人口、军械、军资与领主批准,军资需求上升,出生天赋仅占少数；主要由长期经历、兵种使用、战役类型、军衔晋升和真实战功形成,袭击辎重权重+15%,正面决战投入减少
GT074,夜袭善将,奇袭,优秀,武力,解锁伏击、诱敌、夜袭、截粮等特殊战术权重,反应/命令,,特性只能提供资格之一；仍需城市风格、军营、人口、军械、军资与领主批准,政治威望增长更快,出生天赋仅占少数；主要由长期经历、兵种使用、战役类型、军衔晋升和真实战功形成,夜袭隐蔽+12%,夜间误伤风险仍存在
GT075,假退能手,奇袭,优秀,智力,解锁伏击、诱敌、夜袭、截粮等特殊战术权重,攻击/冲击,,特性只能提供资格之一；仍需城市风格、军营、人口、军械、军资与领主批准,进攻倾向偏高,出生天赋仅占少数；主要由长期经历、兵种使用、战役类型、军衔晋升和真实战功形成,假退控制+12%,纪律低部队不可用
GT076,断后截路,奇袭,稀有,勇气,解锁伏击、诱敌、夜袭、截粮等特殊战术权重,防御/稳定,鸣沙骁骑,特性只能提供资格之一；仍需城市风格、军营、人口、军械、军资与领主批准,作战更谨慎,出生天赋仅占少数；主要由长期经历、兵种使用、战役类型、军衔晋升和真实战功形成,截断撤退路线+12%,分兵风险
GT077,林谷用兵,奇袭,稀有,纪律,解锁伏击、诱敌、夜袭、截粮等特殊战术权重,机动/疲劳,,特性只能提供资格之一；仍需城市风格、军营、人口、军械、军资与领主批准,对特定地形依赖,出生天赋仅占少数；主要由长期经历、兵种使用、战役类型、军衔晋升和真实战功形成,森林/山谷伏击+12%,平原无收益
GT078,轻军奇袭,奇袭,史诗,威望,解锁伏击、诱敌、夜袭、截粮等特殊战术权重,后勤/恢复,,特性只能提供资格之一；仍需城市风格、军营、人口、军械、军资与领主批准,无固定副作用,出生天赋仅占少数；主要由长期经历、兵种使用、战役类型、军衔晋升和真实战功形成,轻军行踪暴露-10%,重装部队收益低
GT079,善袭营寨,奇袭,普通,统帅,解锁伏击、诱敌、夜袭、截粮等特殊战术权重,士气/纪律,西泉投枪营,特性只能提供资格之一；仍需城市风格、军营、人口、军械、军资与领主批准,军资需求上升,出生天赋仅占少数；主要由长期经历、兵种使用、战役类型、军衔晋升和真实战功形成,袭营目标选择+15%,攻城战无直接收益
GT080,藏锋待机,奇袭,优秀,武力,解锁伏击、诱敌、夜袭、截粮等特殊战术权重,反应/命令,,特性只能提供资格之一；仍需城市风格、军营、人口、军械、军资与领主批准,政治威望增长更快,出生天赋仅占少数；主要由长期经历、兵种使用、战役类型、军衔晋升和真实战功形成,等待战机耐心+12%,行动节奏偏慢
GT081,粮道能将,后勤,优秀,智力,影响粮耗、辎重、补给、维修、军马与远征恢复,攻击/冲击,,特性只能提供资格之一；仍需城市风格、军营、人口、军械、军资与领主批准,进攻倾向偏高,出生天赋仅占少数；主要由长期经历、兵种使用、战役类型、军衔晋升和真实战功形成,军粮损耗-8%,需要较多后勤人员
GT082,节用军资,后勤,稀有,勇气,影响粮耗、辎重、补给、维修、军马与远征恢复,防御/稳定,碧浦桥卫,特性只能提供资格之一；仍需城市风格、军营、人口、军械、军资与领主批准,作战更谨慎,出生天赋仅占少数；主要由长期经历、兵种使用、战役类型、军衔晋升和真实战功形成,军资支出-6%,极端缺粮无效
GT083,远征老手,后勤,稀有,纪律,影响粮耗、辎重、补给、维修、军马与远征恢复,机动/疲劳,,特性只能提供资格之一；仍需城市风格、军营、人口、军械、军资与领主批准,对特定地形依赖,出生天赋仅占少数；主要由长期经历、兵种使用、战役类型、军衔晋升和真实战功形成,远征疲劳-8%,准备期+1天
GT084,善护辎重,后勤,史诗,威望,影响粮耗、辎重、补给、维修、军马与远征恢复,后勤/恢复,,特性只能提供资格之一；仍需城市风格、军营、人口、军械、军资与领主批准,无固定副作用,出生天赋仅占少数；主要由长期经历、兵种使用、战役类型、军衔晋升和真实战功形成,辎重被袭损失-12%,护卫占用战兵
GT085,驿路熟悉,后勤,普通,统帅,影响粮耗、辎重、补给、维修、军马与远征恢复,士气/纪律,烟水伏锐,特性只能提供资格之一；仍需城市风格、军营、人口、军械、军资与领主批准,军资需求上升,出生天赋仅占少数；主要由长期经历、兵种使用、战役类型、军衔晋升和真实战功形成,驿道行军效率+10%,无路地形收益低
GT086,军马善养,后勤,优秀,武力,影响粮耗、辎重、补给、维修、军马与远征恢复,反应/命令,,特性只能提供资格之一；仍需城市风格、军营、人口、军械、军资与领主批准,政治威望增长更快,出生天赋仅占少数；主要由长期经历、兵种使用、战役类型、军衔晋升和真实战功形成,军马疲劳-10%,饲料需求+3%
GT087,战地采办,后勤,优秀,智力,影响粮耗、辎重、补给、维修、军马与远征恢复,攻击/冲击,,特性只能提供资格之一；仍需城市风格、军营、人口、军械、军资与领主批准,进攻倾向偏高,出生天赋仅占少数；主要由长期经历、兵种使用、战役类型、军衔晋升和真实战功形成,友境采购效率+10%,金币支出+6%
GT088,分仓有方,后勤,稀有,勇气,影响粮耗、辎重、补给、维修、军马与远征恢复,防御/稳定,水乡工战营,特性只能提供资格之一；仍需城市风格、军营、人口、军械、军资与领主批准,作战更谨慎,出生天赋仅占少数；主要由长期经历、兵种使用、战役类型、军衔晋升和真实战功形成,单次袭粮损失-10%,小粮队数量增加
GT089,补员有序,后勤,稀有,纪律,影响粮耗、辎重、补给、维修、军马与远征恢复,机动/疲劳,,特性只能提供资格之一；仍需城市风格、军营、人口、军械、军资与领主批准,对特定地形依赖,出生天赋仅占少数；主要由长期经历、兵种使用、战役类型、军衔晋升和真实战功形成,补员组织+10%,会消耗城市劳动力
GT090,修械重实,后勤,史诗,威望,影响粮耗、辎重、补给、维修、军马与远征恢复,后勤/恢复,,特性只能提供资格之一；仍需城市风格、军营、人口、军械、军资与领主批准,无固定副作用,出生天赋仅占少数；主要由长期经历、兵种使用、战役类型、军衔晋升和真实战功形成,装备维修费-7%,维修停留时间略增
GT091,山岳之子,地形,普通,统帅,在对应地形中减少寻路、疲劳、阵型与士气惩罚,士气/纪律,炉心重甲卫,特性只能提供资格之一；仍需城市风格、军营、人口、军械、军资与领主批准,军资需求上升,出生天赋仅占少数；主要由长期经历、兵种使用、战役类型、军衔晋升和真实战功形成,山地行军疲劳-10%；山地阵型+6%,平原无收益
GT092,河川识势,地形,优秀,武力,在对应地形中减少寻路、疲劳、阵型与士气惩罚,反应/命令,,特性只能提供资格之一；仍需城市风格、军营、人口、军械、军资与领主批准,政治威望增长更快,出生天赋仅占少数；主要由长期经历、兵种使用、战役类型、军衔晋升和真实战功形成,河岸/渡口寻路+12%,远离水域无收益
GT093,林野猎将,地形,优秀,智力,在对应地形中减少寻路、疲劳、阵型与士气惩罚,攻击/冲击,,特性只能提供资格之一；仍需城市风格、军营、人口、军械、军资与领主批准,进攻倾向偏高,出生天赋仅占少数；主要由长期经历、兵种使用、战役类型、军衔晋升和真实战功形成,森林侦察+10%；伏击+8%,开阔地收益低
GT094,沙海识途,地形,稀有,勇气,在对应地形中减少寻路、疲劳、阵型与士气惩罚,防御/稳定,钢弦劲弩营,特性只能提供资格之一；仍需城市风格、军营、人口、军械、军资与领主批准,作战更谨慎,出生天赋仅占少数；主要由长期经历、兵种使用、战役类型、军衔晋升和真实战功形成,沙地口粮/水耗-10%,寒地无收益
GT095,朔地耐寒,地形,稀有,纪律,在对应地形中减少寻路、疲劳、阵型与士气惩罚,机动/疲劳,,特性只能提供资格之一；仍需城市风格、军营、人口、军械、军资与领主批准,对特定地形依赖,出生天赋仅占少数；主要由长期经历、兵种使用、战役类型、军衔晋升和真实战功形成,寒冷疲劳-12%,炎热无收益
GT096,泽地熟路,地形,史诗,威望,在对应地形中减少寻路、疲劳、阵型与士气惩罚,后勤/恢复,,特性只能提供资格之一；仍需城市风格、军营、人口、军械、军资与领主批准,无固定副作用,出生天赋仅占少数；主要由长期经历、兵种使用、战役类型、军衔晋升和真实战功形成,湿地寻路惩罚-12%,重骑仍受限制
GT097,城巷熟将,地形,普通,统帅,在对应地形中减少寻路、疲劳、阵型与士气惩罚,士气/纪律,黑石宿卫,特性只能提供资格之一；仍需城市风格、军营、人口、军械、军资与领主批准,军资需求上升,出生天赋仅占少数；主要由长期经历、兵种使用、战役类型、军衔晋升和真实战功形成,巷战小队AI+12%,野外无收益
GT098,荒野长行,地形,优秀,武力,在对应地形中减少寻路、疲劳、阵型与士气惩罚,反应/命令,,特性只能提供资格之一；仍需城市风格、军营、人口、军械、军资与领主批准,政治威望增长更快,出生天赋仅占少数；主要由长期经历、兵种使用、战役类型、军衔晋升和真实战功形成,无路行军疲劳-8%,道路优势相对减少
GT099,桥渡能手,地形,优秀,智力,在对应地形中减少寻路、疲劳、阵型与士气惩罚,攻击/冲击,,特性只能提供资格之一；仍需城市风格、军营、人口、军械、军资与领主批准,进攻倾向偏高,出生天赋仅占少数；主要由长期经历、兵种使用、战役类型、军衔晋升和真实战功形成,渡河队形损失-12%,需要可渡水域
GT100,关隘宿将,地形,稀有,勇气,在对应地形中减少寻路、疲劳、阵型与士气惩罚,防御/稳定,铜关重弩军,特性只能提供资格之一；仍需城市风格、军营、人口、军械、军资与领主批准,作战更谨慎,出生天赋仅占少数；主要由长期经历、兵种使用、战役类型、军衔晋升和真实战功形成,山口/关隘防御+15%,开阔地收益低
GT101,王庭近臣,政治,稀有,纪律,影响领主信任、家族/商人关系、独立性与反叛风险,机动/疲劳,,特性只能提供资格之一；仍需城市风格、军营、人口、军械、军资与领主批准,对特定地形依赖,出生天赋仅占少数；主要由长期经历、兵种使用、战役类型、军衔晋升和真实战功形成,领主信任+8；王庭申请通过率+5%,其他家族嫉妒+4
GT102,军功新贵,政治,史诗,威望,影响领主信任、家族/商人关系、独立性与反叛风险,后勤/恢复,,特性只能提供资格之一；仍需城市风格、军营、人口、军械、军资与领主批准,无固定副作用,出生天赋仅占少数；主要由长期经历、兵种使用、战役类型、军衔晋升和真实战功形成,军功授爵速度+10%,野心增长+4%
GT103,豪族出身,政治,普通,统帅,影响领主信任、家族/商人关系、独立性与反叛风险,士气/纪律,朱羽亲军,特性只能提供资格之一；仍需城市风格、军营、人口、军械、军资与领主批准,军资需求上升,出生天赋仅占少数；主要由长期经历、兵种使用、战役类型、军衔晋升和真实战功形成,家族初始资源+10%,反叛时危险更大
GT104,门生故吏,政治,优秀,武力,影响领主信任、家族/商人关系、独立性与反叛风险,反应/命令,,特性只能提供资格之一；仍需城市风格、军营、人口、军械、军资与领主批准,政治威望增长更快,出生天赋仅占少数；主要由长期经历、兵种使用、战役类型、军衔晋升和真实战功形成,副官/门生忠诚+8%,形成派系速度+5%
GT105,威望日隆,政治,优秀,智力,影响领主信任、家族/商人关系、独立性与反叛风险,攻击/冲击,,特性只能提供资格之一；仍需城市风格、军营、人口、军械、军资与领主批准,进攻倾向偏高,出生天赋仅占少数；主要由长期经历、兵种使用、战役类型、军衔晋升和真实战功形成,威望增长+12%,独立性+5%
GT106,谨守臣节,政治,稀有,勇气,影响领主信任、家族/商人关系、独立性与反叛风险,防御/稳定,禁苑重骑,特性只能提供资格之一；仍需城市风格、军营、人口、军械、军资与领主批准,作战更谨慎,出生天赋仅占少数；主要由长期经历、兵种使用、战役类型、军衔晋升和真实战功形成,反叛阈值+12%,升迁要求更高
GT107,野心渐长,政治,稀有,纪律,影响领主信任、家族/商人关系、独立性与反叛风险,机动/疲劳,,特性只能提供资格之一；仍需城市风格、军营、人口、军械、军资与领主批准,对特定地形依赖,出生天赋仅占少数；主要由长期经历、兵种使用、战役类型、军衔晋升和真实战功形成,野心增长+15%,更容易要求更高职位
GT108,善结军心,政治,史诗,威望,影响领主信任、家族/商人关系、独立性与反叛风险,后勤/恢复,,特性只能提供资格之一；仍需城市风格、军营、人口、军械、军资与领主批准,无固定副作用,出生天赋仅占少数；主要由长期经历、兵种使用、战役类型、军衔晋升和真实战功形成,士兵忠诚+8%,领主对其警惕+3%
GT109,与商善交,政治,普通,统帅,影响领主信任、家族/商人关系、独立性与反叛风险,士气/纪律,承天旗卫,特性只能提供资格之一；仍需城市风格、军营、人口、军械、军资与领主批准,军资需求上升,出生天赋仅占少数；主要由长期经历、兵种使用、战役类型、军衔晋升和真实战功形成,商人融资上限+12%,税收让渡更高
GT110,恃功自重,政治,优秀,武力,影响领主信任、家族/商人关系、独立性与反叛风险,反应/命令,,特性只能提供资格之一；仍需城市风格、军营、人口、军械、军资与领主批准,政治威望增长更快,出生天赋仅占少数；主要由长期经历、兵种使用、战役类型、军衔晋升和真实战功形成,军功过高时派系影响+12%,领主威望低时反叛风险显著
GT111,勇而不躁,个人风格,优秀,智力,同时改变作战倾向、忠诚、野心与对伤亡容忍度,攻击/冲击,,特性只能提供资格之一；仍需城市风格、军营、人口、军械、军资与领主批准,进攻倾向偏高,出生天赋仅占少数；主要由长期经历、兵种使用、战役类型、军衔晋升和真实战功形成,勇气+8；过度追击-5%,无
GT112,沉毅寡言,个人风格,稀有,勇气,同时改变作战倾向、忠诚、野心与对伤亡容忍度,防御/稳定,定远混编军,特性只能提供资格之一；仍需城市风格、军营、人口、军械、军资与领主批准,作战更谨慎,出生天赋仅占少数；主要由长期经历、兵种使用、战役类型、军衔晋升和真实战功形成,伤亡容忍-5%；冲动决策-8%,进攻速度略低
GT113,谨慎持重,个人风格,稀有,纪律,同时改变作战倾向、忠诚、野心与对伤亡容忍度,机动/疲劳,,特性只能提供资格之一；仍需城市风格、军营、人口、军械、军资与领主批准,对特定地形依赖,出生天赋仅占少数；主要由长期经历、兵种使用、战役类型、军衔晋升和真实战功形成,撤退判断更稳,错过战机概率+3%
GT114,果决凌厉,个人风格,史诗,威望,同时改变作战倾向、忠诚、野心与对伤亡容忍度,后勤/恢复,,特性只能提供资格之一；仍需城市风格、军营、人口、军械、军资与领主批准,无固定副作用,出生天赋仅占少数；主要由长期经历、兵种使用、战役类型、军衔晋升和真实战功形成,战机反应+10%,高压下疲劳+3%
GT115,刚烈难折,个人风格,普通,统帅,同时改变作战倾向、忠诚、野心与对伤亡容忍度,士气/纪律,临关盾卫,特性只能提供资格之一；仍需城市风格、军营、人口、军械、军资与领主批准,军资需求上升,出生天赋仅占少数；主要由长期经历、兵种使用、战役类型、军衔晋升和真实战功形成,死战概率+8%,伤亡风险+5%
GT116,宽厚得众,个人风格,优秀,武力,同时改变作战倾向、忠诚、野心与对伤亡容忍度,反应/命令,,特性只能提供资格之一；仍需城市风格、军营、人口、军械、军资与领主批准,政治威望增长更快,出生天赋仅占少数；主要由长期经历、兵种使用、战役类型、军衔晋升和真实战功形成,士兵忠诚+8%,军纪处罚效率-3%
GT117,苛严少恩,个人风格,优秀,智力,同时改变作战倾向、忠诚、野心与对伤亡容忍度,攻击/冲击,,特性只能提供资格之一；仍需城市风格、军营、人口、军械、军资与领主批准,进攻倾向偏高,出生天赋仅占少数；主要由长期经历、兵种使用、战役类型、军衔晋升和真实战功形成,纪律+10%,满意度-5%
GT118,好胜争功,个人风格,稀有,勇气,同时改变作战倾向、忠诚、野心与对伤亡容忍度,防御/稳定,守川护粮军,特性只能提供资格之一；仍需城市风格、军营、人口、军械、军资与领主批准,作战更谨慎,出生天赋仅占少数；主要由长期经历、兵种使用、战役类型、军衔晋升和真实战功形成,战功追求+12%,冒进+6%
GT119,忍耐持久,个人风格,稀有,纪律,同时改变作战倾向、忠诚、野心与对伤亡容忍度,机动/疲劳,,特性只能提供资格之一；仍需城市风格、军营、人口、军械、军资与领主批准,对特定地形依赖,出生天赋仅占少数；主要由长期经历、兵种使用、战役类型、军衔晋升和真实战功形成,长战疲劳-8%,短时爆发无加成
GT120,冷静善算,个人风格,史诗,威望,同时改变作战倾向、忠诚、野心与对伤亡容忍度,后勤/恢复,,特性只能提供资格之一；仍需城市风格、军营、人口、军械、军资与领主批准,无固定副作用,出生天赋仅占少数；主要由长期经历、兵种使用、战役类型、军衔晋升和真实战功形成,敌情误差-8%；命令切换+6%,无直接攻击加成
