ID,特性名称,领域,稀有度,最低智力,最低行政,政策能力上限,可解锁/强化,执行效果,能力不足,忠诚与政治,军事联动,具体效果
OT001,户籍能吏,户政,普通,38,34,45,人口、住宅、劳役、移民类政策,能力越高，政策工期越短、预算浪费越少、失败率越低；部分特性直接解锁对应军制/建筑/后勤状态机,能力低于政策门槛时该官员无法提出该政策；不是降低成功率硬做,执行成功会提高威望；长期被否决、被敌对家族压制、欠俸或领主威望过低会降低忠诚；野心高者可能形成派系,特殊官员主要改变全国/城市基础兵种、训练、装备、后勤和城防，不直接制造个人专属神兵,户籍遗漏-15%；人口统计刷新更快
OT002,清丈有方,户政,优秀,44,40,52,人口、住宅、劳役、移民类政策,能力越高，政策工期越短、预算浪费越少、失败率越低；部分特性直接解锁对应军制/建筑/后勤状态机,能力低于政策门槛时该官员无法提出该政策；不是降低成功率硬做,执行成功会提高威望；长期被否决、被敌对家族压制、欠俸或领主威望过低会降低忠诚；野心高者可能形成派系,特殊官员主要改变全国/城市基础兵种、训练、装备、后勤和城防，不直接制造个人专属神兵,土地税漏征-12%；地块归属更准确
OT003,安民善吏,户政,稀有,50,46,59,人口、住宅、劳役、移民类政策,能力越高，政策工期越短、预算浪费越少、失败率越低；部分特性直接解锁对应军制/建筑/后勤状态机,能力低于政策门槛时该官员无法提出该政策；不是降低成功率硬做,执行成功会提高威望；长期被否决、被敌对家族压制、欠俸或领主威望过低会降低忠诚；野心高者可能形成派系,特殊官员主要改变全国/城市基础兵种、训练、装备、后勤和城防，不直接制造个人专属神兵,治安/民心恢复+8%
OT004,移民招徕,户政,史诗,56,52,66,人口、住宅、劳役、移民类政策,能力越高，政策工期越短、预算浪费越少、失败率越低；部分特性直接解锁对应军制/建筑/后勤状态机,能力低于政策门槛时该官员无法提出该政策；不是降低成功率硬做,执行成功会提高威望；长期被否决、被敌对家族压制、欠俸或领主威望过低会降低忠诚；野心高者可能形成派系,特殊官员主要改变全国/城市基础兵种、训练、装备、后勤和城防，不直接制造个人专属神兵,移民吸引+10%；空屋入住更快
OT005,编户严整,户政,普通,62,58,73,人口、住宅、劳役、移民类政策,能力越高，政策工期越短、预算浪费越少、失败率越低；部分特性直接解锁对应军制/建筑/后勤状态机,能力低于政策门槛时该官员无法提出该政策；不是降低成功率硬做,执行成功会提高威望；长期被否决、被敌对家族压制、欠俸或领主威望过低会降低忠诚；野心高者可能形成派系,特殊官员主要改变全国/城市基础兵种、训练、装备、后勤和城防，不直接制造个人专属神兵,征兵与劳役重复登记-15%
OT006,劳役调度,户政,优秀,68,64,80,人口、住宅、劳役、移民类政策,能力越高，政策工期越短、预算浪费越少、失败率越低；部分特性直接解锁对应军制/建筑/后勤状态机,能力低于政策门槛时该官员无法提出该政策；不是降低成功率硬做,执行成功会提高威望；长期被否决、被敌对家族压制、欠俸或领主威望过低会降低忠诚；野心高者可能形成派系,特殊官员主要改变全国/城市基础兵种、训练、装备、后勤和城防，不直接制造个人专属神兵,大型工程劳力调配+10%
OT007,住宅规划,户政,稀有,74,70,87,人口、住宅、劳役、移民类政策,能力越高，政策工期越短、预算浪费越少、失败率越低；部分特性直接解锁对应军制/建筑/后勤状态机,能力低于政策门槛时该官员无法提出该政策；不是降低成功率硬做,执行成功会提高威望；长期被否决、被敌对家族压制、欠俸或领主威望过低会降低忠诚；野心高者可能形成派系,特殊官员主要改变全国/城市基础兵种、训练、装备、后勤和城防，不直接制造个人专属神兵,住宅区扩张效率+10%
OT008,灾后复户,户政,史诗,80,76,94,人口、住宅、劳役、移民类政策,能力越高，政策工期越短、预算浪费越少、失败率越低；部分特性直接解锁对应军制/建筑/后勤状态机,能力低于政策门槛时该官员无法提出该政策；不是降低成功率硬做,执行成功会提高威望；长期被否决、被敌对家族压制、欠俸或领主威望过低会降低忠诚；野心高者可能形成派系,特殊官员主要改变全国/城市基础兵种、训练、装备、后勤和城防，不直接制造个人专属神兵,战后人口恢复+10%
OT009,劝农有术,农政,普通,38,34,45,农业、水利、屯田、粮食类政策,能力越高，政策工期越短、预算浪费越少、失败率越低；部分特性直接解锁对应军制/建筑/后勤状态机,能力低于政策门槛时该官员无法提出该政策；不是降低成功率硬做,执行成功会提高威望；长期被否决、被敌对家族压制、欠俸或领主威望过低会降低忠诚；野心高者可能形成派系,特殊官员主要改变全国/城市基础兵种、训练、装备、后勤和城防，不直接制造个人专属神兵,农田产出+8%
OT010,河渠能吏,农政,优秀,44,40,52,农业、水利、屯田、粮食类政策,能力越高，政策工期越短、预算浪费越少、失败率越低；部分特性直接解锁对应军制/建筑/后勤状态机,能力低于政策门槛时该官员无法提出该政策；不是降低成功率硬做,执行成功会提高威望；长期被否决、被敌对家族压制、欠俸或领主威望过低会降低忠诚；野心高者可能形成派系,特殊官员主要改变全国/城市基础兵种、训练、装备、后勤和城防，不直接制造个人专属神兵,灌溉覆盖+12%；旱灾损失-10%
OT011,良种推行,农政,稀有,50,46,59,农业、水利、屯田、粮食类政策,能力越高，政策工期越短、预算浪费越少、失败率越低；部分特性直接解锁对应军制/建筑/后勤状态机,能力低于政策门槛时该官员无法提出该政策；不是降低成功率硬做,执行成功会提高威望；长期被否决、被敌对家族压制、欠俸或领主威望过低会降低忠诚；野心高者可能形成派系,特殊官员主要改变全国/城市基础兵种、训练、装备、后勤和城防，不直接制造个人专属神兵,种植效率+7%
OT012,常平善政,农政,史诗,56,52,66,农业、水利、屯田、粮食类政策,能力越高，政策工期越短、预算浪费越少、失败率越低；部分特性直接解锁对应军制/建筑/后勤状态机,能力低于政策门槛时该官员无法提出该政策；不是降低成功率硬做,执行成功会提高威望；长期被否决、被敌对家族压制、欠俸或领主威望过低会降低忠诚；野心高者可能形成派系,特殊官员主要改变全国/城市基础兵种、训练、装备、后勤和城防，不直接制造个人专属神兵,粮价波动-12%；灾年饥饿-8%
OT013,牧田有方,农政,普通,62,58,73,农业、水利、屯田、粮食类政策,能力越高，政策工期越短、预算浪费越少、失败率越低；部分特性直接解锁对应军制/建筑/后勤状态机,能力低于政策门槛时该官员无法提出该政策；不是降低成功率硬做,执行成功会提高威望；长期被否决、被敌对家族压制、欠俸或领主威望过低会降低忠诚；野心高者可能形成派系,特殊官员主要改变全国/城市基础兵种、训练、装备、后勤和城防，不直接制造个人专属神兵,畜牧繁育+10%
OT014,农具改良,农政,优秀,68,64,80,农业、水利、屯田、粮食类政策,能力越高，政策工期越短、预算浪费越少、失败率越低；部分特性直接解锁对应军制/建筑/后勤状态机,能力低于政策门槛时该官员无法提出该政策；不是降低成功率硬做,执行成功会提高威望；长期被否决、被敌对家族压制、欠俸或领主威望过低会降低忠诚；野心高者可能形成派系,特殊官员主要改变全国/城市基础兵种、训练、装备、后勤和城防，不直接制造个人专属神兵,农具消耗-8%
OT015,灾岁赈济,农政,稀有,74,70,87,农业、水利、屯田、粮食类政策,能力越高，政策工期越短、预算浪费越少、失败率越低；部分特性直接解锁对应军制/建筑/后勤状态机,能力低于政策门槛时该官员无法提出该政策；不是降低成功率硬做,执行成功会提高威望；长期被否决、被敌对家族压制、欠俸或领主威望过低会降低忠诚；野心高者可能形成派系,特殊官员主要改变全国/城市基础兵种、训练、装备、后勤和城防，不直接制造个人专属神兵,赈济效率+12%
OT016,屯田经营,农政,史诗,80,76,94,农业、水利、屯田、粮食类政策,能力越高，政策工期越短、预算浪费越少、失败率越低；部分特性直接解锁对应军制/建筑/后勤状态机,能力低于政策门槛时该官员无法提出该政策；不是降低成功率硬做,执行成功会提高威望；长期被否决、被敌对家族压制、欠俸或领主威望过低会降低忠诚；野心高者可能形成派系,特殊官员主要改变全国/城市基础兵种、训练、装备、后勤和城防，不直接制造个人专属神兵,边地屯垦产粮+10%
OT017,度支长才,财政,普通,38,34,45,国库、税收、军费、债务类政策,能力越高，政策工期越短、预算浪费越少、失败率越低；部分特性直接解锁对应军制/建筑/后勤状态机,能力低于政策门槛时该官员无法提出该政策；不是降低成功率硬做,执行成功会提高威望；长期被否决、被敌对家族压制、欠俸或领主威望过低会降低忠诚；野心高者可能形成派系,特殊官员主要改变全国/城市基础兵种、训练、装备、后勤和城防，不直接制造个人专属神兵,预算浪费-10%
OT018,预算严谨,财政,优秀,44,40,52,国库、税收、军费、债务类政策,能力越高，政策工期越短、预算浪费越少、失败率越低；部分特性直接解锁对应军制/建筑/后勤状态机,能力低于政策门槛时该官员无法提出该政策；不是降低成功率硬做,执行成功会提高威望；长期被否决、被敌对家族压制、欠俸或领主威望过低会降低忠诚；野心高者可能形成派系,特殊官员主要改变全国/城市基础兵种、训练、装备、后勤和城防，不直接制造个人专属神兵,政策超支-12%
OT019,节用能臣,财政,稀有,50,46,59,国库、税收、军费、债务类政策,能力越高，政策工期越短、预算浪费越少、失败率越低；部分特性直接解锁对应军制/建筑/后勤状态机,能力低于政策门槛时该官员无法提出该政策；不是降低成功率硬做,执行成功会提高威望；长期被否决、被敌对家族压制、欠俸或领主威望过低会降低忠诚；野心高者可能形成派系,特殊官员主要改变全国/城市基础兵种、训练、装备、后勤和城防，不直接制造个人专属神兵,行政维护费-7%
OT020,税册清明,财政,史诗,56,52,66,国库、税收、军费、债务类政策,能力越高，政策工期越短、预算浪费越少、失败率越低；部分特性直接解锁对应军制/建筑/后勤状态机,能力低于政策门槛时该官员无法提出该政策；不是降低成功率硬做,执行成功会提高威望；长期被否决、被敌对家族压制、欠俸或领主威望过低会降低忠诚；野心高者可能形成派系,特殊官员主要改变全国/城市基础兵种、训练、装备、后勤和城防，不直接制造个人专属神兵,税收漏损-9%
OT021,军费筹算,财政,普通,62,58,73,国库、税收、军费、债务类政策,能力越高，政策工期越短、预算浪费越少、失败率越低；部分特性直接解锁对应军制/建筑/后勤状态机,能力低于政策门槛时该官员无法提出该政策；不是降低成功率硬做,执行成功会提高威望；长期被否决、被敌对家族压制、欠俸或领主威望过低会降低忠诚；野心高者可能形成派系,特殊官员主要改变全国/城市基础兵种、训练、装备、后勤和城防，不直接制造个人专属神兵,军费缺口预警提前
OT022,债务整顿,财政,优秀,68,64,80,国库、税收、军费、债务类政策,能力越高，政策工期越短、预算浪费越少、失败率越低；部分特性直接解锁对应军制/建筑/后勤状态机,能力低于政策门槛时该官员无法提出该政策；不是降低成功率硬做,执行成功会提高威望；长期被否决、被敌对家族压制、欠俸或领主威望过低会降低忠诚；野心高者可能形成派系,特殊官员主要改变全国/城市基础兵种、训练、装备、后勤和城防，不直接制造个人专属神兵,债务利息-8%
OT023,库藏有序,财政,稀有,74,70,87,国库、税收、军费、债务类政策,能力越高，政策工期越短、预算浪费越少、失败率越低；部分特性直接解锁对应军制/建筑/后勤状态机,能力低于政策门槛时该官员无法提出该政策；不是降低成功率硬做,执行成功会提高威望；长期被否决、被敌对家族压制、欠俸或领主威望过低会降低忠诚；野心高者可能形成派系,特殊官员主要改变全国/城市基础兵种、训练、装备、后勤和城防，不直接制造个人专属神兵,国库储备损失-10%
OT024,钱粮核算,财政,史诗,80,76,94,国库、税收、军费、债务类政策,能力越高，政策工期越短、预算浪费越少、失败率越低；部分特性直接解锁对应军制/建筑/后勤状态机,能力低于政策门槛时该官员无法提出该政策；不是降低成功率硬做,执行成功会提高威望；长期被否决、被敌对家族压制、欠俸或领主威望过低会降低忠诚；野心高者可能形成派系,特殊官员主要改变全国/城市基础兵种、训练、装备、后勤和城防，不直接制造个人专属神兵,钱粮结算延迟-12%
OT025,市易能吏,商政,普通,38,34,45,市场、商税、投资、贸易类政策,能力越高，政策工期越短、预算浪费越少、失败率越低；部分特性直接解锁对应军制/建筑/后勤状态机,能力低于政策门槛时该官员无法提出该政策；不是降低成功率硬做,执行成功会提高威望；长期被否决、被敌对家族压制、欠俸或领主威望过低会降低忠诚；野心高者可能形成派系,特殊官员主要改变全国/城市基础兵种、训练、装备、后勤和城防，不直接制造个人专属神兵,市场交易额+8%
OT026,商籍整饬,商政,优秀,44,40,52,市场、商税、投资、贸易类政策,能力越高，政策工期越短、预算浪费越少、失败率越低；部分特性直接解锁对应军制/建筑/后勤状态机,能力低于政策门槛时该官员无法提出该政策；不是降低成功率硬做,执行成功会提高威望；长期被否决、被敌对家族压制、欠俸或领主威望过低会降低忠诚；野心高者可能形成派系,特殊官员主要改变全国/城市基础兵种、训练、装备、后勤和城防，不直接制造个人专属神兵,黑市/逃税-10%
OT027,护商有方,商政,稀有,50,46,59,市场、商税、投资、贸易类政策,能力越高，政策工期越短、预算浪费越少、失败率越低；部分特性直接解锁对应军制/建筑/后勤状态机,能力低于政策门槛时该官员无法提出该政策；不是降低成功率硬做,执行成功会提高威望；长期被否决、被敌对家族压制、欠俸或领主威望过低会降低忠诚；野心高者可能形成派系,特殊官员主要改变全国/城市基础兵种、训练、装备、后勤和城防，不直接制造个人专属神兵,商队遇袭后恢复+10%
OT028,货栈规划,商政,史诗,56,52,66,市场、商税、投资、贸易类政策,能力越高，政策工期越短、预算浪费越少、失败率越低；部分特性直接解锁对应军制/建筑/后勤状态机,能力低于政策门槛时该官员无法提出该政策；不是降低成功率硬做,执行成功会提高威望；长期被否决、被敌对家族压制、欠俸或领主威望过低会降低忠诚；野心高者可能形成派系,特殊官员主要改变全国/城市基础兵种、训练、装备、后勤和城防，不直接制造个人专属神兵,货栈容量+12%
OT029,平抑物价,商政,普通,62,58,73,市场、商税、投资、贸易类政策,能力越高，政策工期越短、预算浪费越少、失败率越低；部分特性直接解锁对应军制/建筑/后勤状态机,能力低于政策门槛时该官员无法提出该政策；不是降低成功率硬做,执行成功会提高威望；长期被否决、被敌对家族压制、欠俸或领主威望过低会降低忠诚；野心高者可能形成派系,特殊官员主要改变全国/城市基础兵种、训练、装备、后勤和城防，不直接制造个人专属神兵,价格异常波动-10%
OT030,商团调处,商政,优秀,68,64,80,市场、商税、投资、贸易类政策,能力越高，政策工期越短、预算浪费越少、失败率越低；部分特性直接解锁对应军制/建筑/后勤状态机,能力低于政策门槛时该官员无法提出该政策；不是降低成功率硬做,执行成功会提高威望；长期被否决、被敌对家族压制、欠俸或领主威望过低会降低忠诚；野心高者可能形成派系,特殊官员主要改变全国/城市基础兵种、训练、装备、后勤和城防，不直接制造个人专属神兵,商人忠诚+7%
OT031,远贸开拓,商政,稀有,74,70,87,市场、商税、投资、贸易类政策,能力越高，政策工期越短、预算浪费越少、失败率越低；部分特性直接解锁对应军制/建筑/后勤状态机,能力低于政策门槛时该官员无法提出该政策；不是降低成功率硬做,执行成功会提高威望；长期被否决、被敌对家族压制、欠俸或领主威望过低会降低忠诚；野心高者可能形成派系,特殊官员主要改变全国/城市基础兵种、训练、装备、后勤和城防，不直接制造个人专属神兵,远程贸易收益+8%
OT032,税关整合,商政,史诗,80,76,94,市场、商税、投资、贸易类政策,能力越高，政策工期越短、预算浪费越少、失败率越低；部分特性直接解锁对应军制/建筑/后勤状态机,能力低于政策门槛时该官员无法提出该政策；不是降低成功率硬做,执行成功会提高威望；长期被否决、被敌对家族压制、欠俸或领主威望过低会降低忠诚；野心高者可能形成派系,特殊官员主要改变全国/城市基础兵种、训练、装备、后勤和城防，不直接制造个人专属神兵,重复路税-20%
OT033,营造巧匠,工务,普通,38,34,45,道路、桥梁、城墙、公共建筑类政策,能力越高，政策工期越短、预算浪费越少、失败率越低；部分特性直接解锁对应军制/建筑/后勤状态机,能力低于政策门槛时该官员无法提出该政策；不是降低成功率硬做,执行成功会提高威望；长期被否决、被敌对家族压制、欠俸或领主威望过低会降低忠诚；野心高者可能形成派系,特殊官员主要改变全国/城市基础兵种、训练、装备、后勤和城防，不直接制造个人专属神兵,建筑施工+10%
OT034,道路经略,工务,优秀,44,40,52,道路、桥梁、城墙、公共建筑类政策,能力越高，政策工期越短、预算浪费越少、失败率越低；部分特性直接解锁对应军制/建筑/后勤状态机,能力低于政策门槛时该官员无法提出该政策；不是降低成功率硬做,执行成功会提高威望；长期被否决、被敌对家族压制、欠俸或领主威望过低会降低忠诚；野心高者可能形成派系,特殊官员主要改变全国/城市基础兵种、训练、装备、后勤和城防，不直接制造个人专属神兵,道路施工+12%
OT035,桥梁善治,工务,稀有,50,46,59,道路、桥梁、城墙、公共建筑类政策,能力越高，政策工期越短、预算浪费越少、失败率越低；部分特性直接解锁对应军制/建筑/后勤状态机,能力低于政策门槛时该官员无法提出该政策；不是降低成功率硬做,执行成功会提高威望；长期被否决、被敌对家族压制、欠俸或领主威望过低会降低忠诚；野心高者可能形成派系,特殊官员主要改变全国/城市基础兵种、训练、装备、后勤和城防，不直接制造个人专属神兵,桥梁耐久+10%
OT036,城墙督造,工务,史诗,56,52,66,道路、桥梁、城墙、公共建筑类政策,能力越高，政策工期越短、预算浪费越少、失败率越低；部分特性直接解锁对应军制/建筑/后勤状态机,能力低于政策门槛时该官员无法提出该政策；不是降低成功率硬做,执行成功会提高威望；长期被否决、被敌对家族压制、欠俸或领主威望过低会降低忠诚；野心高者可能形成派系,特殊官员主要改变全国/城市基础兵种、训练、装备、后勤和城防，不直接制造个人专属神兵,城墙施工+10%
OT037,工役统筹,工务,普通,62,58,73,道路、桥梁、城墙、公共建筑类政策,能力越高，政策工期越短、预算浪费越少、失败率越低；部分特性直接解锁对应军制/建筑/后勤状态机,能力低于政策门槛时该官员无法提出该政策；不是降低成功率硬做,执行成功会提高威望；长期被否决、被敌对家族压制、欠俸或领主威望过低会降低忠诚；野心高者可能形成派系,特殊官员主要改变全国/城市基础兵种、训练、装备、后勤和城防，不直接制造个人专属神兵,劳役疲劳-8%
OT038,耐久巡检,工务,优秀,68,64,80,道路、桥梁、城墙、公共建筑类政策,能力越高，政策工期越短、预算浪费越少、失败率越低；部分特性直接解锁对应军制/建筑/后勤状态机,能力低于政策门槛时该官员无法提出该政策；不是降低成功率硬做,执行成功会提高威望；长期被否决、被敌对家族压制、欠俸或领主威望过低会降低忠诚；野心高者可能形成派系,特殊官员主要改变全国/城市基础兵种、训练、装备、后勤和城防，不直接制造个人专属神兵,建筑耐久巡检+15%
OT039,急修能手,工务,稀有,74,70,87,道路、桥梁、城墙、公共建筑类政策,能力越高，政策工期越短、预算浪费越少、失败率越低；部分特性直接解锁对应军制/建筑/后勤状态机,能力低于政策门槛时该官员无法提出该政策；不是降低成功率硬做,执行成功会提高威望；长期被否决、被敌对家族压制、欠俸或领主威望过低会降低忠诚；野心高者可能形成派系,特殊官员主要改变全国/城市基础兵种、训练、装备、后勤和城防，不直接制造个人专属神兵,战损修复+14%
OT040,材料节用,工务,史诗,80,76,94,道路、桥梁、城墙、公共建筑类政策,能力越高，政策工期越短、预算浪费越少、失败率越低；部分特性直接解锁对应军制/建筑/后勤状态机,能力低于政策门槛时该官员无法提出该政策；不是降低成功率硬做,执行成功会提高威望；长期被否决、被敌对家族压制、欠俸或领主威望过低会降低忠诚；野心高者可能形成派系,特殊官员主要改变全国/城市基础兵种、训练、装备、后勤和城防，不直接制造个人专属神兵,石木铁材料浪费-10%
OT041,军籍整饬,军政,普通,38,34,45,募兵、军营、轮训、军官与基础军制,能力越高，政策工期越短、预算浪费越少、失败率越低；部分特性直接解锁对应军制/建筑/后勤状态机,能力低于政策门槛时该官员无法提出该政策；不是降低成功率硬做,执行成功会提高威望；长期被否决、被敌对家族压制、欠俸或领主威望过低会降低忠诚；野心高者可能形成派系,特殊官员主要改变全国/城市基础兵种、训练、装备、后勤和城防，不直接制造个人专属神兵,兵籍错误-15%
OT042,轮训有方,军政,优秀,44,40,52,募兵、军营、轮训、军官与基础军制,能力越高，政策工期越短、预算浪费越少、失败率越低；部分特性直接解锁对应军制/建筑/后勤状态机,能力低于政策门槛时该官员无法提出该政策；不是降低成功率硬做,执行成功会提高威望；长期被否决、被敌对家族压制、欠俸或领主威望过低会降低忠诚；野心高者可能形成派系,特殊官员主要改变全国/城市基础兵种、训练、装备、后勤和城防，不直接制造个人专属神兵,轮训效率+10%
OT043,老兵留营,军政,稀有,50,46,59,募兵、军营、轮训、军官与基础军制,能力越高，政策工期越短、预算浪费越少、失败率越低；部分特性直接解锁对应军制/建筑/后勤状态机,能力低于政策门槛时该官员无法提出该政策；不是降低成功率硬做,执行成功会提高威望；长期被否决、被敌对家族压制、欠俸或领主威望过低会降低忠诚；野心高者可能形成派系,特殊官员主要改变全国/城市基础兵种、训练、装备、后勤和城防，不直接制造个人专属神兵,老兵退伍流失-10%
OT044,军官考课,军政,史诗,56,52,66,募兵、军营、轮训、军官与基础军制,能力越高，政策工期越短、预算浪费越少、失败率越低；部分特性直接解锁对应军制/建筑/后勤状态机,能力低于政策门槛时该官员无法提出该政策；不是降低成功率硬做,执行成功会提高威望；长期被否决、被敌对家族压制、欠俸或领主威望过低会降低忠诚；野心高者可能形成派系,特殊官员主要改变全国/城市基础兵种、训练、装备、后勤和城防，不直接制造个人专属神兵,军官晋升质量+12%
OT045,兵额筹算,军政,普通,62,58,73,募兵、军营、轮训、军官与基础军制,能力越高，政策工期越短、预算浪费越少、失败率越低；部分特性直接解锁对应军制/建筑/后勤状态机,能力低于政策门槛时该官员无法提出该政策；不是降低成功率硬做,执行成功会提高威望；长期被否决、被敌对家族压制、欠俸或领主威望过低会降低忠诚；野心高者可能形成派系,特殊官员主要改变全国/城市基础兵种、训练、装备、后勤和城防，不直接制造个人专属神兵,超额募兵风险-12%
OT046,军营整编,军政,优秀,68,64,80,募兵、军营、轮训、军官与基础军制,能力越高，政策工期越短、预算浪费越少、失败率越低；部分特性直接解锁对应军制/建筑/后勤状态机,能力低于政策门槛时该官员无法提出该政策；不是降低成功率硬做,执行成功会提高威望；长期被否决、被敌对家族压制、欠俸或领主威望过低会降低忠诚；野心高者可能形成派系,特殊官员主要改变全国/城市基础兵种、训练、装备、后勤和城防，不直接制造个人专属神兵,军营容量利用+10%
OT047,边军经营,军政,稀有,74,70,87,募兵、军营、轮训、军官与基础军制,能力越高，政策工期越短、预算浪费越少、失败率越低；部分特性直接解锁对应军制/建筑/后勤状态机,能力低于政策门槛时该官员无法提出该政策；不是降低成功率硬做,执行成功会提高威望；长期被否决、被敌对家族压制、欠俸或领主威望过低会降低忠诚；野心高者可能形成派系,特殊官员主要改变全国/城市基础兵种、训练、装备、后勤和城防，不直接制造个人专属神兵,边军补员+8%
OT048,民兵善用,军政,史诗,80,76,94,募兵、军营、轮训、军官与基础军制,能力越高，政策工期越短、预算浪费越少、失败率越低；部分特性直接解锁对应军制/建筑/后勤状态机,能力低于政策门槛时该官员无法提出该政策；不是降低成功率硬做,执行成功会提高威望；长期被否决、被敌对家族压制、欠俸或领主威望过低会降低忠诚；野心高者可能形成派系,特殊官员主要改变全国/城市基础兵种、训练、装备、后勤和城防，不直接制造个人专属神兵,民兵集结时间-12%
OT049,军械总监,军械,普通,38,34,45,军械库、装备标准、维修、铁匠与矿料,能力越高，政策工期越短、预算浪费越少、失败率越低；部分特性直接解锁对应军制/建筑/后勤状态机,能力低于政策门槛时该官员无法提出该政策；不是降低成功率硬做,执行成功会提高威望；长期被否决、被敌对家族压制、欠俸或领主威望过低会降低忠诚；野心高者可能形成派系,特殊官员主要改变全国/城市基础兵种、训练、装备、后勤和城防，不直接制造个人专属神兵,装备维修费-8%
OT050,铁作能吏,军械,优秀,44,40,52,军械库、装备标准、维修、铁匠与矿料,能力越高，政策工期越短、预算浪费越少、失败率越低；部分特性直接解锁对应军制/建筑/后勤状态机,能力低于政策门槛时该官员无法提出该政策；不是降低成功率硬做,执行成功会提高威望；长期被否决、被敌对家族压制、欠俸或领主威望过低会降低忠诚；野心高者可能形成派系,特殊官员主要改变全国/城市基础兵种、训练、装备、后勤和城防，不直接制造个人专属神兵,铁器产量+8%
OT051,制式规范,军械,稀有,50,46,59,军械库、装备标准、维修、铁匠与矿料,能力越高，政策工期越短、预算浪费越少、失败率越低；部分特性直接解锁对应军制/建筑/后勤状态机,能力低于政策门槛时该官员无法提出该政策；不是降低成功率硬做,执行成功会提高威望；长期被否决、被敌对家族压制、欠俸或领主威望过低会降低忠诚；野心高者可能形成派系,特殊官员主要改变全国/城市基础兵种、训练、装备、后勤和城防，不直接制造个人专属神兵,制式装备一致性+12%
OT052,维修节用,军械,史诗,56,52,66,军械库、装备标准、维修、铁匠与矿料,能力越高，政策工期越短、预算浪费越少、失败率越低；部分特性直接解锁对应军制/建筑/后勤状态机,能力低于政策门槛时该官员无法提出该政策；不是降低成功率硬做,执行成功会提高威望；长期被否决、被敌对家族压制、欠俸或领主威望过低会降低忠诚；野心高者可能形成派系,特殊官员主要改变全国/城市基础兵种、训练、装备、后勤和城防，不直接制造个人专属神兵,耐久损耗-6%
OT053,良甲甄选,军械,普通,62,58,73,军械库、装备标准、维修、铁匠与矿料,能力越高，政策工期越短、预算浪费越少、失败率越低；部分特性直接解锁对应军制/建筑/后勤状态机,能力低于政策门槛时该官员无法提出该政策；不是降低成功率硬做,执行成功会提高威望；长期被否决、被敌对家族压制、欠俸或领主威望过低会降低忠诚；野心高者可能形成派系,特殊官员主要改变全国/城市基础兵种、训练、装备、后勤和城防，不直接制造个人专属神兵,优良装备识别+12%
OT054,武库清点,军械,优秀,68,64,80,军械库、装备标准、维修、铁匠与矿料,能力越高，政策工期越短、预算浪费越少、失败率越低；部分特性直接解锁对应军制/建筑/后勤状态机,能力低于政策门槛时该官员无法提出该政策；不是降低成功率硬做,执行成功会提高威望；长期被否决、被敌对家族压制、欠俸或领主威望过低会降低忠诚；野心高者可能形成派系,特殊官员主要改变全国/城市基础兵种、训练、装备、后勤和城防，不直接制造个人专属神兵,军械库存误差-15%
OT055,匠户培养,军械,稀有,74,70,87,军械库、装备标准、维修、铁匠与矿料,能力越高，政策工期越短、预算浪费越少、失败率越低；部分特性直接解锁对应军制/建筑/后勤状态机,能力低于政策门槛时该官员无法提出该政策；不是降低成功率硬做,执行成功会提高威望；长期被否决、被敌对家族压制、欠俸或领主威望过低会降低忠诚；野心高者可能形成派系,特殊官员主要改变全国/城市基础兵种、训练、装备、后勤和城防，不直接制造个人专属神兵,铁匠成长+10%
OT056,矿料调配,军械,史诗,80,76,94,军械库、装备标准、维修、铁匠与矿料,能力越高，政策工期越短、预算浪费越少、失败率越低；部分特性直接解锁对应军制/建筑/后勤状态机,能力低于政策门槛时该官员无法提出该政策；不是降低成功率硬做,执行成功会提高威望；长期被否决、被敌对家族压制、欠俸或领主威望过低会降低忠诚；野心高者可能形成派系,特殊官员主要改变全国/城市基础兵种、训练、装备、后勤和城防，不直接制造个人专属神兵,稀缺铁料浪费-10%
OT057,转运长才,后勤,普通,38,34,45,军粮、运输、驿站、前线仓站,能力越高，政策工期越短、预算浪费越少、失败率越低；部分特性直接解锁对应军制/建筑/后勤状态机,能力低于政策门槛时该官员无法提出该政策；不是降低成功率硬做,执行成功会提高威望；长期被否决、被敌对家族压制、欠俸或领主威望过低会降低忠诚；野心高者可能形成派系,特殊官员主要改变全国/城市基础兵种、训练、装备、后勤和城防，不直接制造个人专属神兵,运输损耗-10%
OT058,粮台筹算,后勤,优秀,44,40,52,军粮、运输、驿站、前线仓站,能力越高，政策工期越短、预算浪费越少、失败率越低；部分特性直接解锁对应军制/建筑/后勤状态机,能力低于政策门槛时该官员无法提出该政策；不是降低成功率硬做,执行成功会提高威望；长期被否决、被敌对家族压制、欠俸或领主威望过低会降低忠诚；野心高者可能形成派系,特殊官员主要改变全国/城市基础兵种、训练、装备、后勤和城防，不直接制造个人专属神兵,军粮计划误差-12%
OT059,驿传整饬,后勤,稀有,50,46,59,军粮、运输、驿站、前线仓站,能力越高，政策工期越短、预算浪费越少、失败率越低；部分特性直接解锁对应军制/建筑/后勤状态机,能力低于政策门槛时该官员无法提出该政策；不是降低成功率硬做,执行成功会提高威望；长期被否决、被敌对家族压制、欠俸或领主威望过低会降低忠诚；野心高者可能形成派系,特殊官员主要改变全国/城市基础兵种、训练、装备、后勤和城防，不直接制造个人专属神兵,驿站周转+10%
OT060,军粮分仓,后勤,史诗,56,52,66,军粮、运输、驿站、前线仓站,能力越高，政策工期越短、预算浪费越少、失败率越低；部分特性直接解锁对应军制/建筑/后勤状态机,能力低于政策门槛时该官员无法提出该政策；不是降低成功率硬做,执行成功会提高威望；长期被否决、被敌对家族压制、欠俸或领主威望过低会降低忠诚；野心高者可能形成派系,特殊官员主要改变全国/城市基础兵种、训练、装备、后勤和城防，不直接制造个人专属神兵,单仓被袭损失-12%
OT061,辎重统筹,后勤,普通,62,58,73,军粮、运输、驿站、前线仓站,能力越高，政策工期越短、预算浪费越少、失败率越低；部分特性直接解锁对应军制/建筑/后勤状态机,能力低于政策门槛时该官员无法提出该政策；不是降低成功率硬做,执行成功会提高威望；长期被否决、被敌对家族压制、欠俸或领主威望过低会降低忠诚；野心高者可能形成派系,特殊官员主要改变全国/城市基础兵种、训练、装备、后勤和城防，不直接制造个人专属神兵,辎重拥堵-10%
OT062,前线仓站,后勤,优秀,68,64,80,军粮、运输、驿站、前线仓站,能力越高，政策工期越短、预算浪费越少、失败率越低；部分特性直接解锁对应军制/建筑/后勤状态机,能力低于政策门槛时该官员无法提出该政策；不是降低成功率硬做,执行成功会提高威望；长期被否决、被敌对家族压制、欠俸或领主威望过低会降低忠诚；野心高者可能形成派系,特殊官员主要改变全国/城市基础兵种、训练、装备、后勤和城防，不直接制造个人专属神兵,前线仓站建设+10%
OT063,道路军运,后勤,稀有,74,70,87,军粮、运输、驿站、前线仓站,能力越高，政策工期越短、预算浪费越少、失败率越低；部分特性直接解锁对应军制/建筑/后勤状态机,能力低于政策门槛时该官员无法提出该政策；不是降低成功率硬做,执行成功会提高威望；长期被否决、被敌对家族压制、欠俸或领主威望过低会降低忠诚；野心高者可能形成派系,特殊官员主要改变全国/城市基础兵种、训练、装备、后勤和城防，不直接制造个人专属神兵,道路军运速度+8%
OT064,战后补给,后勤,史诗,80,76,94,军粮、运输、驿站、前线仓站,能力越高，政策工期越短、预算浪费越少、失败率越低；部分特性直接解锁对应军制/建筑/后勤状态机,能力低于政策门槛时该官员无法提出该政策；不是降低成功率硬做,执行成功会提高威望；长期被否决、被敌对家族压制、欠俸或领主威望过低会降低忠诚；野心高者可能形成派系,特殊官员主要改变全国/城市基础兵种、训练、装备、后勤和城防，不直接制造个人专属神兵,战后补给恢复+12%
OT065,筑城能臣,城防,普通,38,34,45,城墙、塔楼、城门、围城准备,能力越高，政策工期越短、预算浪费越少、失败率越低；部分特性直接解锁对应军制/建筑/后勤状态机,能力低于政策门槛时该官员无法提出该政策；不是降低成功率硬做,执行成功会提高威望；长期被否决、被敌对家族压制、欠俸或领主威望过低会降低忠诚；野心高者可能形成派系,特殊官员主要改变全国/城市基础兵种、训练、装备、后勤和城防，不直接制造个人专属神兵,城墙耐久+8%
OT066,城门经略,城防,优秀,44,40,52,城墙、塔楼、城门、围城准备,能力越高，政策工期越短、预算浪费越少、失败率越低；部分特性直接解锁对应军制/建筑/后勤状态机,能力低于政策门槛时该官员无法提出该政策；不是降低成功率硬做,执行成功会提高威望；长期被否决、被敌对家族压制、欠俸或领主威望过低会降低忠诚；野心高者可能形成派系,特殊官员主要改变全国/城市基础兵种、训练、装备、后勤和城防，不直接制造个人专属神兵,城门防御+10%
OT067,塔楼规划,城防,稀有,50,46,59,城墙、塔楼、城门、围城准备,能力越高，政策工期越短、预算浪费越少、失败率越低；部分特性直接解锁对应军制/建筑/后勤状态机,能力低于政策门槛时该官员无法提出该政策；不是降低成功率硬做,执行成功会提高威望；长期被否决、被敌对家族压制、欠俸或领主威望过低会降低忠诚；野心高者可能形成派系,特殊官员主要改变全国/城市基础兵种、训练、装备、后勤和城防，不直接制造个人专属神兵,塔楼射界+8%
OT068,壕堑营造,城防,史诗,56,52,66,城墙、塔楼、城门、围城准备,能力越高，政策工期越短、预算浪费越少、失败率越低；部分特性直接解锁对应军制/建筑/后勤状态机,能力低于政策门槛时该官员无法提出该政策；不是降低成功率硬做,执行成功会提高威望；长期被否决、被敌对家族压制、欠俸或领主威望过低会降低忠诚；野心高者可能形成派系,特殊官员主要改变全国/城市基础兵种、训练、装备、后勤和城防，不直接制造个人专属神兵,壕沟施工+12%
OT069,守城备料,城防,普通,62,58,73,城墙、塔楼、城门、围城准备,能力越高，政策工期越短、预算浪费越少、失败率越低；部分特性直接解锁对应军制/建筑/后勤状态机,能力低于政策门槛时该官员无法提出该政策；不是降低成功率硬做,执行成功会提高威望；长期被否决、被敌对家族压制、欠俸或领主威望过低会降低忠诚；野心高者可能形成派系,特殊官员主要改变全国/城市基础兵种、训练、装备、后勤和城防，不直接制造个人专属神兵,围城储料+10%
OT070,烽堠整修,城防,优秀,68,64,80,城墙、塔楼、城门、围城准备,能力越高，政策工期越短、预算浪费越少、失败率越低；部分特性直接解锁对应军制/建筑/后勤状态机,能力低于政策门槛时该官员无法提出该政策；不是降低成功率硬做,执行成功会提高威望；长期被否决、被敌对家族压制、欠俸或领主威望过低会降低忠诚；野心高者可能形成派系,特殊官员主要改变全国/城市基础兵种、训练、装备、后勤和城防，不直接制造个人专属神兵,烽堠预警+12%
OT071,水源防护,城防,稀有,74,70,87,城墙、塔楼、城门、围城准备,能力越高，政策工期越短、预算浪费越少、失败率越低；部分特性直接解锁对应军制/建筑/后勤状态机,能力低于政策门槛时该官员无法提出该政策；不是降低成功率硬做,执行成功会提高威望；长期被否决、被敌对家族压制、欠俸或领主威望过低会降低忠诚；野心高者可能形成派系,特殊官员主要改变全国/城市基础兵种、训练、装备、后勤和城防，不直接制造个人专属神兵,水源破坏风险-12%
OT072,冬城储备,城防,史诗,80,76,94,城墙、塔楼、城门、围城准备,能力越高，政策工期越短、预算浪费越少、失败率越低；部分特性直接解锁对应军制/建筑/后勤状态机,能力低于政策门槛时该官员无法提出该政策；不是降低成功率硬做,执行成功会提高威望；长期被否决、被敌对家族压制、欠俸或领主威望过低会降低忠诚；野心高者可能形成派系,特殊官员主要改变全国/城市基础兵种、训练、装备、后勤和城防，不直接制造个人专属神兵,冬季围城粮耗-8%
OT073,铁腕巡察,监察,普通,38,34,45,忠诚、贪腐、豪族、反叛预警,能力越高，政策工期越短、预算浪费越少、失败率越低；部分特性直接解锁对应军制/建筑/后勤状态机,能力低于政策门槛时该官员无法提出该政策；不是降低成功率硬做,执行成功会提高威望；长期被否决、被敌对家族压制、欠俸或领主威望过低会降低忠诚；野心高者可能形成派系,特殊官员主要改变全国/城市基础兵种、训练、装备、后勤和城防，不直接制造个人专属神兵,贪腐发现+12%
OT074,廉政清议,监察,优秀,44,40,52,忠诚、贪腐、豪族、反叛预警,能力越高，政策工期越短、预算浪费越少、失败率越低；部分特性直接解锁对应军制/建筑/后勤状态机,能力低于政策门槛时该官员无法提出该政策；不是降低成功率硬做,执行成功会提高威望；长期被否决、被敌对家族压制、欠俸或领主威望过低会降低忠诚；野心高者可能形成派系,特殊官员主要改变全国/城市基础兵种、训练、装备、后勤和城防，不直接制造个人专属神兵,官员忠诚异常识别+10%
OT075,察举明慎,监察,稀有,50,46,59,忠诚、贪腐、豪族、反叛预警,能力越高，政策工期越短、预算浪费越少、失败率越低；部分特性直接解锁对应军制/建筑/后勤状态机,能力低于政策门槛时该官员无法提出该政策；不是降低成功率硬做,执行成功会提高威望；长期被否决、被敌对家族压制、欠俸或领主威望过低会降低忠诚；野心高者可能形成派系,特殊官员主要改变全国/城市基础兵种、训练、装备、后勤和城防，不直接制造个人专属神兵,任官质量+8%
OT076,豪族约束,监察,史诗,56,52,66,忠诚、贪腐、豪族、反叛预警,能力越高，政策工期越短、预算浪费越少、失败率越低；部分特性直接解锁对应军制/建筑/后勤状态机,能力低于政策门槛时该官员无法提出该政策；不是降低成功率硬做,执行成功会提高威望；长期被否决、被敌对家族压制、欠俸或领主威望过低会降低忠诚；野心高者可能形成派系,特殊官员主要改变全国/城市基础兵种、训练、装备、后勤和城防，不直接制造个人专属神兵,豪族私兵超额发现+12%
OT077,军商监督,监察,普通,62,58,73,忠诚、贪腐、豪族、反叛预警,能力越高，政策工期越短、预算浪费越少、失败率越低；部分特性直接解锁对应军制/建筑/后勤状态机,能力低于政策门槛时该官员无法提出该政策；不是降低成功率硬做,执行成功会提高威望；长期被否决、被敌对家族压制、欠俸或领主威望过低会降低忠诚；野心高者可能形成派系,特殊官员主要改变全国/城市基础兵种、训练、装备、后勤和城防，不直接制造个人专属神兵,商军投资违规发现+12%
OT078,官吏考课,监察,优秀,68,64,80,忠诚、贪腐、豪族、反叛预警,能力越高，政策工期越短、预算浪费越少、失败率越低；部分特性直接解锁对应军制/建筑/后勤状态机,能力低于政策门槛时该官员无法提出该政策；不是降低成功率硬做,执行成功会提高威望；长期被否决、被敌对家族压制、欠俸或领主威望过低会降低忠诚；野心高者可能形成派系,特殊官员主要改变全国/城市基础兵种、训练、装备、后勤和城防，不直接制造个人专属神兵,低绩效官员识别+10%
OT079,贪腐稽核,监察,稀有,74,70,87,忠诚、贪腐、豪族、反叛预警,能力越高，政策工期越短、预算浪费越少、失败率越低；部分特性直接解锁对应军制/建筑/后勤状态机,能力低于政策门槛时该官员无法提出该政策；不是降低成功率硬做,执行成功会提高威望；长期被否决、被敌对家族压制、欠俸或领主威望过低会降低忠诚；野心高者可能形成派系,特殊官员主要改变全国/城市基础兵种、训练、装备、后勤和城防，不直接制造个人专属神兵,国库侵吞-12%
OT080,叛兆先察,监察,史诗,80,76,94,忠诚、贪腐、豪族、反叛预警,能力越高，政策工期越短、预算浪费越少、失败率越低；部分特性直接解锁对应军制/建筑/后勤状态机,能力低于政策门槛时该官员无法提出该政策；不是降低成功率硬做,执行成功会提高威望；长期被否决、被敌对家族压制、欠俸或领主威望过低会降低忠诚；野心高者可能形成派系,特殊官员主要改变全国/城市基础兵种、训练、装备、后勤和城防，不直接制造个人专属神兵,反叛预警提前+15%
OT081,抚民有方,民政,普通,38,34,45,治安、医疗、赈济、民心,能力越高，政策工期越短、预算浪费越少、失败率越低；部分特性直接解锁对应军制/建筑/后勤状态机,能力低于政策门槛时该官员无法提出该政策；不是降低成功率硬做,执行成功会提高威望；长期被否决、被敌对家族压制、欠俸或领主威望过低会降低忠诚；野心高者可能形成派系,特殊官员主要改变全国/城市基础兵种、训练、装备、后勤和城防，不直接制造个人专属神兵,民心恢复+10%
OT082,医政善治,民政,优秀,44,40,52,治安、医疗、赈济、民心,能力越高，政策工期越短、预算浪费越少、失败率越低；部分特性直接解锁对应军制/建筑/后勤状态机,能力低于政策门槛时该官员无法提出该政策；不是降低成功率硬做,执行成功会提高威望；长期被否决、被敌对家族压制、欠俸或领主威望过低会降低忠诚；野心高者可能形成派系,特殊官员主要改变全国/城市基础兵种、训练、装备、后勤和城防，不直接制造个人专属神兵,疾病传播-10%
OT083,赈济得法,民政,稀有,50,46,59,治安、医疗、赈济、民心,能力越高，政策工期越短、预算浪费越少、失败率越低；部分特性直接解锁对应军制/建筑/后勤状态机,能力低于政策门槛时该官员无法提出该政策；不是降低成功率硬做,执行成功会提高威望；长期被否决、被敌对家族压制、欠俸或领主威望过低会降低忠诚；野心高者可能形成派系,特殊官员主要改变全国/城市基础兵种、训练、装备、后勤和城防，不直接制造个人专属神兵,灾民死亡-12%
OT084,治安能吏,民政,史诗,56,52,66,治安、医疗、赈济、民心,能力越高，政策工期越短、预算浪费越少、失败率越低；部分特性直接解锁对应军制/建筑/后勤状态机,能力低于政策门槛时该官员无法提出该政策；不是降低成功率硬做,执行成功会提高威望；长期被否决、被敌对家族压制、欠俸或领主威望过低会降低忠诚；野心高者可能形成派系,特殊官员主要改变全国/城市基础兵种、训练、装备、后勤和城防，不直接制造个人专属神兵,治安恢复+10%
OT085,乡里调解,民政,普通,62,58,73,治安、医疗、赈济、民心,能力越高，政策工期越短、预算浪费越少、失败率越低；部分特性直接解锁对应军制/建筑/后勤状态机,能力低于政策门槛时该官员无法提出该政策；不是降低成功率硬做,执行成功会提高威望；长期被否决、被敌对家族压制、欠俸或领主威望过低会降低忠诚；野心高者可能形成派系,特殊官员主要改变全国/城市基础兵种、训练、装备、后勤和城防，不直接制造个人专属神兵,家族冲突-8%
OT086,灾后重建,民政,优秀,68,64,80,治安、医疗、赈济、民心,能力越高，政策工期越短、预算浪费越少、失败率越低；部分特性直接解锁对应军制/建筑/后勤状态机,能力低于政策门槛时该官员无法提出该政策；不是降低成功率硬做,执行成功会提高威望；长期被否决、被敌对家族压制、欠俸或领主威望过低会降低忠诚；野心高者可能形成派系,特殊官员主要改变全国/城市基础兵种、训练、装备、后勤和城防，不直接制造个人专属神兵,战后修复+10%
OT087,民心经营,民政,稀有,74,70,87,治安、医疗、赈济、民心,能力越高，政策工期越短、预算浪费越少、失败率越低；部分特性直接解锁对应军制/建筑/后勤状态机,能力低于政策门槛时该官员无法提出该政策；不是降低成功率硬做,执行成功会提高威望；长期被否决、被敌对家族压制、欠俸或领主威望过低会降低忠诚；野心高者可能形成派系,特殊官员主要改变全国/城市基础兵种、训练、装备、后勤和城防，不直接制造个人专属神兵,居民离城率-8%
OT088,劳资调处,民政,史诗,80,76,94,治安、医疗、赈济、民心,能力越高，政策工期越短、预算浪费越少、失败率越低；部分特性直接解锁对应军制/建筑/后勤状态机,能力低于政策门槛时该官员无法提出该政策；不是降低成功率硬做,执行成功会提高威望；长期被否决、被敌对家族压制、欠俸或领主威望过低会降低忠诚；野心高者可能形成派系,特殊官员主要改变全国/城市基础兵种、训练、装备、后勤和城防，不直接制造个人专属神兵,罢工/劳役冲突-10%
OT089,牧政能吏,马政,普通,38,34,45,马场、军马、骑兵补员与马具,能力越高，政策工期越短、预算浪费越少、失败率越低；部分特性直接解锁对应军制/建筑/后勤状态机,能力低于政策门槛时该官员无法提出该政策；不是降低成功率硬做,执行成功会提高威望；长期被否决、被敌对家族压制、欠俸或领主威望过低会降低忠诚；野心高者可能形成派系,特殊官员主要改变全国/城市基础兵种、训练、装备、后勤和城防，不直接制造个人专属神兵,马匹繁育+10%
OT090,军马选育,马政,优秀,44,40,52,马场、军马、骑兵补员与马具,能力越高，政策工期越短、预算浪费越少、失败率越低；部分特性直接解锁对应军制/建筑/后勤状态机,能力低于政策门槛时该官员无法提出该政策；不是降低成功率硬做,执行成功会提高威望；长期被否决、被敌对家族压制、欠俸或领主威望过低会降低忠诚；野心高者可能形成派系,特殊官员主要改变全国/城市基础兵种、训练、装备、后勤和城防，不直接制造个人专属神兵,优良军马率+8%
OT091,马场扩建,马政,稀有,50,46,59,马场、军马、骑兵补员与马具,能力越高，政策工期越短、预算浪费越少、失败率越低；部分特性直接解锁对应军制/建筑/后勤状态机,能力低于政策门槛时该官员无法提出该政策；不是降低成功率硬做,执行成功会提高威望；长期被否决、被敌对家族压制、欠俸或领主威望过低会降低忠诚；野心高者可能形成派系,特殊官员主要改变全国/城市基础兵种、训练、装备、后勤和城防，不直接制造个人专属神兵,骑兵补马+10%
OT092,驮畜轮养,马政,史诗,56,52,66,马场、军马、骑兵补员与马具,能力越高，政策工期越短、预算浪费越少、失败率越低；部分特性直接解锁对应军制/建筑/后勤状态机,能力低于政策门槛时该官员无法提出该政策；不是降低成功率硬做,执行成功会提高威望；长期被否决、被敌对家族压制、欠俸或领主威望过低会降低忠诚；野心高者可能形成派系,特殊官员主要改变全国/城市基础兵种、训练、装备、后勤和城防，不直接制造个人专属神兵,马具耐久+8%
OT093,马具规范,马政,普通,62,58,73,马场、军马、骑兵补员与马具,能力越高，政策工期越短、预算浪费越少、失败率越低；部分特性直接解锁对应军制/建筑/后勤状态机,能力低于政策门槛时该官员无法提出该政策；不是降低成功率硬做,执行成功会提高威望；长期被否决、被敌对家族压制、欠俸或领主威望过低会降低忠诚；野心高者可能形成派系,特殊官员主要改变全国/城市基础兵种、训练、装备、后勤和城防，不直接制造个人专属神兵,伤马恢复+10%
OT094,骑兵补马,马政,优秀,68,64,80,马场、军马、骑兵补员与马具,能力越高，政策工期越短、预算浪费越少、失败率越低；部分特性直接解锁对应军制/建筑/后勤状态机,能力低于政策门槛时该官员无法提出该政策；不是降低成功率硬做,执行成功会提高威望；长期被否决、被敌对家族压制、欠俸或领主威望过低会降低忠诚；野心高者可能形成派系,特殊官员主要改变全国/城市基础兵种、训练、装备、后勤和城防，不直接制造个人专属神兵,驮畜损耗-10%
OT095,冬季马政,马政,稀有,74,70,87,马场、军马、骑兵补员与马具,能力越高，政策工期越短、预算浪费越少、失败率越低；部分特性直接解锁对应军制/建筑/后勤状态机,能力低于政策门槛时该官员无法提出该政策；不是降低成功率硬做,执行成功会提高威望；长期被否决、被敌对家族压制、欠俸或领主威望过低会降低忠诚；野心高者可能形成派系,特殊官员主要改变全国/城市基础兵种、训练、装备、后勤和城防，不直接制造个人专属神兵,骑兵训练+8%
OT096,远征牧养,马政,史诗,80,76,94,马场、军马、骑兵补员与马具,能力越高，政策工期越短、预算浪费越少、失败率越低；部分特性直接解锁对应军制/建筑/后勤状态机,能力低于政策门槛时该官员无法提出该政策；不是降低成功率硬做,执行成功会提高威望；长期被否决、被敌对家族压制、欠俸或领主威望过低会降低忠诚；野心高者可能形成派系,特殊官员主要改变全国/城市基础兵种、训练、装备、后勤和城防，不直接制造个人专属神兵,远征马匹疲劳-10%
