官员特性,主要强化系统,影响基础兵种,可提出政策,效果,审批
户籍能吏,人口、住宅、劳役、移民类政策,乡兵,垦荒授田令,改变训练等级、兵额、装备标准、补给或城防；不直接免费生成士兵,政策或重大军制必须进入固定申请箱由领主同意/不同意
清丈有方,人口、住宅、劳役、移民类政策,里勇,轮作休耕制,改变训练等级、兵额、装备标准、补给或城防；不直接免费生成士兵,政策或重大军制必须进入固定申请箱由领主同意/不同意
安民善吏,人口、住宅、劳役、移民类政策,轻装步卒,良种推广令,改变训练等级、兵额、装备标准、补给或城防；不直接免费生成士兵,政策或重大军制必须进入固定申请箱由领主同意/不同意
移民招徕,人口、住宅、劳役、移民类政策,剑盾卫,农具官造法,改变训练等级、兵额、装备标准、补给或城防；不直接免费生成士兵,政策或重大军制必须进入固定申请箱由领主同意/不同意
编户严整,人口、住宅、劳役、移民类政策,长枪卒,户籍清丈令,改变训练等级、兵额、装备标准、补给或城防；不直接免费生成士兵,政策或重大军制必须进入固定申请箱由领主同意/不同意
劳役调度,人口、住宅、劳役、移民类政策,长槊兵,移民安置令,改变训练等级、兵额、装备标准、补给或城防；不直接免费生成士兵,政策或重大军制必须进入固定申请箱由领主同意/不同意
住宅规划,人口、住宅、劳役、移民类政策,披甲步卒,劳役定额法,改变训练等级、兵额、装备标准、补给或城防；不直接免费生成士兵,政策或重大军制必须进入固定申请箱由领主同意/不同意
灾后复户,人口、住宅、劳役、移民类政策,重盾卫,流民收容令,改变训练等级、兵额、装备标准、补给或城防；不直接免费生成士兵,政策或重大军制必须进入固定申请箱由领主同意/不同意
劝农有术,农业、水利、屯田、粮食类政策,步弓手,市税定则,改变训练等级、兵额、装备标准、补给或城防；不直接免费生成士兵,政策或重大军制必须进入固定申请箱由领主同意/不同意
河渠能吏,农业、水利、屯田、粮食类政策,长弓手,行商护券制,改变训练等级、兵额、装备标准、补给或城防；不直接免费生成士兵,政策或重大军制必须进入固定申请箱由领主同意/不同意
良种推行,农业、水利、屯田、粮食类政策,步弩手,路税合并令,改变训练等级、兵额、装备标准、补给或城防；不直接免费生成士兵,政策或重大军制必须进入固定申请箱由领主同意/不同意
常平善政,农业、水利、屯田、粮食类政策,强弩手,战时征购令,改变训练等级、兵额、装备标准、补给或城防；不直接免费生成士兵,政策或重大军制必须进入固定申请箱由领主同意/不同意
牧田有方,农业、水利、屯田、粮食类政策,投石乡兵,年度度支法,改变训练等级、兵额、装备标准、补给或城防；不直接免费生成士兵,政策或重大军制必须进入固定申请箱由领主同意/不同意
农具改良,农业、水利、屯田、粮食类政策,掷枪手,工程预算令,改变训练等级、兵额、装备标准、补给或城防；不直接免费生成士兵,政策或重大军制必须进入固定申请箱由领主同意/不同意
灾岁赈济,农业、水利、屯田、粮食类政策,游哨斥候,贵族献金令,改变训练等级、兵额、装备标准、补给或城防；不直接免费生成士兵,政策或重大军制必须进入固定申请箱由领主同意/不同意
屯田经营,农业、水利、屯田、粮食类政策,随军工兵,欠款展期令,改变训练等级、兵额、装备标准、补给或城防；不直接免费生成士兵,政策或重大军制必须进入固定申请箱由领主同意/不同意
度支长才,国库、税收、军费、债务类政策,辎重护卒,军功授爵令,改变训练等级、兵额、装备标准、补给或城防；不直接免费生成士兵,政策或重大军制必须进入固定申请箱由领主同意/不同意
预算严谨,国库、税收、军费、债务类政策,执旗手,家族私兵限额,改变训练等级、兵额、装备标准、补给或城防；不直接免费生成士兵,政策或重大军制必须进入固定申请箱由领主同意/不同意
节用能臣,国库、税收、军费、债务类政策,号令兵,豪族财产登记,改变训练等级、兵额、装备标准、补给或城防；不直接免费生成士兵,政策或重大军制必须进入固定申请箱由领主同意/不同意
税册清明,国库、税收、军费、债务类政策,医营护卫,新贵考察期,改变训练等级、兵额、装备标准、补给或城防；不直接免费生成士兵,政策或重大军制必须进入固定申请箱由领主同意/不同意
军费筹算,国库、税收、军费、债务类政策,轻骑哨,官员考课法,改变训练等级、兵额、装备标准、补给或城防；不直接免费生成士兵,政策或重大军制必须进入固定申请箱由领主同意/不同意
债务整顿,国库、税收、军费、债务类政策,骑射手,任职回避制,改变训练等级、兵额、装备标准、补给或城防；不直接免费生成士兵,政策或重大军制必须进入固定申请箱由领主同意/不同意
库藏有序,国库、税收、军费、债务类政策,长槊骑,政策责任追溯,改变训练等级、兵额、装备标准、补给或城防；不直接免费生成士兵,政策或重大军制必须进入固定申请箱由领主同意/不同意
钱粮核算,国库、税收、军费、债务类政策,披甲重骑,官员俸给制,改变训练等级、兵额、装备标准、补给或城防；不直接免费生成士兵,政策或重大军制必须进入固定申请箱由领主同意/不同意
市易能吏,市场、商税、投资、贸易类政策,城守卫,常备军编制,改变训练等级、兵额、装备标准、补给或城防；不直接免费生成士兵,政策或重大军制必须进入固定申请箱由领主同意/不同意
商籍整饬,市场、商税、投资、贸易类政策,宿卫步军,新兵轮训法,改变训练等级、兵额、装备标准、补给或城防；不直接免费生成士兵,政策或重大军制必须进入固定申请箱由领主同意/不同意
护商有方,市场、商税、投资、贸易类政策,宿卫骑军,边军轮防制,改变训练等级、兵额、装备标准、补给或城防；不直接免费生成士兵,政策或重大军制必须进入固定申请箱由领主同意/不同意
货栈规划,市场、商税、投资、贸易类政策,募勇剑士,预备役登记,改变训练等级、兵额、装备标准、补给或城防；不直接免费生成士兵,政策或重大军制必须进入固定申请箱由领主同意/不同意
平抑物价,市场、商税、投资、贸易类政策,乡兵,制式长枪令,改变训练等级、兵额、装备标准、补给或城防；不直接免费生成士兵,政策或重大军制必须进入固定申请箱由领主同意/不同意
商团调处,市场、商税、投资、贸易类政策,里勇,弓弩配发制,改变训练等级、兵额、装备标准、补给或城防；不直接免费生成士兵,政策或重大军制必须进入固定申请箱由领主同意/不同意
远贸开拓,市场、商税、投资、贸易类政策,轻装步卒,军官装备津贴,改变训练等级、兵额、装备标准、补给或城防；不直接免费生成士兵,政策或重大军制必须进入固定申请箱由领主同意/不同意
税关整合,市场、商税、投资、贸易类政策,剑盾卫,战损回收令,改变训练等级、兵额、装备标准、补给或城防；不直接免费生成士兵,政策或重大军制必须进入固定申请箱由领主同意/不同意
营造巧匠,道路、桥梁、城墙、公共建筑类政策,长枪卒,军马牧场制,改变训练等级、兵额、装备标准、补给或城防；不直接免费生成士兵,政策或重大军制必须进入固定申请箱由领主同意/不同意
道路经略,道路、桥梁、城墙、公共建筑类政策,长槊兵,骑兵补马法,改变训练等级、兵额、装备标准、补给或城防；不直接免费生成士兵,政策或重大军制必须进入固定申请箱由领主同意/不同意
桥梁善治,道路、桥梁、城墙、公共建筑类政策,披甲步卒,驮畜征用法,改变训练等级、兵额、装备标准、补给或城防；不直接免费生成士兵,政策或重大军制必须进入固定申请箱由领主同意/不同意
城墙督造,道路、桥梁、城墙、公共建筑类政策,重盾卫,马场冬储令,改变训练等级、兵额、装备标准、补给或城防；不直接免费生成士兵,政策或重大军制必须进入固定申请箱由领主同意/不同意
工役统筹,道路、桥梁、城墙、公共建筑类政策,步弓手,军粮定额法,改变训练等级、兵额、装备标准、补给或城防；不直接免费生成士兵,政策或重大军制必须进入固定申请箱由领主同意/不同意
耐久巡检,道路、桥梁、城墙、公共建筑类政策,长弓手,辎重编队法,改变训练等级、兵额、装备标准、补给或城防；不直接免费生成士兵,政策或重大军制必须进入固定申请箱由领主同意/不同意
急修能手,道路、桥梁、城墙、公共建筑类政策,步弩手,护粮兵编制,改变训练等级、兵额、装备标准、补给或城防；不直接免费生成士兵,政策或重大军制必须进入固定申请箱由领主同意/不同意
材料节用,道路、桥梁、城墙、公共建筑类政策,强弩手,道路军管法,改变训练等级、兵额、装备标准、补给或城防；不直接免费生成士兵,政策或重大军制必须进入固定申请箱由领主同意/不同意
军籍整饬,募兵、军营、轮训、军官与基础军制,投石乡兵,环城墙计划,改变训练等级、兵额、装备标准、补给或城防；不直接免费生成士兵,政策或重大军制必须进入固定申请箱由领主同意/不同意
轮训有方,募兵、军营、轮训、军官与基础军制,掷枪手,塔楼增建令,改变训练等级、兵额、装备标准、补给或城防；不直接免费生成士兵,政策或重大军制必须进入固定申请箱由领主同意/不同意
老兵留营,募兵、军营、轮训、军官与基础军制,游哨斥候,战时急修令,改变训练等级、兵额、装备标准、补给或城防；不直接免费生成士兵,政策或重大军制必须进入固定申请箱由领主同意/不同意
军官考课,募兵、军营、轮训、军官与基础军制,随军工兵,桥头堡计划,改变训练等级、兵额、装备标准、补给或城防；不直接免费生成士兵,政策或重大军制必须进入固定申请箱由领主同意/不同意
兵额筹算,募兵、军营、轮训、军官与基础军制,辎重护卒,主干道整修令,改变训练等级、兵额、装备标准、补给或城防；不直接免费生成士兵,政策或重大军制必须进入固定申请箱由领主同意/不同意
军营整编,募兵、军营、轮训、军官与基础军制,执旗手,桥梁加固法,改变训练等级、兵额、装备标准、补给或城防；不直接免费生成士兵,政策或重大军制必须进入固定申请箱由领主同意/不同意
边军经营,募兵、军营、轮训、军官与基础军制,号令兵,雨季道路维护,改变训练等级、兵额、装备标准、补给或城防；不直接免费生成士兵,政策或重大军制必须进入固定申请箱由领主同意/不同意
民兵善用,募兵、军营、轮训、军官与基础军制,医营护卫,商路护路制,改变训练等级、兵额、装备标准、补给或城防；不直接免费生成士兵,政策或重大军制必须进入固定申请箱由领主同意/不同意
军械总监,军械库、装备标准、维修、铁匠与矿料,轻骑哨,城内巡防制,改变训练等级、兵额、装备标准、补给或城防；不直接免费生成士兵,政策或重大军制必须进入固定申请箱由领主同意/不同意
铁作能吏,军械库、装备标准、维修、铁匠与矿料,骑射手,灾民赈济法,改变训练等级、兵额、装备标准、补给或城防；不直接免费生成士兵,政策或重大军制必须进入固定申请箱由领主同意/不同意
制式规范,军械库、装备标准、维修、铁匠与矿料,长槊骑,夜禁调整令,改变训练等级、兵额、装备标准、补给或城防；不直接免费生成士兵,政策或重大军制必须进入固定申请箱由领主同意/不同意
维修节用,军械库、装备标准、维修、铁匠与矿料,披甲重骑,伤兵抚恤制,改变训练等级、兵额、装备标准、补给或城防；不直接免费生成士兵,政策或重大军制必须进入固定申请箱由领主同意/不同意
良甲甄选,军械库、装备标准、维修、铁匠与矿料,城守卫,边境哨站令,改变训练等级、兵额、装备标准、补给或城防；不直接免费生成士兵,政策或重大军制必须进入固定申请箱由领主同意/不同意
武库清点,军械库、装备标准、维修、铁匠与矿料,宿卫步军,盟国军粮互助,改变训练等级、兵额、装备标准、补给或城防；不直接免费生成士兵,政策或重大军制必须进入固定申请箱由领主同意/不同意
匠户培养,军械库、装备标准、维修、铁匠与矿料,宿卫骑军,战俘赎回制,改变训练等级、兵额、装备标准、补给或城防；不直接免费生成士兵,政策或重大军制必须进入固定申请箱由领主同意/不同意
矿料调配,军械库、装备标准、维修、铁匠与矿料,募勇剑士,共同防御条约,改变训练等级、兵额、装备标准、补给或城防；不直接免费生成士兵,政策或重大军制必须进入固定申请箱由领主同意/不同意
转运长才,军粮、运输、驿站、前线仓站,乡兵,战功核验制,改变训练等级、兵额、装备标准、补给或城防；不直接免费生成士兵,政策或重大军制必须进入固定申请箱由领主同意/不同意
粮台筹算,军粮、运输、驿站、前线仓站,里勇,名将表彰令,改变训练等级、兵额、装备标准、补给或城防；不直接免费生成士兵,政策或重大军制必须进入固定申请箱由领主同意/不同意
驿传整饬,军粮、运输、驿站、前线仓站,轻装步卒,阵亡将士祠,改变训练等级、兵额、装备标准、补给或城防；不直接免费生成士兵,政策或重大军制必须进入固定申请箱由领主同意/不同意
军粮分仓,军粮、运输、驿站、前线仓站,剑盾卫,军功晋爵细则,改变训练等级、兵额、装备标准、补给或城防；不直接免费生成士兵,政策或重大军制必须进入固定申请箱由领主同意/不同意
辎重统筹,军粮、运输、驿站、前线仓站,长枪卒,垦荒授田令,改变训练等级、兵额、装备标准、补给或城防；不直接免费生成士兵,政策或重大军制必须进入固定申请箱由领主同意/不同意
前线仓站,军粮、运输、驿站、前线仓站,长槊兵,轮作休耕制,改变训练等级、兵额、装备标准、补给或城防；不直接免费生成士兵,政策或重大军制必须进入固定申请箱由领主同意/不同意
道路军运,军粮、运输、驿站、前线仓站,披甲步卒,良种推广令,改变训练等级、兵额、装备标准、补给或城防；不直接免费生成士兵,政策或重大军制必须进入固定申请箱由领主同意/不同意
战后补给,军粮、运输、驿站、前线仓站,重盾卫,农具官造法,改变训练等级、兵额、装备标准、补给或城防；不直接免费生成士兵,政策或重大军制必须进入固定申请箱由领主同意/不同意
筑城能臣,城墙、塔楼、城门、围城准备,步弓手,户籍清丈令,改变训练等级、兵额、装备标准、补给或城防；不直接免费生成士兵,政策或重大军制必须进入固定申请箱由领主同意/不同意
城门经略,城墙、塔楼、城门、围城准备,长弓手,移民安置令,改变训练等级、兵额、装备标准、补给或城防；不直接免费生成士兵,政策或重大军制必须进入固定申请箱由领主同意/不同意
塔楼规划,城墙、塔楼、城门、围城准备,步弩手,劳役定额法,改变训练等级、兵额、装备标准、补给或城防；不直接免费生成士兵,政策或重大军制必须进入固定申请箱由领主同意/不同意
壕堑营造,城墙、塔楼、城门、围城准备,强弩手,流民收容令,改变训练等级、兵额、装备标准、补给或城防；不直接免费生成士兵,政策或重大军制必须进入固定申请箱由领主同意/不同意
守城备料,城墙、塔楼、城门、围城准备,投石乡兵,市税定则,改变训练等级、兵额、装备标准、补给或城防；不直接免费生成士兵,政策或重大军制必须进入固定申请箱由领主同意/不同意
烽堠整修,城墙、塔楼、城门、围城准备,掷枪手,行商护券制,改变训练等级、兵额、装备标准、补给或城防；不直接免费生成士兵,政策或重大军制必须进入固定申请箱由领主同意/不同意
水源防护,城墙、塔楼、城门、围城准备,游哨斥候,路税合并令,改变训练等级、兵额、装备标准、补给或城防；不直接免费生成士兵,政策或重大军制必须进入固定申请箱由领主同意/不同意
冬城储备,城墙、塔楼、城门、围城准备,随军工兵,战时征购令,改变训练等级、兵额、装备标准、补给或城防；不直接免费生成士兵,政策或重大军制必须进入固定申请箱由领主同意/不同意
铁腕巡察,忠诚、贪腐、豪族、反叛预警,辎重护卒,年度度支法,改变训练等级、兵额、装备标准、补给或城防；不直接免费生成士兵,政策或重大军制必须进入固定申请箱由领主同意/不同意
廉政清议,忠诚、贪腐、豪族、反叛预警,执旗手,工程预算令,改变训练等级、兵额、装备标准、补给或城防；不直接免费生成士兵,政策或重大军制必须进入固定申请箱由领主同意/不同意
察举明慎,忠诚、贪腐、豪族、反叛预警,号令兵,贵族献金令,改变训练等级、兵额、装备标准、补给或城防；不直接免费生成士兵,政策或重大军制必须进入固定申请箱由领主同意/不同意
豪族约束,忠诚、贪腐、豪族、反叛预警,医营护卫,欠款展期令,改变训练等级、兵额、装备标准、补给或城防；不直接免费生成士兵,政策或重大军制必须进入固定申请箱由领主同意/不同意
军商监督,忠诚、贪腐、豪族、反叛预警,轻骑哨,军功授爵令,改变训练等级、兵额、装备标准、补给或城防；不直接免费生成士兵,政策或重大军制必须进入固定申请箱由领主同意/不同意
官吏考课,忠诚、贪腐、豪族、反叛预警,骑射手,家族私兵限额,改变训练等级、兵额、装备标准、补给或城防；不直接免费生成士兵,政策或重大军制必须进入固定申请箱由领主同意/不同意
贪腐稽核,忠诚、贪腐、豪族、反叛预警,长槊骑,豪族财产登记,改变训练等级、兵额、装备标准、补给或城防；不直接免费生成士兵,政策或重大军制必须进入固定申请箱由领主同意/不同意
叛兆先察,忠诚、贪腐、豪族、反叛预警,披甲重骑,新贵考察期,改变训练等级、兵额、装备标准、补给或城防；不直接免费生成士兵,政策或重大军制必须进入固定申请箱由领主同意/不同意
抚民有方,治安、医疗、赈济、民心,城守卫,官员考课法,改变训练等级、兵额、装备标准、补给或城防；不直接免费生成士兵,政策或重大军制必须进入固定申请箱由领主同意/不同意
医政善治,治安、医疗、赈济、民心,宿卫步军,任职回避制,改变训练等级、兵额、装备标准、补给或城防；不直接免费生成士兵,政策或重大军制必须进入固定申请箱由领主同意/不同意
赈济得法,治安、医疗、赈济、民心,宿卫骑军,政策责任追溯,改变训练等级、兵额、装备标准、补给或城防；不直接免费生成士兵,政策或重大军制必须进入固定申请箱由领主同意/不同意
治安能吏,治安、医疗、赈济、民心,募勇剑士,官员俸给制,改变训练等级、兵额、装备标准、补给或城防；不直接免费生成士兵,政策或重大军制必须进入固定申请箱由领主同意/不同意
乡里调解,治安、医疗、赈济、民心,乡兵,常备军编制,改变训练等级、兵额、装备标准、补给或城防；不直接免费生成士兵,政策或重大军制必须进入固定申请箱由领主同意/不同意
灾后重建,治安、医疗、赈济、民心,里勇,新兵轮训法,改变训练等级、兵额、装备标准、补给或城防；不直接免费生成士兵,政策或重大军制必须进入固定申请箱由领主同意/不同意
民心经营,治安、医疗、赈济、民心,轻装步卒,边军轮防制,改变训练等级、兵额、装备标准、补给或城防；不直接免费生成士兵,政策或重大军制必须进入固定申请箱由领主同意/不同意
劳资调处,治安、医疗、赈济、民心,剑盾卫,预备役登记,改变训练等级、兵额、装备标准、补给或城防；不直接免费生成士兵,政策或重大军制必须进入固定申请箱由领主同意/不同意
牧政能吏,马场、军马、骑兵补员与马具,长枪卒,制式长枪令,改变训练等级、兵额、装备标准、补给或城防；不直接免费生成士兵,政策或重大军制必须进入固定申请箱由领主同意/不同意
军马选育,马场、军马、骑兵补员与马具,长槊兵,弓弩配发制,改变训练等级、兵额、装备标准、补给或城防；不直接免费生成士兵,政策或重大军制必须进入固定申请箱由领主同意/不同意
马场扩建,马场、军马、骑兵补员与马具,披甲步卒,军官装备津贴,改变训练等级、兵额、装备标准、补给或城防；不直接免费生成士兵,政策或重大军制必须进入固定申请箱由领主同意/不同意
驮畜轮养,马场、军马、骑兵补员与马具,重盾卫,战损回收令,改变训练等级、兵额、装备标准、补给或城防；不直接免费生成士兵,政策或重大军制必须进入固定申请箱由领主同意/不同意
马具规范,马场、军马、骑兵补员与马具,步弓手,军马牧场制,改变训练等级、兵额、装备标准、补给或城防；不直接免费生成士兵,政策或重大军制必须进入固定申请箱由领主同意/不同意
骑兵补马,马场、军马、骑兵补员与马具,长弓手,骑兵补马法,改变训练等级、兵额、装备标准、补给或城防；不直接免费生成士兵,政策或重大军制必须进入固定申请箱由领主同意/不同意
冬季马政,马场、军马、骑兵补员与马具,步弩手,驮畜征用法,改变训练等级、兵额、装备标准、补给或城防；不直接免费生成士兵,政策或重大军制必须进入固定申请箱由领主同意/不同意
远征牧养,马场、军马、骑兵补员与马具,强弩手,马场冬储令,改变训练等级、兵额、装备标准、补给或城防；不直接免费生成士兵,政策或重大军制必须进入固定申请箱由领主同意/不同意
