ID,身份池,姓名,姓,名,显示格式
将军0001,将军,赵靖川,赵,靖川,赵靖川
将军0002,将军,赵承岳,赵,承岳,赵承岳
将军0003,将军,赵砺锋,赵,砺锋,赵砺锋
将军0004,将军,赵怀远,赵,怀远,赵怀远
将军0005,将军,赵守正,赵,守正,赵守正
将军0006,将军,赵远山,赵,远山,赵远山
将军0007,将军,赵昭武,赵,昭武,赵昭武
将军0008,将军,赵定川,赵,定川,赵定川
将军0009,将军,赵景烈,赵,景烈,赵景烈
将军0010,将军,赵允武,赵,允武,赵允武
将军0011,将军,赵知兵,赵,知兵,赵知兵
将军0012,将军,赵承戍,赵,承戍,赵承戍
将军0013,将军,赵靖野,赵,靖野,赵靖野
将军0014,将军,赵砺山,赵,砺山,赵砺山
将军0015,将军,赵定岳,赵,定岳,赵定岳
将军0016,将军,赵延锋,赵,延锋,赵延锋
将军0017,将军,赵弘毅,赵,弘毅,赵弘毅
将军0018,将军,赵景戎,赵,景戎,赵景戎
将军0019,将军,赵守川,赵,守川,赵守川
将军0020,将军,赵望岳,赵,望岳,赵望岳
将军0021,将军,赵世衡,赵,世衡,赵世衡
将军0022,将军,赵维岳,赵,维岳,赵维岳
将军0023,将军,赵修远,赵,修远,赵修远
将军0024,将军,赵慎行,赵,慎行,赵慎行
将军0025,将军,赵景略,赵,景略,赵景略
将军0026,将军,赵允戎,赵,允戎,赵允戎
将军0027,将军,赵怀锋,赵,怀锋,赵怀锋
将军0028,将军,赵承略,赵,承略,赵承略
将军0029,将军,赵镇川,赵,镇川,赵镇川
将军0030,将军,赵怀义,赵,怀义,赵怀义
将军0031,将军,赵景武,赵,景武,赵景武
将军0032,将军,赵伯宁,赵,伯宁,赵伯宁
将军0033,将军,赵仲远,赵,仲远,赵仲远
将军0034,将军,赵季川,赵,季川,赵季川
将军0035,将军,赵文骁,赵,文骁,赵文骁
将军0036,将军,赵彦武,赵,彦武,赵彦武
将军0037,将军,赵崇岳,赵,崇岳,赵崇岳
将军0038,将军,赵明戍,赵,明戍,赵明戍
将军0039,将军,赵惟烈,赵,惟烈,赵惟烈
将军0040,将军,赵思武,赵,思武,赵思武
将军0041,将军,赵景承,赵,景承,赵景承
将军0042,将军,赵元戍,赵,元戍,赵元戍
将军0043,将军,赵嘉武,赵,嘉武,赵嘉武
将军0044,将军,赵玄度,赵,玄度,赵玄度
将军0045,将军,赵绍戎,赵,绍戎,赵绍戎
将军0046,将军,赵正川,赵,正川,赵正川
将军0047,将军,赵子岳,赵,子岳,赵子岳
将军0048,将军,赵敬武,赵,敬武,赵敬武
将军0049,将军,赵怀策,赵,怀策,赵怀策
将军0050,将军,赵远略,赵,远略,赵远略
将军0051,将军,赵承锋,赵,承锋,赵承锋
将军0052,将军,赵景山,赵,景山,赵景山
将军0053,将军,赵允烈,赵,允烈,赵允烈
将军0054,将军,赵维戍,赵,维戍,赵维戍
将军0055,将军,赵昭远,赵,昭远,赵昭远
将军0056,将军,赵靖衡,赵,靖衡,赵靖衡
将军0057,将军,赵守岳,赵,守岳,赵守岳
将军0058,将军,赵定远,赵,定远,赵定远
将军0059,将军,赵延武,赵,延武,赵延武
将军0060,将军,赵世略,赵,世略,赵世略
将军0061,将军,赵从岳,赵,从岳,赵从岳
将军0062,将军,赵玄武,赵,玄武,赵玄武
将军0063,将军,赵仲衡,赵,仲衡,赵仲衡
将军0064,将军,赵惟勇,赵,惟勇,赵惟勇
将军0065,将军,赵怀戍,赵,怀戍,赵怀戍
将军0066,将军,赵景远,赵,景远,赵景远
将军0067,将军,赵砺远,赵,砺远,赵砺远
将军0068,将军,赵承烈,赵,承烈,赵承烈
将军0069,将军,赵定山,赵,定山,赵定山
将军0070,将军,赵正武,赵,正武,赵正武
将军0071,将军,赵明远,赵,明远,赵明远
将军0072,将军,赵世岳,赵,世岳,赵世岳
将军0073,将军,赵子戍,赵,子戍,赵子戍
将军0074,将军,赵允衡,赵,允衡,赵允衡
将军0075,将军,赵靖远,赵,靖远,赵靖远
将军0076,将军,赵维川,赵,维川,赵维川
将军0077,将军,赵绍武,赵,绍武,赵绍武
将军0078,将军,赵敬川,赵,敬川,赵敬川
将军0079,将军,赵嘉戍,赵,嘉戍,赵嘉戍
将军0080,将军,赵玄岳,赵,玄岳,赵玄岳
将军0081,将军,赵弘武,赵,弘武,赵弘武
将军0082,将军,钱靖川,钱,靖川,钱靖川
将军0083,将军,钱承岳,钱,承岳,钱承岳
将军0084,将军,钱砺锋,钱,砺锋,钱砺锋
将军0085,将军,钱怀远,钱,怀远,钱怀远
将军0086,将军,钱守正,钱,守正,钱守正
将军0087,将军,钱远山,钱,远山,钱远山
将军0088,将军,钱昭武,钱,昭武,钱昭武
将军0089,将军,钱定川,钱,定川,钱定川
将军0090,将军,钱景烈,钱,景烈,钱景烈
将军0091,将军,钱允武,钱,允武,钱允武
将军0092,将军,钱知兵,钱,知兵,钱知兵
将军0093,将军,钱承戍,钱,承戍,钱承戍
将军0094,将军,钱靖野,钱,靖野,钱靖野
将军0095,将军,钱砺山,钱,砺山,钱砺山
将军0096,将军,钱定岳,钱,定岳,钱定岳
将军0097,将军,钱延锋,钱,延锋,钱延锋
将军0098,将军,钱弘毅,钱,弘毅,钱弘毅
将军0099,将军,钱景戎,钱,景戎,钱景戎
将军0100,将军,钱守川,钱,守川,钱守川
将军0101,将军,钱望岳,钱,望岳,钱望岳
将军0102,将军,钱世衡,钱,世衡,钱世衡
将军0103,将军,钱维岳,钱,维岳,钱维岳
将军0104,将军,钱修远,钱,修远,钱修远
将军0105,将军,钱慎行,钱,慎行,钱慎行
将军0106,将军,钱景略,钱,景略,钱景略
将军0107,将军,钱允戎,钱,允戎,钱允戎
将军0108,将军,钱怀锋,钱,怀锋,钱怀锋
将军0109,将军,钱承略,钱,承略,钱承略
将军0110,将军,钱镇川,钱,镇川,钱镇川
将军0111,将军,钱怀义,钱,怀义,钱怀义
将军0112,将军,钱景武,钱,景武,钱景武
将军0113,将军,钱伯宁,钱,伯宁,钱伯宁
将军0114,将军,钱仲远,钱,仲远,钱仲远
将军0115,将军,钱季川,钱,季川,钱季川
将军0116,将军,钱文骁,钱,文骁,钱文骁
将军0117,将军,钱彦武,钱,彦武,钱彦武
将军0118,将军,钱崇岳,钱,崇岳,钱崇岳
将军0119,将军,钱明戍,钱,明戍,钱明戍
将军0120,将军,钱惟烈,钱,惟烈,钱惟烈
将军0121,将军,钱思武,钱,思武,钱思武
将军0122,将军,钱景承,钱,景承,钱景承
将军0123,将军,钱元戍,钱,元戍,钱元戍
将军0124,将军,钱嘉武,钱,嘉武,钱嘉武
将军0125,将军,钱玄度,钱,玄度,钱玄度
将军0126,将军,钱绍戎,钱,绍戎,钱绍戎
将军0127,将军,钱正川,钱,正川,钱正川
将军0128,将军,钱子岳,钱,子岳,钱子岳
将军0129,将军,钱敬武,钱,敬武,钱敬武
将军0130,将军,钱怀策,钱,怀策,钱怀策
将军0131,将军,钱远略,钱,远略,钱远略
将军0132,将军,钱承锋,钱,承锋,钱承锋
将军0133,将军,钱景山,钱,景山,钱景山
将军0134,将军,钱允烈,钱,允烈,钱允烈
将军0135,将军,钱维戍,钱,维戍,钱维戍
将军0136,将军,钱昭远,钱,昭远,钱昭远
将军0137,将军,钱靖衡,钱,靖衡,钱靖衡
将军0138,将军,钱守岳,钱,守岳,钱守岳
将军0139,将军,钱定远,钱,定远,钱定远
将军0140,将军,钱延武,钱,延武,钱延武
将军0141,将军,钱世略,钱,世略,钱世略
将军0142,将军,钱从岳,钱,从岳,钱从岳
将军0143,将军,钱玄武,钱,玄武,钱玄武
将军0144,将军,钱仲衡,钱,仲衡,钱仲衡
将军0145,将军,钱惟勇,钱,惟勇,钱惟勇
将军0146,将军,钱怀戍,钱,怀戍,钱怀戍
将军0147,将军,钱景远,钱,景远,钱景远
将军0148,将军,钱砺远,钱,砺远,钱砺远
将军0149,将军,钱承烈,钱,承烈,钱承烈
将军0150,将军,钱定山,钱,定山,钱定山
将军0151,将军,钱正武,钱,正武,钱正武
将军0152,将军,钱明远,钱,明远,钱明远
将军0153,将军,钱世岳,钱,世岳,钱世岳
将军0154,将军,钱子戍,钱,子戍,钱子戍
将军0155,将军,钱允衡,钱,允衡,钱允衡
将军0156,将军,钱靖远,钱,靖远,钱靖远
将军0157,将军,钱维川,钱,维川,钱维川
将军0158,将军,钱绍武,钱,绍武,钱绍武
将军0159,将军,钱敬川,钱,敬川,钱敬川
将军0160,将军,钱嘉戍,钱,嘉戍,钱嘉戍
将军0161,将军,钱玄岳,钱,玄岳,钱玄岳
将军0162,将军,钱弘武,钱,弘武,钱弘武
将军0163,将军,孙靖川,孙,靖川,孙靖川
将军0164,将军,孙承岳,孙,承岳,孙承岳
将军0165,将军,孙砺锋,孙,砺锋,孙砺锋
将军0166,将军,孙怀远,孙,怀远,孙怀远
将军0167,将军,孙守正,孙,守正,孙守正
将军0168,将军,孙远山,孙,远山,孙远山
将军0169,将军,孙昭武,孙,昭武,孙昭武
将军0170,将军,孙定川,孙,定川,孙定川
将军0171,将军,孙景烈,孙,景烈,孙景烈
将军0172,将军,孙允武,孙,允武,孙允武
将军0173,将军,孙知兵,孙,知兵,孙知兵
将军0174,将军,孙承戍,孙,承戍,孙承戍
将军0175,将军,孙靖野,孙,靖野,孙靖野
将军0176,将军,孙砺山,孙,砺山,孙砺山
将军0177,将军,孙定岳,孙,定岳,孙定岳
将军0178,将军,孙延锋,孙,延锋,孙延锋
将军0179,将军,孙弘毅,孙,弘毅,孙弘毅
将军0180,将军,孙景戎,孙,景戎,孙景戎
将军0181,将军,孙守川,孙,守川,孙守川
将军0182,将军,孙望岳,孙,望岳,孙望岳
将军0183,将军,孙世衡,孙,世衡,孙世衡
将军0184,将军,孙维岳,孙,维岳,孙维岳
将军0185,将军,孙修远,孙,修远,孙修远
将军0186,将军,孙慎行,孙,慎行,孙慎行
将军0187,将军,孙景略,孙,景略,孙景略
将军0188,将军,孙允戎,孙,允戎,孙允戎
将军0189,将军,孙怀锋,孙,怀锋,孙怀锋
将军0190,将军,孙承略,孙,承略,孙承略
将军0191,将军,孙镇川,孙,镇川,孙镇川
将军0192,将军,孙怀义,孙,怀义,孙怀义
将军0193,将军,孙景武,孙,景武,孙景武
将军0194,将军,孙伯宁,孙,伯宁,孙伯宁
将军0195,将军,孙仲远,孙,仲远,孙仲远
将军0196,将军,孙季川,孙,季川,孙季川
将军0197,将军,孙文骁,孙,文骁,孙文骁
将军0198,将军,孙彦武,孙,彦武,孙彦武
将军0199,将军,孙崇岳,孙,崇岳,孙崇岳
将军0200,将军,孙明戍,孙,明戍,孙明戍
将军0201,将军,孙惟烈,孙,惟烈,孙惟烈
将军0202,将军,孙思武,孙,思武,孙思武
将军0203,将军,孙景承,孙,景承,孙景承
将军0204,将军,孙元戍,孙,元戍,孙元戍
将军0205,将军,孙嘉武,孙,嘉武,孙嘉武
将军0206,将军,孙玄度,孙,玄度,孙玄度
将军0207,将军,孙绍戎,孙,绍戎,孙绍戎
将军0208,将军,孙正川,孙,正川,孙正川
将军0209,将军,孙子岳,孙,子岳,孙子岳
将军0210,将军,孙敬武,孙,敬武,孙敬武
将军0211,将军,孙怀策,孙,怀策,孙怀策
将军0212,将军,孙远略,孙,远略,孙远略
将军0213,将军,孙承锋,孙,承锋,孙承锋
将军0214,将军,孙景山,孙,景山,孙景山
将军0215,将军,孙允烈,孙,允烈,孙允烈
将军0216,将军,孙维戍,孙,维戍,孙维戍
将军0217,将军,孙昭远,孙,昭远,孙昭远
将军0218,将军,孙靖衡,孙,靖衡,孙靖衡
将军0219,将军,孙守岳,孙,守岳,孙守岳
将军0220,将军,孙定远,孙,定远,孙定远
将军0221,将军,孙延武,孙,延武,孙延武
将军0222,将军,孙世略,孙,世略,孙世略
将军0223,将军,孙从岳,孙,从岳,孙从岳
将军0224,将军,孙玄武,孙,玄武,孙玄武
将军0225,将军,孙仲衡,孙,仲衡,孙仲衡
将军0226,将军,孙惟勇,孙,惟勇,孙惟勇
将军0227,将军,孙怀戍,孙,怀戍,孙怀戍
将军0228,将军,孙景远,孙,景远,孙景远
将军0229,将军,孙砺远,孙,砺远,孙砺远
将军0230,将军,孙承烈,孙,承烈,孙承烈
将军0231,将军,孙定山,孙,定山,孙定山
将军0232,将军,孙正武,孙,正武,孙正武
将军0233,将军,孙明远,孙,明远,孙明远
将军0234,将军,孙世岳,孙,世岳,孙世岳
将军0235,将军,孙子戍,孙,子戍,孙子戍
将军0236,将军,孙允衡,孙,允衡,孙允衡
将军0237,将军,孙靖远,孙,靖远,孙靖远
将军0238,将军,孙维川,孙,维川,孙维川
将军0239,将军,孙绍武,孙,绍武,孙绍武
将军0240,将军,孙敬川,孙,敬川,孙敬川
将军0241,将军,孙嘉戍,孙,嘉戍,孙嘉戍
将军0242,将军,孙玄岳,孙,玄岳,孙玄岳
将军0243,将军,孙弘武,孙,弘武,孙弘武
将军0244,将军,李靖川,李,靖川,李靖川
将军0245,将军,李承岳,李,承岳,李承岳
将军0246,将军,李砺锋,李,砺锋,李砺锋
将军0247,将军,李怀远,李,怀远,李怀远
将军0248,将军,李守正,李,守正,李守正
将军0249,将军,李远山,李,远山,李远山
将军0250,将军,李昭武,李,昭武,李昭武
将军0251,将军,李定川,李,定川,李定川
将军0252,将军,李景烈,李,景烈,李景烈
将军0253,将军,李允武,李,允武,李允武
将军0254,将军,李知兵,李,知兵,李知兵
将军0255,将军,李承戍,李,承戍,李承戍
将军0256,将军,李靖野,李,靖野,李靖野
将军0257,将军,李砺山,李,砺山,李砺山
将军0258,将军,李定岳,李,定岳,李定岳
将军0259,将军,李延锋,李,延锋,李延锋
将军0260,将军,李弘毅,李,弘毅,李弘毅
将军0261,将军,李景戎,李,景戎,李景戎
将军0262,将军,李守川,李,守川,李守川
将军0263,将军,李望岳,李,望岳,李望岳
将军0264,将军,李世衡,李,世衡,李世衡
将军0265,将军,李维岳,李,维岳,李维岳
将军0266,将军,李修远,李,修远,李修远
将军0267,将军,李慎行,李,慎行,李慎行
将军0268,将军,李景略,李,景略,李景略
将军0269,将军,李允戎,李,允戎,李允戎
将军0270,将军,李怀锋,李,怀锋,李怀锋
将军0271,将军,李承略,李,承略,李承略
将军0272,将军,李镇川,李,镇川,李镇川
将军0273,将军,李怀义,李,怀义,李怀义
将军0274,将军,李景武,李,景武,李景武
将军0275,将军,李伯宁,李,伯宁,李伯宁
将军0276,将军,李仲远,李,仲远,李仲远
将军0277,将军,李季川,李,季川,李季川
将军0278,将军,李文骁,李,文骁,李文骁
将军0279,将军,李彦武,李,彦武,李彦武
将军0280,将军,李崇岳,李,崇岳,李崇岳
将军0281,将军,李明戍,李,明戍,李明戍
将军0282,将军,李惟烈,李,惟烈,李惟烈
将军0283,将军,李思武,李,思武,李思武
将军0284,将军,李景承,李,景承,李景承
将军0285,将军,李元戍,李,元戍,李元戍
将军0286,将军,李嘉武,李,嘉武,李嘉武
将军0287,将军,李玄度,李,玄度,李玄度
将军0288,将军,李绍戎,李,绍戎,李绍戎
将军0289,将军,李正川,李,正川,李正川
将军0290,将军,李子岳,李,子岳,李子岳
将军0291,将军,李敬武,李,敬武,李敬武
将军0292,将军,李怀策,李,怀策,李怀策
将军0293,将军,李远略,李,远略,李远略
将军0294,将军,李承锋,李,承锋,李承锋
将军0295,将军,李景山,李,景山,李景山
将军0296,将军,李允烈,李,允烈,李允烈
将军0297,将军,李维戍,李,维戍,李维戍
将军0298,将军,李昭远,李,昭远,李昭远
将军0299,将军,李靖衡,李,靖衡,李靖衡
将军0300,将军,李守岳,李,守岳,李守岳
将军0301,将军,李定远,李,定远,李定远
将军0302,将军,李延武,李,延武,李延武
将军0303,将军,李世略,李,世略,李世略
将军0304,将军,李从岳,李,从岳,李从岳
将军0305,将军,李玄武,李,玄武,李玄武
将军0306,将军,李仲衡,李,仲衡,李仲衡
将军0307,将军,李惟勇,李,惟勇,李惟勇
将军0308,将军,李怀戍,李,怀戍,李怀戍
将军0309,将军,李景远,李,景远,李景远
将军0310,将军,李砺远,李,砺远,李砺远
将军0311,将军,李承烈,李,承烈,李承烈
将军0312,将军,李定山,李,定山,李定山
将军0313,将军,李正武,李,正武,李正武
将军0314,将军,李明远,李,明远,李明远
将军0315,将军,李世岳,李,世岳,李世岳
将军0316,将军,李子戍,李,子戍,李子戍
将军0317,将军,李允衡,李,允衡,李允衡
将军0318,将军,李靖远,李,靖远,李靖远
将军0319,将军,李维川,李,维川,李维川
将军0320,将军,李绍武,李,绍武,李绍武
将军0321,将军,李敬川,李,敬川,李敬川
将军0322,将军,李嘉戍,李,嘉戍,李嘉戍
将军0323,将军,李玄岳,李,玄岳,李玄岳
将军0324,将军,李弘武,李,弘武,李弘武
将军0325,将军,周靖川,周,靖川,周靖川
将军0326,将军,周承岳,周,承岳,周承岳
将军0327,将军,周砺锋,周,砺锋,周砺锋
将军0328,将军,周怀远,周,怀远,周怀远
将军0329,将军,周守正,周,守正,周守正
将军0330,将军,周远山,周,远山,周远山
将军0331,将军,周昭武,周,昭武,周昭武
将军0332,将军,周定川,周,定川,周定川
将军0333,将军,周景烈,周,景烈,周景烈
将军0334,将军,周允武,周,允武,周允武
将军0335,将军,周知兵,周,知兵,周知兵
将军0336,将军,周承戍,周,承戍,周承戍
将军0337,将军,周靖野,周,靖野,周靖野
将军0338,将军,周砺山,周,砺山,周砺山
将军0339,将军,周定岳,周,定岳,周定岳
将军0340,将军,周延锋,周,延锋,周延锋
将军0341,将军,周弘毅,周,弘毅,周弘毅
将军0342,将军,周景戎,周,景戎,周景戎
将军0343,将军,周守川,周,守川,周守川
将军0344,将军,周望岳,周,望岳,周望岳
将军0345,将军,周世衡,周,世衡,周世衡
将军0346,将军,周维岳,周,维岳,周维岳
将军0347,将军,周修远,周,修远,周修远
将军0348,将军,周慎行,周,慎行,周慎行
将军0349,将军,周景略,周,景略,周景略
将军0350,将军,周允戎,周,允戎,周允戎
将军0351,将军,周怀锋,周,怀锋,周怀锋
将军0352,将军,周承略,周,承略,周承略
将军0353,将军,周镇川,周,镇川,周镇川
将军0354,将军,周怀义,周,怀义,周怀义
将军0355,将军,周景武,周,景武,周景武
将军0356,将军,周伯宁,周,伯宁,周伯宁
将军0357,将军,周仲远,周,仲远,周仲远
将军0358,将军,周季川,周,季川,周季川
将军0359,将军,周文骁,周,文骁,周文骁
将军0360,将军,周彦武,周,彦武,周彦武
将军0361,将军,周崇岳,周,崇岳,周崇岳
将军0362,将军,周明戍,周,明戍,周明戍
将军0363,将军,周惟烈,周,惟烈,周惟烈
将军0364,将军,周思武,周,思武,周思武
将军0365,将军,周景承,周,景承,周景承
将军0366,将军,周元戍,周,元戍,周元戍
将军0367,将军,周嘉武,周,嘉武,周嘉武
将军0368,将军,周玄度,周,玄度,周玄度
将军0369,将军,周绍戎,周,绍戎,周绍戎
将军0370,将军,周正川,周,正川,周正川
将军0371,将军,周子岳,周,子岳,周子岳
将军0372,将军,周敬武,周,敬武,周敬武
将军0373,将军,周怀策,周,怀策,周怀策
将军0374,将军,周远略,周,远略,周远略
将军0375,将军,周承锋,周,承锋,周承锋
将军0376,将军,周景山,周,景山,周景山
将军0377,将军,周允烈,周,允烈,周允烈
将军0378,将军,周维戍,周,维戍,周维戍
将军0379,将军,周昭远,周,昭远,周昭远
将军0380,将军,周靖衡,周,靖衡,周靖衡
将军0381,将军,周守岳,周,守岳,周守岳
将军0382,将军,周定远,周,定远,周定远
将军0383,将军,周延武,周,延武,周延武
将军0384,将军,周世略,周,世略,周世略
将军0385,将军,周从岳,周,从岳,周从岳
将军0386,将军,周玄武,周,玄武,周玄武
将军0387,将军,周仲衡,周,仲衡,周仲衡
将军0388,将军,周惟勇,周,惟勇,周惟勇
将军0389,将军,周怀戍,周,怀戍,周怀戍
将军0390,将军,周景远,周,景远,周景远
将军0391,将军,周砺远,周,砺远,周砺远
将军0392,将军,周承烈,周,承烈,周承烈
将军0393,将军,周定山,周,定山,周定山
将军0394,将军,周正武,周,正武,周正武
将军0395,将军,周明远,周,明远,周明远
将军0396,将军,周世岳,周,世岳,周世岳
将军0397,将军,周子戍,周,子戍,周子戍
将军0398,将军,周允衡,周,允衡,周允衡
将军0399,将军,周靖远,周,靖远,周靖远
将军0400,将军,周维川,周,维川,周维川
官员0001,官员,赵景行,赵,景行,赵景行
官员0002,官员,赵怀瑾,赵,怀瑾,赵怀瑾
官员0003,官员,赵知衡,赵,知衡,赵知衡
官员0004,官员,赵允中,赵,允中,赵允中
官员0005,官员,赵维桢,赵,维桢,赵维桢
官员0006,官员,赵崇简,赵,崇简,赵崇简
官员0007,官员,赵思远,赵,思远,赵思远
官员0008,官员,赵彦清,赵,彦清,赵彦清
官员0009,官员,赵文度,赵,文度,赵文度
官员0010,官员,赵宗实,赵,宗实,赵宗实
官员0011,官员,赵伯衡,赵,伯衡,赵伯衡
官员0012,官员,赵仲平,赵,仲平,赵仲平
官员0013,官员,赵季安,赵,季安,赵季安
官员0014,官员,赵子谦,赵,子谦,赵子谦
官员0015,官员,赵敬之,赵,敬之,赵敬之
官员0016,官员,赵景文,赵,景文,赵景文
官员0017,官员,赵允恭,赵,允恭,赵允恭
官员0018,官员,赵怀信,赵,怀信,赵怀信
官员0019,官员,赵承礼,赵,承礼,赵承礼
官员0020,官员,赵维清,赵,维清,赵维清
官员0021,官员,赵昭明,赵,昭明,赵昭明
官员0022,官员,赵知远,赵,知远,赵知远
官员0023,官员,赵慎言,赵,慎言,赵慎言
官员0024,官员,赵守恭,赵,守恭,赵守恭
官员0025,官员,赵崇实,赵,崇实,赵崇实
官员0026,官员,赵明德,赵,明德,赵明德
官员0027,官员,赵彦章,赵,彦章,赵彦章
官员0028,官员,赵文清,赵,文清,赵文清
官员0029,官员,赵允正,赵,允正,赵允正
官员0030,官员,赵景和,赵,景和,赵景和
官员0031,官员,赵子敬,赵,子敬,赵子敬
官员0032,官员,赵思齐,赵,思齐,赵思齐
官员0033,官员,赵怀仁,赵,怀仁,赵怀仁
官员0034,官员,赵承章,赵,承章,赵承章
官员0035,官员,赵维宁,赵,维宁,赵维宁
官员0036,官员,赵昭和,赵,昭和,赵昭和
官员0037,官员,赵知礼,赵,知礼,赵知礼
官员0038,官员,赵慎微,赵,慎微,赵慎微
官员0039,官员,赵守信,赵,守信,赵守信
官员0040,官员,赵崇文,赵,崇文,赵崇文
官员0041,官员,赵明简,赵,明简,赵明简
官员0042,官员,赵彦修,赵,彦修,赵彦修
官员0043,官员,赵文衡,赵,文衡,赵文衡
官员0044,官员,赵允安,赵,允安,赵允安
官员0045,官员,赵景澄,赵,景澄,赵景澄
官员0046,官员,赵子良,赵,子良,赵子良
官员0047,官员,赵思诚,赵,思诚,赵思诚
官员0048,官员,赵怀德,赵,怀德,赵怀德
官员0049,官员,赵承平,赵,承平,赵承平
官员0050,官员,赵维新,赵,维新,赵维新
官员0051,官员,赵昭允,赵,昭允,赵昭允
官员0052,官员,赵知简,赵,知简,赵知简
官员0053,官员,赵慎独,赵,慎独,赵慎独
官员0054,官员,赵守廉,赵,守廉,赵守廉
官员0055,官员,赵崇正,赵,崇正,赵崇正
官员0056,官员,赵明诚,赵,明诚,赵明诚
官员0057,官员,赵彦和,赵,彦和,赵彦和
官员0058,官员,赵文谨,赵,文谨,赵文谨
官员0059,官员,赵允和,赵,允和,赵允和
官员0060,官员,赵景宁,赵,景宁,赵景宁
官员0061,官员,赵子正,赵,子正,赵子正
官员0062,官员,赵思衡,赵,思衡,赵思衡
官员0063,官员,赵怀清,赵,怀清,赵怀清
官员0064,官员,赵承安,赵,承安,赵承安
官员0065,官员,赵维德,赵,维德,赵维德
官员0066,官员,赵昭礼,赵,昭礼,赵昭礼
官员0067,官员,赵知中,赵,知中,赵知中
官员0068,官员,赵慎行,赵,慎行,赵慎行
官员0069,官员,赵守节,赵,守节,赵守节
官员0070,官员,赵崇礼,赵,崇礼,赵崇礼
官员0071,官员,赵明清,赵,明清,赵明清
官员0072,官员,赵彦平,赵,彦平,赵彦平
官员0073,官员,赵文实,赵,文实,赵文实
官员0074,官员,赵允良,赵,允良,赵允良
官员0075,官员,赵景正,赵,景正,赵景正
官员0076,官员,赵子文,赵,子文,赵子文
官员0077,官员,赵思简,赵,思简,赵思简
官员0078,官员,赵怀安,赵,怀安,赵怀安
官员0079,官员,赵承德,赵,承德,赵承德
官员0080,官员,赵维和,赵,维和,赵维和
官员0081,官员,赵昭德,赵,昭德,赵昭德
官员0082,官员,赵知正,赵,知正,赵知正
官员0083,官员,赵慎廉,赵,慎廉,赵慎廉
官员0084,官员,赵守中,赵,守中,赵守中
官员0085,官员,赵崇和,赵,崇和,赵崇和
官员0086,官员,赵明宁,赵,明宁,赵明宁
官员0087,官员,赵彦实,赵,彦实,赵彦实
官员0088,官员,赵文礼,赵,文礼,赵文礼
官员0089,官员,钱景行,钱,景行,钱景行
官员0090,官员,钱怀瑾,钱,怀瑾,钱怀瑾
官员0091,官员,钱知衡,钱,知衡,钱知衡
官员0092,官员,钱允中,钱,允中,钱允中
官员0093,官员,钱维桢,钱,维桢,钱维桢
官员0094,官员,钱崇简,钱,崇简,钱崇简
官员0095,官员,钱思远,钱,思远,钱思远
官员0096,官员,钱彦清,钱,彦清,钱彦清
官员0097,官员,钱文度,钱,文度,钱文度
官员0098,官员,钱宗实,钱,宗实,钱宗实
官员0099,官员,钱伯衡,钱,伯衡,钱伯衡
官员0100,官员,钱仲平,钱,仲平,钱仲平
官员0101,官员,钱季安,钱,季安,钱季安
官员0102,官员,钱子谦,钱,子谦,钱子谦
官员0103,官员,钱敬之,钱,敬之,钱敬之
官员0104,官员,钱景文,钱,景文,钱景文
官员0105,官员,钱允恭,钱,允恭,钱允恭
官员0106,官员,钱怀信,钱,怀信,钱怀信
官员0107,官员,钱承礼,钱,承礼,钱承礼
官员0108,官员,钱维清,钱,维清,钱维清
官员0109,官员,钱昭明,钱,昭明,钱昭明
官员0110,官员,钱知远,钱,知远,钱知远
官员0111,官员,钱慎言,钱,慎言,钱慎言
官员0112,官员,钱守恭,钱,守恭,钱守恭
官员0113,官员,钱崇实,钱,崇实,钱崇实
官员0114,官员,钱明德,钱,明德,钱明德
官员0115,官员,钱彦章,钱,彦章,钱彦章
官员0116,官员,钱文清,钱,文清,钱文清
官员0117,官员,钱允正,钱,允正,钱允正
官员0118,官员,钱景和,钱,景和,钱景和
官员0119,官员,钱子敬,钱,子敬,钱子敬
官员0120,官员,钱思齐,钱,思齐,钱思齐
官员0121,官员,钱怀仁,钱,怀仁,钱怀仁
官员0122,官员,钱承章,钱,承章,钱承章
官员0123,官员,钱维宁,钱,维宁,钱维宁
官员0124,官员,钱昭和,钱,昭和,钱昭和
官员0125,官员,钱知礼,钱,知礼,钱知礼
官员0126,官员,钱慎微,钱,慎微,钱慎微
官员0127,官员,钱守信,钱,守信,钱守信
官员0128,官员,钱崇文,钱,崇文,钱崇文
官员0129,官员,钱明简,钱,明简,钱明简
官员0130,官员,钱彦修,钱,彦修,钱彦修
官员0131,官员,钱文衡,钱,文衡,钱文衡
官员0132,官员,钱允安,钱,允安,钱允安
官员0133,官员,钱景澄,钱,景澄,钱景澄
官员0134,官员,钱子良,钱,子良,钱子良
官员0135,官员,钱思诚,钱,思诚,钱思诚
官员0136,官员,钱怀德,钱,怀德,钱怀德
官员0137,官员,钱承平,钱,承平,钱承平
官员0138,官员,钱维新,钱,维新,钱维新
官员0139,官员,钱昭允,钱,昭允,钱昭允
官员0140,官员,钱知简,钱,知简,钱知简
官员0141,官员,钱慎独,钱,慎独,钱慎独
官员0142,官员,钱守廉,钱,守廉,钱守廉
官员0143,官员,钱崇正,钱,崇正,钱崇正
官员0144,官员,钱明诚,钱,明诚,钱明诚
官员0145,官员,钱彦和,钱,彦和,钱彦和
官员0146,官员,钱文谨,钱,文谨,钱文谨
官员0147,官员,钱允和,钱,允和,钱允和
官员0148,官员,钱景宁,钱,景宁,钱景宁
官员0149,官员,钱子正,钱,子正,钱子正
官员0150,官员,钱思衡,钱,思衡,钱思衡
官员0151,官员,钱怀清,钱,怀清,钱怀清
官员0152,官员,钱承安,钱,承安,钱承安
官员0153,官员,钱维德,钱,维德,钱维德
官员0154,官员,钱昭礼,钱,昭礼,钱昭礼
官员0155,官员,钱知中,钱,知中,钱知中
官员0156,官员,钱慎行,钱,慎行,钱慎行
官员0157,官员,钱守节,钱,守节,钱守节
官员0158,官员,钱崇礼,钱,崇礼,钱崇礼
官员0159,官员,钱明清,钱,明清,钱明清
官员0160,官员,钱彦平,钱,彦平,钱彦平
官员0161,官员,钱文实,钱,文实,钱文实
官员0162,官员,钱允良,钱,允良,钱允良
官员0163,官员,钱景正,钱,景正,钱景正
官员0164,官员,钱子文,钱,子文,钱子文
官员0165,官员,钱思简,钱,思简,钱思简
官员0166,官员,钱怀安,钱,怀安,钱怀安
官员0167,官员,钱承德,钱,承德,钱承德
官员0168,官员,钱维和,钱,维和,钱维和
官员0169,官员,钱昭德,钱,昭德,钱昭德
官员0170,官员,钱知正,钱,知正,钱知正
官员0171,官员,钱慎廉,钱,慎廉,钱慎廉
官员0172,官员,钱守中,钱,守中,钱守中
官员0173,官员,钱崇和,钱,崇和,钱崇和
官员0174,官员,钱明宁,钱,明宁,钱明宁
官员0175,官员,钱彦实,钱,彦实,钱彦实
官员0176,官员,钱文礼,钱,文礼,钱文礼
官员0177,官员,孙景行,孙,景行,孙景行
官员0178,官员,孙怀瑾,孙,怀瑾,孙怀瑾
官员0179,官员,孙知衡,孙,知衡,孙知衡
官员0180,官员,孙允中,孙,允中,孙允中
官员0181,官员,孙维桢,孙,维桢,孙维桢
官员0182,官员,孙崇简,孙,崇简,孙崇简
官员0183,官员,孙思远,孙,思远,孙思远
官员0184,官员,孙彦清,孙,彦清,孙彦清
官员0185,官员,孙文度,孙,文度,孙文度
官员0186,官员,孙宗实,孙,宗实,孙宗实
官员0187,官员,孙伯衡,孙,伯衡,孙伯衡
官员0188,官员,孙仲平,孙,仲平,孙仲平
官员0189,官员,孙季安,孙,季安,孙季安
官员0190,官员,孙子谦,孙,子谦,孙子谦
官员0191,官员,孙敬之,孙,敬之,孙敬之
官员0192,官员,孙景文,孙,景文,孙景文
官员0193,官员,孙允恭,孙,允恭,孙允恭
官员0194,官员,孙怀信,孙,怀信,孙怀信
官员0195,官员,孙承礼,孙,承礼,孙承礼
官员0196,官员,孙维清,孙,维清,孙维清
官员0197,官员,孙昭明,孙,昭明,孙昭明
官员0198,官员,孙知远,孙,知远,孙知远
官员0199,官员,孙慎言,孙,慎言,孙慎言
官员0200,官员,孙守恭,孙,守恭,孙守恭
官员0201,官员,孙崇实,孙,崇实,孙崇实
官员0202,官员,孙明德,孙,明德,孙明德
官员0203,官员,孙彦章,孙,彦章,孙彦章
官员0204,官员,孙文清,孙,文清,孙文清
官员0205,官员,孙允正,孙,允正,孙允正
官员0206,官员,孙景和,孙,景和,孙景和
官员0207,官员,孙子敬,孙,子敬,孙子敬
官员0208,官员,孙思齐,孙,思齐,孙思齐
官员0209,官员,孙怀仁,孙,怀仁,孙怀仁
官员0210,官员,孙承章,孙,承章,孙承章
官员0211,官员,孙维宁,孙,维宁,孙维宁
官员0212,官员,孙昭和,孙,昭和,孙昭和
官员0213,官员,孙知礼,孙,知礼,孙知礼
官员0214,官员,孙慎微,孙,慎微,孙慎微
官员0215,官员,孙守信,孙,守信,孙守信
官员0216,官员,孙崇文,孙,崇文,孙崇文
官员0217,官员,孙明简,孙,明简,孙明简
官员0218,官员,孙彦修,孙,彦修,孙彦修
官员0219,官员,孙文衡,孙,文衡,孙文衡
官员0220,官员,孙允安,孙,允安,孙允安
官员0221,官员,孙景澄,孙,景澄,孙景澄
官员0222,官员,孙子良,孙,子良,孙子良
官员0223,官员,孙思诚,孙,思诚,孙思诚
官员0224,官员,孙怀德,孙,怀德,孙怀德
官员0225,官员,孙承平,孙,承平,孙承平
官员0226,官员,孙维新,孙,维新,孙维新
官员0227,官员,孙昭允,孙,昭允,孙昭允
官员0228,官员,孙知简,孙,知简,孙知简
官员0229,官员,孙慎独,孙,慎独,孙慎独
官员0230,官员,孙守廉,孙,守廉,孙守廉
官员0231,官员,孙崇正,孙,崇正,孙崇正
官员0232,官员,孙明诚,孙,明诚,孙明诚
官员0233,官员,孙彦和,孙,彦和,孙彦和
官员0234,官员,孙文谨,孙,文谨,孙文谨
官员0235,官员,孙允和,孙,允和,孙允和
官员0236,官员,孙景宁,孙,景宁,孙景宁
官员0237,官员,孙子正,孙,子正,孙子正
官员0238,官员,孙思衡,孙,思衡,孙思衡
官员0239,官员,孙怀清,孙,怀清,孙怀清
官员0240,官员,孙承安,孙,承安,孙承安
官员0241,官员,孙维德,孙,维德,孙维德
官员0242,官员,孙昭礼,孙,昭礼,孙昭礼
官员0243,官员,孙知中,孙,知中,孙知中
官员0244,官员,孙慎行,孙,慎行,孙慎行
官员0245,官员,孙守节,孙,守节,孙守节
官员0246,官员,孙崇礼,孙,崇礼,孙崇礼
官员0247,官员,孙明清,孙,明清,孙明清
官员0248,官员,孙彦平,孙,彦平,孙彦平
官员0249,官员,孙文实,孙,文实,孙文实
官员0250,官员,孙允良,孙,允良,孙允良
官员0251,官员,孙景正,孙,景正,孙景正
官员0252,官员,孙子文,孙,子文,孙子文
官员0253,官员,孙思简,孙,思简,孙思简
官员0254,官员,孙怀安,孙,怀安,孙怀安
官员0255,官员,孙承德,孙,承德,孙承德
官员0256,官员,孙维和,孙,维和,孙维和
官员0257,官员,孙昭德,孙,昭德,孙昭德
官员0258,官员,孙知正,孙,知正,孙知正
官员0259,官员,孙慎廉,孙,慎廉,孙慎廉
官员0260,官员,孙守中,孙,守中,孙守中
官员0261,官员,孙崇和,孙,崇和,孙崇和
官员0262,官员,孙明宁,孙,明宁,孙明宁
官员0263,官员,孙彦实,孙,彦实,孙彦实
官员0264,官员,孙文礼,孙,文礼,孙文礼
官员0265,官员,李景行,李,景行,李景行
官员0266,官员,李怀瑾,李,怀瑾,李怀瑾
官员0267,官员,李知衡,李,知衡,李知衡
官员0268,官员,李允中,李,允中,李允中
官员0269,官员,李维桢,李,维桢,李维桢
官员0270,官员,李崇简,李,崇简,李崇简
官员0271,官员,李思远,李,思远,李思远
官员0272,官员,李彦清,李,彦清,李彦清
官员0273,官员,李文度,李,文度,李文度
官员0274,官员,李宗实,李,宗实,李宗实
官员0275,官员,李伯衡,李,伯衡,李伯衡
官员0276,官员,李仲平,李,仲平,李仲平
官员0277,官员,李季安,李,季安,李季安
官员0278,官员,李子谦,李,子谦,李子谦
官员0279,官员,李敬之,李,敬之,李敬之
官员0280,官员,李景文,李,景文,李景文
官员0281,官员,李允恭,李,允恭,李允恭
官员0282,官员,李怀信,李,怀信,李怀信
官员0283,官员,李承礼,李,承礼,李承礼
官员0284,官员,李维清,李,维清,李维清
官员0285,官员,李昭明,李,昭明,李昭明
官员0286,官员,李知远,李,知远,李知远
官员0287,官员,李慎言,李,慎言,李慎言
官员0288,官员,李守恭,李,守恭,李守恭
官员0289,官员,李崇实,李,崇实,李崇实
官员0290,官员,李明德,李,明德,李明德
官员0291,官员,李彦章,李,彦章,李彦章
官员0292,官员,李文清,李,文清,李文清
官员0293,官员,李允正,李,允正,李允正
官员0294,官员,李景和,李,景和,李景和
官员0295,官员,李子敬,李,子敬,李子敬
官员0296,官员,李思齐,李,思齐,李思齐
官员0297,官员,李怀仁,李,怀仁,李怀仁
官员0298,官员,李承章,李,承章,李承章
官员0299,官员,李维宁,李,维宁,李维宁
官员0300,官员,李昭和,李,昭和,李昭和
官员0301,官员,李知礼,李,知礼,李知礼
官员0302,官员,李慎微,李,慎微,李慎微
官员0303,官员,李守信,李,守信,李守信
官员0304,官员,李崇文,李,崇文,李崇文
官员0305,官员,李明简,李,明简,李明简
官员0306,官员,李彦修,李,彦修,李彦修
官员0307,官员,李文衡,李,文衡,李文衡
官员0308,官员,李允安,李,允安,李允安
官员0309,官员,李景澄,李,景澄,李景澄
官员0310,官员,李子良,李,子良,李子良
官员0311,官员,李思诚,李,思诚,李思诚
官员0312,官员,李怀德,李,怀德,李怀德
官员0313,官员,李承平,李,承平,李承平
官员0314,官员,李维新,李,维新,李维新
官员0315,官员,李昭允,李,昭允,李昭允
官员0316,官员,李知简,李,知简,李知简
官员0317,官员,李慎独,李,慎独,李慎独
官员0318,官员,李守廉,李,守廉,李守廉
官员0319,官员,李崇正,李,崇正,李崇正
官员0320,官员,李明诚,李,明诚,李明诚
官员0321,官员,李彦和,李,彦和,李彦和
官员0322,官员,李文谨,李,文谨,李文谨
官员0323,官员,李允和,李,允和,李允和
官员0324,官员,李景宁,李,景宁,李景宁
官员0325,官员,李子正,李,子正,李子正
官员0326,官员,李思衡,李,思衡,李思衡
官员0327,官员,李怀清,李,怀清,李怀清
官员0328,官员,李承安,李,承安,李承安
官员0329,官员,李维德,李,维德,李维德
官员0330,官员,李昭礼,李,昭礼,李昭礼
官员0331,官员,李知中,李,知中,李知中
官员0332,官员,李慎行,李,慎行,李慎行
官员0333,官员,李守节,李,守节,李守节
官员0334,官员,李崇礼,李,崇礼,李崇礼
官员0335,官员,李明清,李,明清,李明清
官员0336,官员,李彦平,李,彦平,李彦平
官员0337,官员,李文实,李,文实,李文实
官员0338,官员,李允良,李,允良,李允良
官员0339,官员,李景正,李,景正,李景正
官员0340,官员,李子文,李,子文,李子文
官员0341,官员,李思简,李,思简,李思简
官员0342,官员,李怀安,李,怀安,李怀安
官员0343,官员,李承德,李,承德,李承德
官员0344,官员,李维和,李,维和,李维和
官员0345,官员,李昭德,李,昭德,李昭德
官员0346,官员,李知正,李,知正,李知正
官员0347,官员,李慎廉,李,慎廉,李慎廉
官员0348,官员,李守中,李,守中,李守中
官员0349,官员,李崇和,李,崇和,李崇和
官员0350,官员,李明宁,李,明宁,李明宁
官员0351,官员,李彦实,李,彦实,李彦实
官员0352,官员,李文礼,李,文礼,李文礼
官员0353,官员,周景行,周,景行,周景行
官员0354,官员,周怀瑾,周,怀瑾,周怀瑾
官员0355,官员,周知衡,周,知衡,周知衡
官员0356,官员,周允中,周,允中,周允中
官员0357,官员,周维桢,周,维桢,周维桢
官员0358,官员,周崇简,周,崇简,周崇简
官员0359,官员,周思远,周,思远,周思远
官员0360,官员,周彦清,周,彦清,周彦清
官员0361,官员,周文度,周,文度,周文度
官员0362,官员,周宗实,周,宗实,周宗实
官员0363,官员,周伯衡,周,伯衡,周伯衡
官员0364,官员,周仲平,周,仲平,周仲平
官员0365,官员,周季安,周,季安,周季安
官员0366,官员,周子谦,周,子谦,周子谦
官员0367,官员,周敬之,周,敬之,周敬之
官员0368,官员,周景文,周,景文,周景文
官员0369,官员,周允恭,周,允恭,周允恭
官员0370,官员,周怀信,周,怀信,周怀信
官员0371,官员,周承礼,周,承礼,周承礼
官员0372,官员,周维清,周,维清,周维清
官员0373,官员,周昭明,周,昭明,周昭明
官员0374,官员,周知远,周,知远,周知远
官员0375,官员,周慎言,周,慎言,周慎言
官员0376,官员,周守恭,周,守恭,周守恭
官员0377,官员,周崇实,周,崇实,周崇实
官员0378,官员,周明德,周,明德,周明德
官员0379,官员,周彦章,周,彦章,周彦章
官员0380,官员,周文清,周,文清,周文清
官员0381,官员,周允正,周,允正,周允正
官员0382,官员,周景和,周,景和,周景和
官员0383,官员,周子敬,周,子敬,周子敬
官员0384,官员,周思齐,周,思齐,周思齐
官员0385,官员,周怀仁,周,怀仁,周怀仁
官员0386,官员,周承章,周,承章,周承章
官员0387,官员,周维宁,周,维宁,周维宁
官员0388,官员,周昭和,周,昭和,周昭和
官员0389,官员,周知礼,周,知礼,周知礼
官员0390,官员,周慎微,周,慎微,周慎微
官员0391,官员,周守信,周,守信,周守信
官员0392,官员,周崇文,周,崇文,周崇文
官员0393,官员,周明简,周,明简,周明简
官员0394,官员,周彦修,周,彦修,周彦修
官员0395,官员,周文衡,周,文衡,周文衡
官员0396,官员,周允安,周,允安,周允安
官员0397,官员,周景澄,周,景澄,周景澄
官员0398,官员,周子良,周,子良,周子良
官员0399,官员,周思诚,周,思诚,周思诚
官员0400,官员,周怀德,周,怀德,周怀德
士兵0001,士兵,赵阿山,赵,阿山,赵阿山
士兵0002,士兵,赵阿河,赵,阿河,赵阿河
士兵0003,士兵,赵二石,赵,二石,赵二石
士兵0004,士兵,赵大川,赵,大川,赵大川
士兵0005,士兵,赵小岭,赵,小岭,赵小岭
士兵0006,士兵,赵守田,赵,守田,赵守田
士兵0007,士兵,赵守林,赵,守林,赵守林
士兵0008,士兵,赵守仓,赵,守仓,赵守仓
士兵0009,士兵,赵守桥,赵,守桥,赵守桥
士兵0010,士兵,赵平安,赵,平安,赵平安
士兵0011,士兵,赵长生,赵,长生,赵长生
士兵0012,士兵,赵石头,赵,石头,赵石头
士兵0013,士兵,赵木生,赵,木生,赵木生
士兵0014,士兵,赵禾生,赵,禾生,赵禾生
士兵0015,士兵,赵河生,赵,河生,赵河生
士兵0016,士兵,赵山生,赵,山生,赵山生
士兵0017,士兵,赵田安,赵,田安,赵田安
士兵0018,士兵,赵川平,赵,川平,赵川平
士兵0019,士兵,赵大勇,赵,大勇,赵大勇
士兵0020,士兵,赵小武,赵,小武,赵小武
士兵0021,士兵,赵成山,赵,成山,赵成山
士兵0022,士兵,赵成林,赵,成林,赵成林
士兵0023,士兵,赵成河,赵,成河,赵成河
士兵0024,士兵,赵铁生,赵,铁生,赵铁生
士兵0025,士兵,赵长河,赵,长河,赵长河
士兵0026,士兵,赵远山,赵,远山,赵远山
士兵0027,士兵,赵大岭,赵,大岭,赵大岭
士兵0028,士兵,赵春生,赵,春生,赵春生
士兵0029,士兵,赵秋生,赵,秋生,赵秋生
士兵0030,士兵,赵冬生,赵,冬生,赵冬生
士兵0031,士兵,赵福生,赵,福生,赵福生
士兵0032,士兵,赵安生,赵,安生,赵安生
士兵0033,士兵,赵保山,赵,保山,赵保山
士兵0034,士兵,赵保田,赵,保田,赵保田
士兵0035,士兵,赵永安,赵,永安,赵永安
士兵0036,士兵,赵永宁,赵,永宁,赵永宁
士兵0037,士兵,赵大成,赵,大成,赵大成
士兵0038,士兵,赵小成,赵,小成,赵小成
士兵0039,士兵,赵阿勇,赵,阿勇,赵阿勇
士兵0040,士兵,赵阿平,赵,阿平,赵阿平
士兵0041,士兵,赵石生,赵,石生,赵石生
士兵0042,士兵,赵林生,赵,林生,赵林生
士兵0043,士兵,赵河山,赵,河山,赵河山
士兵0044,士兵,赵田生,赵,田生,赵田生
士兵0045,士兵,赵牛生,赵,牛生,赵牛生
士兵0046,士兵,赵马生,赵,马生,赵马生
士兵0047,士兵,赵虎生,赵,虎生,赵虎生
士兵0048,士兵,赵鹿生,赵,鹿生,赵鹿生
士兵0049,士兵,赵禾安,赵,禾安,赵禾安
士兵0050,士兵,赵川安,赵,川安,赵川安
士兵0051,士兵,赵山安,赵,山安,赵山安
士兵0052,士兵,赵林安,赵,林安,赵林安
士兵0053,士兵,赵水生,赵,水生,赵水生
士兵0054,士兵,赵大禾,赵,大禾,赵大禾
士兵0055,士兵,赵小川,赵,小川,赵小川
士兵0056,士兵,赵大石,赵,大石,赵大石
士兵0057,士兵,赵长林,赵,长林,赵长林
士兵0058,士兵,赵春山,赵,春山,赵春山
士兵0059,士兵,赵秋河,赵,秋河,赵秋河
士兵0060,士兵,赵冬川,赵,冬川,赵冬川
士兵0061,士兵,赵兴田,赵,兴田,赵兴田
士兵0062,士兵,赵兴林,赵,兴林,赵兴林
士兵0063,士兵,赵兴河,赵,兴河,赵兴河
士兵0064,士兵,赵成安,赵,成安,赵成安
士兵0065,士兵,赵福山,赵,福山,赵福山
士兵0066,士兵,赵福田,赵,福田,赵福田
士兵0067,士兵,赵福林,赵,福林,赵福林
士兵0068,士兵,赵广山,赵,广山,赵广山
士兵0069,士兵,赵广田,赵,广田,赵广田
士兵0070,士兵,赵广川,赵,广川,赵广川
士兵0071,士兵,赵守义,赵,守义,赵守义
士兵0072,士兵,赵守勇,赵,守勇,赵守勇
士兵0073,士兵,赵守信,赵,守信,赵守信
士兵0074,士兵,赵守诚,赵,守诚,赵守诚
士兵0075,士兵,赵守和,赵,守和,赵守和
士兵0076,士兵,赵守宁,赵,守宁,赵守宁
士兵0077,士兵,赵守远,赵,守远,赵守远
士兵0078,士兵,赵守川,赵,守川,赵守川
士兵0079,士兵,赵守山,赵,守山,赵守山
士兵0080,士兵,赵守林,赵,守林,赵守林
士兵0081,士兵,钱阿山,钱,阿山,钱阿山
士兵0082,士兵,钱阿河,钱,阿河,钱阿河
士兵0083,士兵,钱二石,钱,二石,钱二石
士兵0084,士兵,钱大川,钱,大川,钱大川
士兵0085,士兵,钱小岭,钱,小岭,钱小岭
士兵0086,士兵,钱守田,钱,守田,钱守田
士兵0087,士兵,钱守林,钱,守林,钱守林
士兵0088,士兵,钱守仓,钱,守仓,钱守仓
士兵0089,士兵,钱守桥,钱,守桥,钱守桥
士兵0090,士兵,钱平安,钱,平安,钱平安
士兵0091,士兵,钱长生,钱,长生,钱长生
士兵0092,士兵,钱石头,钱,石头,钱石头
士兵0093,士兵,钱木生,钱,木生,钱木生
士兵0094,士兵,钱禾生,钱,禾生,钱禾生
士兵0095,士兵,钱河生,钱,河生,钱河生
士兵0096,士兵,钱山生,钱,山生,钱山生
士兵0097,士兵,钱田安,钱,田安,钱田安
士兵0098,士兵,钱川平,钱,川平,钱川平
士兵0099,士兵,钱大勇,钱,大勇,钱大勇
士兵0100,士兵,钱小武,钱,小武,钱小武
士兵0101,士兵,钱成山,钱,成山,钱成山
士兵0102,士兵,钱成林,钱,成林,钱成林
士兵0103,士兵,钱成河,钱,成河,钱成河
士兵0104,士兵,钱铁生,钱,铁生,钱铁生
士兵0105,士兵,钱长河,钱,长河,钱长河
士兵0106,士兵,钱远山,钱,远山,钱远山
士兵0107,士兵,钱大岭,钱,大岭,钱大岭
士兵0108,士兵,钱春生,钱,春生,钱春生
士兵0109,士兵,钱秋生,钱,秋生,钱秋生
士兵0110,士兵,钱冬生,钱,冬生,钱冬生
士兵0111,士兵,钱福生,钱,福生,钱福生
士兵0112,士兵,钱安生,钱,安生,钱安生
士兵0113,士兵,钱保山,钱,保山,钱保山
士兵0114,士兵,钱保田,钱,保田,钱保田
士兵0115,士兵,钱永安,钱,永安,钱永安
士兵0116,士兵,钱永宁,钱,永宁,钱永宁
士兵0117,士兵,钱大成,钱,大成,钱大成
士兵0118,士兵,钱小成,钱,小成,钱小成
士兵0119,士兵,钱阿勇,钱,阿勇,钱阿勇
士兵0120,士兵,钱阿平,钱,阿平,钱阿平
士兵0121,士兵,钱石生,钱,石生,钱石生
士兵0122,士兵,钱林生,钱,林生,钱林生
士兵0123,士兵,钱河山,钱,河山,钱河山
士兵0124,士兵,钱田生,钱,田生,钱田生
士兵0125,士兵,钱牛生,钱,牛生,钱牛生
士兵0126,士兵,钱马生,钱,马生,钱马生
士兵0127,士兵,钱虎生,钱,虎生,钱虎生
士兵0128,士兵,钱鹿生,钱,鹿生,钱鹿生
士兵0129,士兵,钱禾安,钱,禾安,钱禾安
士兵0130,士兵,钱川安,钱,川安,钱川安
士兵0131,士兵,钱山安,钱,山安,钱山安
士兵0132,士兵,钱林安,钱,林安,钱林安
士兵0133,士兵,钱水生,钱,水生,钱水生
士兵0134,士兵,钱大禾,钱,大禾,钱大禾
士兵0135,士兵,钱小川,钱,小川,钱小川
士兵0136,士兵,钱大石,钱,大石,钱大石
士兵0137,士兵,钱长林,钱,长林,钱长林
士兵0138,士兵,钱春山,钱,春山,钱春山
士兵0139,士兵,钱秋河,钱,秋河,钱秋河
士兵0140,士兵,钱冬川,钱,冬川,钱冬川
士兵0141,士兵,钱兴田,钱,兴田,钱兴田
士兵0142,士兵,钱兴林,钱,兴林,钱兴林
士兵0143,士兵,钱兴河,钱,兴河,钱兴河
士兵0144,士兵,钱成安,钱,成安,钱成安
士兵0145,士兵,钱福山,钱,福山,钱福山
士兵0146,士兵,钱福田,钱,福田,钱福田
士兵0147,士兵,钱福林,钱,福林,钱福林
士兵0148,士兵,钱广山,钱,广山,钱广山
士兵0149,士兵,钱广田,钱,广田,钱广田
士兵0150,士兵,钱广川,钱,广川,钱广川
士兵0151,士兵,钱守义,钱,守义,钱守义
士兵0152,士兵,钱守勇,钱,守勇,钱守勇
士兵0153,士兵,钱守信,钱,守信,钱守信
士兵0154,士兵,钱守诚,钱,守诚,钱守诚
士兵0155,士兵,钱守和,钱,守和,钱守和
士兵0156,士兵,钱守宁,钱,守宁,钱守宁
士兵0157,士兵,钱守远,钱,守远,钱守远
士兵0158,士兵,钱守川,钱,守川,钱守川
士兵0159,士兵,钱守山,钱,守山,钱守山
士兵0160,士兵,钱守林,钱,守林,钱守林
士兵0161,士兵,孙阿山,孙,阿山,孙阿山
士兵0162,士兵,孙阿河,孙,阿河,孙阿河
士兵0163,士兵,孙二石,孙,二石,孙二石
士兵0164,士兵,孙大川,孙,大川,孙大川
士兵0165,士兵,孙小岭,孙,小岭,孙小岭
士兵0166,士兵,孙守田,孙,守田,孙守田
士兵0167,士兵,孙守林,孙,守林,孙守林
士兵0168,士兵,孙守仓,孙,守仓,孙守仓
士兵0169,士兵,孙守桥,孙,守桥,孙守桥
士兵0170,士兵,孙平安,孙,平安,孙平安
士兵0171,士兵,孙长生,孙,长生,孙长生
士兵0172,士兵,孙石头,孙,石头,孙石头
士兵0173,士兵,孙木生,孙,木生,孙木生
士兵0174,士兵,孙禾生,孙,禾生,孙禾生
士兵0175,士兵,孙河生,孙,河生,孙河生
士兵0176,士兵,孙山生,孙,山生,孙山生
士兵0177,士兵,孙田安,孙,田安,孙田安
士兵0178,士兵,孙川平,孙,川平,孙川平
士兵0179,士兵,孙大勇,孙,大勇,孙大勇
士兵0180,士兵,孙小武,孙,小武,孙小武
士兵0181,士兵,孙成山,孙,成山,孙成山
士兵0182,士兵,孙成林,孙,成林,孙成林
士兵0183,士兵,孙成河,孙,成河,孙成河
士兵0184,士兵,孙铁生,孙,铁生,孙铁生
士兵0185,士兵,孙长河,孙,长河,孙长河
士兵0186,士兵,孙远山,孙,远山,孙远山
士兵0187,士兵,孙大岭,孙,大岭,孙大岭
士兵0188,士兵,孙春生,孙,春生,孙春生
士兵0189,士兵,孙秋生,孙,秋生,孙秋生
士兵0190,士兵,孙冬生,孙,冬生,孙冬生
士兵0191,士兵,孙福生,孙,福生,孙福生
士兵0192,士兵,孙安生,孙,安生,孙安生
士兵0193,士兵,孙保山,孙,保山,孙保山
士兵0194,士兵,孙保田,孙,保田,孙保田
士兵0195,士兵,孙永安,孙,永安,孙永安
士兵0196,士兵,孙永宁,孙,永宁,孙永宁
士兵0197,士兵,孙大成,孙,大成,孙大成
士兵0198,士兵,孙小成,孙,小成,孙小成
士兵0199,士兵,孙阿勇,孙,阿勇,孙阿勇
士兵0200,士兵,孙阿平,孙,阿平,孙阿平
士兵0201,士兵,孙石生,孙,石生,孙石生
士兵0202,士兵,孙林生,孙,林生,孙林生
士兵0203,士兵,孙河山,孙,河山,孙河山
士兵0204,士兵,孙田生,孙,田生,孙田生
士兵0205,士兵,孙牛生,孙,牛生,孙牛生
士兵0206,士兵,孙马生,孙,马生,孙马生
士兵0207,士兵,孙虎生,孙,虎生,孙虎生
士兵0208,士兵,孙鹿生,孙,鹿生,孙鹿生
士兵0209,士兵,孙禾安,孙,禾安,孙禾安
士兵0210,士兵,孙川安,孙,川安,孙川安
士兵0211,士兵,孙山安,孙,山安,孙山安
士兵0212,士兵,孙林安,孙,林安,孙林安
士兵0213,士兵,孙水生,孙,水生,孙水生
士兵0214,士兵,孙大禾,孙,大禾,孙大禾
士兵0215,士兵,孙小川,孙,小川,孙小川
士兵0216,士兵,孙大石,孙,大石,孙大石
士兵0217,士兵,孙长林,孙,长林,孙长林
士兵0218,士兵,孙春山,孙,春山,孙春山
士兵0219,士兵,孙秋河,孙,秋河,孙秋河
士兵0220,士兵,孙冬川,孙,冬川,孙冬川
士兵0221,士兵,孙兴田,孙,兴田,孙兴田
士兵0222,士兵,孙兴林,孙,兴林,孙兴林
士兵0223,士兵,孙兴河,孙,兴河,孙兴河
士兵0224,士兵,孙成安,孙,成安,孙成安
士兵0225,士兵,孙福山,孙,福山,孙福山
士兵0226,士兵,孙福田,孙,福田,孙福田
士兵0227,士兵,孙福林,孙,福林,孙福林
士兵0228,士兵,孙广山,孙,广山,孙广山
士兵0229,士兵,孙广田,孙,广田,孙广田
士兵0230,士兵,孙广川,孙,广川,孙广川
士兵0231,士兵,孙守义,孙,守义,孙守义
士兵0232,士兵,孙守勇,孙,守勇,孙守勇
士兵0233,士兵,孙守信,孙,守信,孙守信
士兵0234,士兵,孙守诚,孙,守诚,孙守诚
士兵0235,士兵,孙守和,孙,守和,孙守和
士兵0236,士兵,孙守宁,孙,守宁,孙守宁
士兵0237,士兵,孙守远,孙,守远,孙守远
士兵0238,士兵,孙守川,孙,守川,孙守川
士兵0239,士兵,孙守山,孙,守山,孙守山
士兵0240,士兵,孙守林,孙,守林,孙守林
士兵0241,士兵,李阿山,李,阿山,李阿山
士兵0242,士兵,李阿河,李,阿河,李阿河
士兵0243,士兵,李二石,李,二石,李二石
士兵0244,士兵,李大川,李,大川,李大川
士兵0245,士兵,李小岭,李,小岭,李小岭
士兵0246,士兵,李守田,李,守田,李守田
士兵0247,士兵,李守林,李,守林,李守林
士兵0248,士兵,李守仓,李,守仓,李守仓
士兵0249,士兵,李守桥,李,守桥,李守桥
士兵0250,士兵,李平安,李,平安,李平安
士兵0251,士兵,李长生,李,长生,李长生
士兵0252,士兵,李石头,李,石头,李石头
士兵0253,士兵,李木生,李,木生,李木生
士兵0254,士兵,李禾生,李,禾生,李禾生
士兵0255,士兵,李河生,李,河生,李河生
士兵0256,士兵,李山生,李,山生,李山生
士兵0257,士兵,李田安,李,田安,李田安
士兵0258,士兵,李川平,李,川平,李川平
士兵0259,士兵,李大勇,李,大勇,李大勇
士兵0260,士兵,李小武,李,小武,李小武
士兵0261,士兵,李成山,李,成山,李成山
士兵0262,士兵,李成林,李,成林,李成林
士兵0263,士兵,李成河,李,成河,李成河
士兵0264,士兵,李铁生,李,铁生,李铁生
士兵0265,士兵,李长河,李,长河,李长河
士兵0266,士兵,李远山,李,远山,李远山
士兵0267,士兵,李大岭,李,大岭,李大岭
士兵0268,士兵,李春生,李,春生,李春生
士兵0269,士兵,李秋生,李,秋生,李秋生
士兵0270,士兵,李冬生,李,冬生,李冬生
士兵0271,士兵,李福生,李,福生,李福生
士兵0272,士兵,李安生,李,安生,李安生
士兵0273,士兵,李保山,李,保山,李保山
士兵0274,士兵,李保田,李,保田,李保田
士兵0275,士兵,李永安,李,永安,李永安
士兵0276,士兵,李永宁,李,永宁,李永宁
士兵0277,士兵,李大成,李,大成,李大成
士兵0278,士兵,李小成,李,小成,李小成
士兵0279,士兵,李阿勇,李,阿勇,李阿勇
士兵0280,士兵,李阿平,李,阿平,李阿平
士兵0281,士兵,李石生,李,石生,李石生
士兵0282,士兵,李林生,李,林生,李林生
士兵0283,士兵,李河山,李,河山,李河山
士兵0284,士兵,李田生,李,田生,李田生
士兵0285,士兵,李牛生,李,牛生,李牛生
士兵0286,士兵,李马生,李,马生,李马生
士兵0287,士兵,李虎生,李,虎生,李虎生
士兵0288,士兵,李鹿生,李,鹿生,李鹿生
士兵0289,士兵,李禾安,李,禾安,李禾安
士兵0290,士兵,李川安,李,川安,李川安
士兵0291,士兵,李山安,李,山安,李山安
士兵0292,士兵,李林安,李,林安,李林安
士兵0293,士兵,李水生,李,水生,李水生
士兵0294,士兵,李大禾,李,大禾,李大禾
士兵0295,士兵,李小川,李,小川,李小川
士兵0296,士兵,李大石,李,大石,李大石
士兵0297,士兵,李长林,李,长林,李长林
士兵0298,士兵,李春山,李,春山,李春山
士兵0299,士兵,李秋河,李,秋河,李秋河
士兵0300,士兵,李冬川,李,冬川,李冬川
士兵0301,士兵,李兴田,李,兴田,李兴田
士兵0302,士兵,李兴林,李,兴林,李兴林
士兵0303,士兵,李兴河,李,兴河,李兴河
士兵0304,士兵,李成安,李,成安,李成安
士兵0305,士兵,李福山,李,福山,李福山
士兵0306,士兵,李福田,李,福田,李福田
士兵0307,士兵,李福林,李,福林,李福林
士兵0308,士兵,李广山,李,广山,李广山
士兵0309,士兵,李广田,李,广田,李广田
士兵0310,士兵,李广川,李,广川,李广川
士兵0311,士兵,李守义,李,守义,李守义
士兵0312,士兵,李守勇,李,守勇,李守勇
士兵0313,士兵,李守信,李,守信,李守信
士兵0314,士兵,李守诚,李,守诚,李守诚
士兵0315,士兵,李守和,李,守和,李守和
士兵0316,士兵,李守宁,李,守宁,李守宁
士兵0317,士兵,李守远,李,守远,李守远
士兵0318,士兵,李守川,李,守川,李守川
士兵0319,士兵,李守山,李,守山,李守山
士兵0320,士兵,李守林,李,守林,李守林
士兵0321,士兵,周阿山,周,阿山,周阿山
士兵0322,士兵,周阿河,周,阿河,周阿河
士兵0323,士兵,周二石,周,二石,周二石
士兵0324,士兵,周大川,周,大川,周大川
士兵0325,士兵,周小岭,周,小岭,周小岭
士兵0326,士兵,周守田,周,守田,周守田
士兵0327,士兵,周守林,周,守林,周守林
士兵0328,士兵,周守仓,周,守仓,周守仓
士兵0329,士兵,周守桥,周,守桥,周守桥
士兵0330,士兵,周平安,周,平安,周平安
士兵0331,士兵,周长生,周,长生,周长生
士兵0332,士兵,周石头,周,石头,周石头
士兵0333,士兵,周木生,周,木生,周木生
士兵0334,士兵,周禾生,周,禾生,周禾生
士兵0335,士兵,周河生,周,河生,周河生
士兵0336,士兵,周山生,周,山生,周山生
士兵0337,士兵,周田安,周,田安,周田安
士兵0338,士兵,周川平,周,川平,周川平
士兵0339,士兵,周大勇,周,大勇,周大勇
士兵0340,士兵,周小武,周,小武,周小武
士兵0341,士兵,周成山,周,成山,周成山
士兵0342,士兵,周成林,周,成林,周成林
士兵0343,士兵,周成河,周,成河,周成河
士兵0344,士兵,周铁生,周,铁生,周铁生
士兵0345,士兵,周长河,周,长河,周长河
士兵0346,士兵,周远山,周,远山,周远山
士兵0347,士兵,周大岭,周,大岭,周大岭
士兵0348,士兵,周春生,周,春生,周春生
士兵0349,士兵,周秋生,周,秋生,周秋生
士兵0350,士兵,周冬生,周,冬生,周冬生
士兵0351,士兵,周福生,周,福生,周福生
士兵0352,士兵,周安生,周,安生,周安生
士兵0353,士兵,周保山,周,保山,周保山
士兵0354,士兵,周保田,周,保田,周保田
士兵0355,士兵,周永安,周,永安,周永安
士兵0356,士兵,周永宁,周,永宁,周永宁
士兵0357,士兵,周大成,周,大成,周大成
士兵0358,士兵,周小成,周,小成,周小成
士兵0359,士兵,周阿勇,周,阿勇,周阿勇
士兵0360,士兵,周阿平,周,阿平,周阿平
士兵0361,士兵,周石生,周,石生,周石生
士兵0362,士兵,周林生,周,林生,周林生
士兵0363,士兵,周河山,周,河山,周河山
士兵0364,士兵,周田生,周,田生,周田生
士兵0365,士兵,周牛生,周,牛生,周牛生
士兵0366,士兵,周马生,周,马生,周马生
士兵0367,士兵,周虎生,周,虎生,周虎生
士兵0368,士兵,周鹿生,周,鹿生,周鹿生
士兵0369,士兵,周禾安,周,禾安,周禾安
士兵0370,士兵,周川安,周,川安,周川安
士兵0371,士兵,周山安,周,山安,周山安
士兵0372,士兵,周林安,周,林安,周林安
士兵0373,士兵,周水生,周,水生,周水生
士兵0374,士兵,周大禾,周,大禾,周大禾
士兵0375,士兵,周小川,周,小川,周小川
士兵0376,士兵,周大石,周,大石,周大石
士兵0377,士兵,周长林,周,长林,周长林
士兵0378,士兵,周春山,周,春山,周春山
士兵0379,士兵,周秋河,周,秋河,周秋河
士兵0380,士兵,周冬川,周,冬川,周冬川
士兵0381,士兵,周兴田,周,兴田,周兴田
士兵0382,士兵,周兴林,周,兴林,周兴林
士兵0383,士兵,周兴河,周,兴河,周兴河
士兵0384,士兵,周成安,周,成安,周成安
士兵0385,士兵,周福山,周,福山,周福山
士兵0386,士兵,周福田,周,福田,周福田
士兵0387,士兵,周福林,周,福林,周福林
士兵0388,士兵,周广山,周,广山,周广山
士兵0389,士兵,周广田,周,广田,周广田
士兵0390,士兵,周广川,周,广川,周广川
士兵0391,士兵,周守义,周,守义,周守义
士兵0392,士兵,周守勇,周,守勇,周守勇
士兵0393,士兵,周守信,周,守信,周守信
士兵0394,士兵,周守诚,周,守诚,周守诚
士兵0395,士兵,周守和,周,守和,周守和
士兵0396,士兵,周守宁,周,守宁,周守宁
士兵0397,士兵,周守远,周,守远,周守远
士兵0398,士兵,周守川,周,守川,周守川
士兵0399,士兵,周守山,周,守山,周守山
士兵0400,士兵,周守林,周,守林,周守林
士兵0401,士兵,吴阿山,吴,阿山,吴阿山
士兵0402,士兵,吴阿河,吴,阿河,吴阿河
士兵0403,士兵,吴二石,吴,二石,吴二石
士兵0404,士兵,吴大川,吴,大川,吴大川
士兵0405,士兵,吴小岭,吴,小岭,吴小岭
士兵0406,士兵,吴守田,吴,守田,吴守田
士兵0407,士兵,吴守林,吴,守林,吴守林
士兵0408,士兵,吴守仓,吴,守仓,吴守仓
士兵0409,士兵,吴守桥,吴,守桥,吴守桥
士兵0410,士兵,吴平安,吴,平安,吴平安
士兵0411,士兵,吴长生,吴,长生,吴长生
士兵0412,士兵,吴石头,吴,石头,吴石头
士兵0413,士兵,吴木生,吴,木生,吴木生
士兵0414,士兵,吴禾生,吴,禾生,吴禾生
士兵0415,士兵,吴河生,吴,河生,吴河生
士兵0416,士兵,吴山生,吴,山生,吴山生
士兵0417,士兵,吴田安,吴,田安,吴田安
士兵0418,士兵,吴川平,吴,川平,吴川平
士兵0419,士兵,吴大勇,吴,大勇,吴大勇
士兵0420,士兵,吴小武,吴,小武,吴小武
士兵0421,士兵,吴成山,吴,成山,吴成山
士兵0422,士兵,吴成林,吴,成林,吴成林
士兵0423,士兵,吴成河,吴,成河,吴成河
士兵0424,士兵,吴铁生,吴,铁生,吴铁生
士兵0425,士兵,吴长河,吴,长河,吴长河
士兵0426,士兵,吴远山,吴,远山,吴远山
士兵0427,士兵,吴大岭,吴,大岭,吴大岭
士兵0428,士兵,吴春生,吴,春生,吴春生
士兵0429,士兵,吴秋生,吴,秋生,吴秋生
士兵0430,士兵,吴冬生,吴,冬生,吴冬生
士兵0431,士兵,吴福生,吴,福生,吴福生
士兵0432,士兵,吴安生,吴,安生,吴安生
士兵0433,士兵,吴保山,吴,保山,吴保山
士兵0434,士兵,吴保田,吴,保田,吴保田
士兵0435,士兵,吴永安,吴,永安,吴永安
士兵0436,士兵,吴永宁,吴,永宁,吴永宁
士兵0437,士兵,吴大成,吴,大成,吴大成
士兵0438,士兵,吴小成,吴,小成,吴小成
士兵0439,士兵,吴阿勇,吴,阿勇,吴阿勇
士兵0440,士兵,吴阿平,吴,阿平,吴阿平
士兵0441,士兵,吴石生,吴,石生,吴石生
士兵0442,士兵,吴林生,吴,林生,吴林生
士兵0443,士兵,吴河山,吴,河山,吴河山
士兵0444,士兵,吴田生,吴,田生,吴田生
士兵0445,士兵,吴牛生,吴,牛生,吴牛生
士兵0446,士兵,吴马生,吴,马生,吴马生
士兵0447,士兵,吴虎生,吴,虎生,吴虎生
士兵0448,士兵,吴鹿生,吴,鹿生,吴鹿生
士兵0449,士兵,吴禾安,吴,禾安,吴禾安
士兵0450,士兵,吴川安,吴,川安,吴川安
士兵0451,士兵,吴山安,吴,山安,吴山安
士兵0452,士兵,吴林安,吴,林安,吴林安
士兵0453,士兵,吴水生,吴,水生,吴水生
士兵0454,士兵,吴大禾,吴,大禾,吴大禾
士兵0455,士兵,吴小川,吴,小川,吴小川
士兵0456,士兵,吴大石,吴,大石,吴大石
士兵0457,士兵,吴长林,吴,长林,吴长林
士兵0458,士兵,吴春山,吴,春山,吴春山
士兵0459,士兵,吴秋河,吴,秋河,吴秋河
士兵0460,士兵,吴冬川,吴,冬川,吴冬川
士兵0461,士兵,吴兴田,吴,兴田,吴兴田
士兵0462,士兵,吴兴林,吴,兴林,吴兴林
士兵0463,士兵,吴兴河,吴,兴河,吴兴河
士兵0464,士兵,吴成安,吴,成安,吴成安
士兵0465,士兵,吴福山,吴,福山,吴福山
士兵0466,士兵,吴福田,吴,福田,吴福田
士兵0467,士兵,吴福林,吴,福林,吴福林
士兵0468,士兵,吴广山,吴,广山,吴广山
士兵0469,士兵,吴广田,吴,广田,吴广田
士兵0470,士兵,吴广川,吴,广川,吴广川
士兵0471,士兵,吴守义,吴,守义,吴守义
士兵0472,士兵,吴守勇,吴,守勇,吴守勇
士兵0473,士兵,吴守信,吴,守信,吴守信
士兵0474,士兵,吴守诚,吴,守诚,吴守诚
士兵0475,士兵,吴守和,吴,守和,吴守和
士兵0476,士兵,吴守宁,吴,守宁,吴守宁
士兵0477,士兵,吴守远,吴,守远,吴守远
士兵0478,士兵,吴守川,吴,守川,吴守川
士兵0479,士兵,吴守山,吴,守山,吴守山
士兵0480,士兵,吴守林,吴,守林,吴守林
士兵0481,士兵,郑阿山,郑,阿山,郑阿山
士兵0482,士兵,郑阿河,郑,阿河,郑阿河
士兵0483,士兵,郑二石,郑,二石,郑二石
士兵0484,士兵,郑大川,郑,大川,郑大川
士兵0485,士兵,郑小岭,郑,小岭,郑小岭
士兵0486,士兵,郑守田,郑,守田,郑守田
士兵0487,士兵,郑守林,郑,守林,郑守林
士兵0488,士兵,郑守仓,郑,守仓,郑守仓
士兵0489,士兵,郑守桥,郑,守桥,郑守桥
士兵0490,士兵,郑平安,郑,平安,郑平安
士兵0491,士兵,郑长生,郑,长生,郑长生
士兵0492,士兵,郑石头,郑,石头,郑石头
士兵0493,士兵,郑木生,郑,木生,郑木生
士兵0494,士兵,郑禾生,郑,禾生,郑禾生
士兵0495,士兵,郑河生,郑,河生,郑河生
士兵0496,士兵,郑山生,郑,山生,郑山生
士兵0497,士兵,郑田安,郑,田安,郑田安
士兵0498,士兵,郑川平,郑,川平,郑川平
士兵0499,士兵,郑大勇,郑,大勇,郑大勇
士兵0500,士兵,郑小武,郑,小武,郑小武
士兵0501,士兵,郑成山,郑,成山,郑成山
士兵0502,士兵,郑成林,郑,成林,郑成林
士兵0503,士兵,郑成河,郑,成河,郑成河
士兵0504,士兵,郑铁生,郑,铁生,郑铁生
士兵0505,士兵,郑长河,郑,长河,郑长河
士兵0506,士兵,郑远山,郑,远山,郑远山
士兵0507,士兵,郑大岭,郑,大岭,郑大岭
士兵0508,士兵,郑春生,郑,春生,郑春生
士兵0509,士兵,郑秋生,郑,秋生,郑秋生
士兵0510,士兵,郑冬生,郑,冬生,郑冬生
士兵0511,士兵,郑福生,郑,福生,郑福生
士兵0512,士兵,郑安生,郑,安生,郑安生
士兵0513,士兵,郑保山,郑,保山,郑保山
士兵0514,士兵,郑保田,郑,保田,郑保田
士兵0515,士兵,郑永安,郑,永安,郑永安
士兵0516,士兵,郑永宁,郑,永宁,郑永宁
士兵0517,士兵,郑大成,郑,大成,郑大成
士兵0518,士兵,郑小成,郑,小成,郑小成
士兵0519,士兵,郑阿勇,郑,阿勇,郑阿勇
士兵0520,士兵,郑阿平,郑,阿平,郑阿平
士兵0521,士兵,郑石生,郑,石生,郑石生
士兵0522,士兵,郑林生,郑,林生,郑林生
士兵0523,士兵,郑河山,郑,河山,郑河山
士兵0524,士兵,郑田生,郑,田生,郑田生
士兵0525,士兵,郑牛生,郑,牛生,郑牛生
士兵0526,士兵,郑马生,郑,马生,郑马生
士兵0527,士兵,郑虎生,郑,虎生,郑虎生
士兵0528,士兵,郑鹿生,郑,鹿生,郑鹿生
士兵0529,士兵,郑禾安,郑,禾安,郑禾安
士兵0530,士兵,郑川安,郑,川安,郑川安
士兵0531,士兵,郑山安,郑,山安,郑山安
士兵0532,士兵,郑林安,郑,林安,郑林安
士兵0533,士兵,郑水生,郑,水生,郑水生
士兵0534,士兵,郑大禾,郑,大禾,郑大禾
士兵0535,士兵,郑小川,郑,小川,郑小川
士兵0536,士兵,郑大石,郑,大石,郑大石
士兵0537,士兵,郑长林,郑,长林,郑长林
士兵0538,士兵,郑春山,郑,春山,郑春山
士兵0539,士兵,郑秋河,郑,秋河,郑秋河
士兵0540,士兵,郑冬川,郑,冬川,郑冬川
士兵0541,士兵,郑兴田,郑,兴田,郑兴田
士兵0542,士兵,郑兴林,郑,兴林,郑兴林
士兵0543,士兵,郑兴河,郑,兴河,郑兴河
士兵0544,士兵,郑成安,郑,成安,郑成安
士兵0545,士兵,郑福山,郑,福山,郑福山
士兵0546,士兵,郑福田,郑,福田,郑福田
士兵0547,士兵,郑福林,郑,福林,郑福林
士兵0548,士兵,郑广山,郑,广山,郑广山
士兵0549,士兵,郑广田,郑,广田,郑广田
士兵0550,士兵,郑广川,郑,广川,郑广川
士兵0551,士兵,郑守义,郑,守义,郑守义
士兵0552,士兵,郑守勇,郑,守勇,郑守勇
士兵0553,士兵,郑守信,郑,守信,郑守信
士兵0554,士兵,郑守诚,郑,守诚,郑守诚
士兵0555,士兵,郑守和,郑,守和,郑守和
士兵0556,士兵,郑守宁,郑,守宁,郑守宁
士兵0557,士兵,郑守远,郑,守远,郑守远
士兵0558,士兵,郑守川,郑,守川,郑守川
士兵0559,士兵,郑守山,郑,守山,郑守山
士兵0560,士兵,郑守林,郑,守林,郑守林
士兵0561,士兵,王阿山,王,阿山,王阿山
士兵0562,士兵,王阿河,王,阿河,王阿河
士兵0563,士兵,王二石,王,二石,王二石
士兵0564,士兵,王大川,王,大川,王大川
士兵0565,士兵,王小岭,王,小岭,王小岭
士兵0566,士兵,王守田,王,守田,王守田
士兵0567,士兵,王守林,王,守林,王守林
士兵0568,士兵,王守仓,王,守仓,王守仓
士兵0569,士兵,王守桥,王,守桥,王守桥
士兵0570,士兵,王平安,王,平安,王平安
士兵0571,士兵,王长生,王,长生,王长生
士兵0572,士兵,王石头,王,石头,王石头
士兵0573,士兵,王木生,王,木生,王木生
士兵0574,士兵,王禾生,王,禾生,王禾生
士兵0575,士兵,王河生,王,河生,王河生
士兵0576,士兵,王山生,王,山生,王山生
士兵0577,士兵,王田安,王,田安,王田安
士兵0578,士兵,王川平,王,川平,王川平
士兵0579,士兵,王大勇,王,大勇,王大勇
士兵0580,士兵,王小武,王,小武,王小武
士兵0581,士兵,王成山,王,成山,王成山
士兵0582,士兵,王成林,王,成林,王成林
士兵0583,士兵,王成河,王,成河,王成河
士兵0584,士兵,王铁生,王,铁生,王铁生
士兵0585,士兵,王长河,王,长河,王长河
士兵0586,士兵,王远山,王,远山,王远山
士兵0587,士兵,王大岭,王,大岭,王大岭
士兵0588,士兵,王春生,王,春生,王春生
士兵0589,士兵,王秋生,王,秋生,王秋生
士兵0590,士兵,王冬生,王,冬生,王冬生
士兵0591,士兵,王福生,王,福生,王福生
士兵0592,士兵,王安生,王,安生,王安生
士兵0593,士兵,王保山,王,保山,王保山
士兵0594,士兵,王保田,王,保田,王保田
士兵0595,士兵,王永安,王,永安,王永安
士兵0596,士兵,王永宁,王,永宁,王永宁
士兵0597,士兵,王大成,王,大成,王大成
士兵0598,士兵,王小成,王,小成,王小成
士兵0599,士兵,王阿勇,王,阿勇,王阿勇
士兵0600,士兵,王阿平,王,阿平,王阿平
士兵0601,士兵,王石生,王,石生,王石生
士兵0602,士兵,王林生,王,林生,王林生
士兵0603,士兵,王河山,王,河山,王河山
士兵0604,士兵,王田生,王,田生,王田生
士兵0605,士兵,王牛生,王,牛生,王牛生
士兵0606,士兵,王马生,王,马生,王马生
士兵0607,士兵,王虎生,王,虎生,王虎生
士兵0608,士兵,王鹿生,王,鹿生,王鹿生
士兵0609,士兵,王禾安,王,禾安,王禾安
士兵0610,士兵,王川安,王,川安,王川安
士兵0611,士兵,王山安,王,山安,王山安
士兵0612,士兵,王林安,王,林安,王林安
士兵0613,士兵,王水生,王,水生,王水生
士兵0614,士兵,王大禾,王,大禾,王大禾
士兵0615,士兵,王小川,王,小川,王小川
士兵0616,士兵,王大石,王,大石,王大石
士兵0617,士兵,王长林,王,长林,王长林
士兵0618,士兵,王春山,王,春山,王春山
士兵0619,士兵,王秋河,王,秋河,王秋河
士兵0620,士兵,王冬川,王,冬川,王冬川
士兵0621,士兵,王兴田,王,兴田,王兴田
士兵0622,士兵,王兴林,王,兴林,王兴林
士兵0623,士兵,王兴河,王,兴河,王兴河
士兵0624,士兵,王成安,王,成安,王成安
士兵0625,士兵,王福山,王,福山,王福山
士兵0626,士兵,王福田,王,福田,王福田
士兵0627,士兵,王福林,王,福林,王福林
士兵0628,士兵,王广山,王,广山,王广山
士兵0629,士兵,王广田,王,广田,王广田
士兵0630,士兵,王广川,王,广川,王广川
士兵0631,士兵,王守义,王,守义,王守义
士兵0632,士兵,王守勇,王,守勇,王守勇
士兵0633,士兵,王守信,王,守信,王守信
士兵0634,士兵,王守诚,王,守诚,王守诚
士兵0635,士兵,王守和,王,守和,王守和
士兵0636,士兵,王守宁,王,守宁,王守宁
士兵0637,士兵,王守远,王,守远,王守远
士兵0638,士兵,王守川,王,守川,王守川
士兵0639,士兵,王守山,王,守山,王守山
士兵0640,士兵,王守林,王,守林,王守林
士兵0641,士兵,冯阿山,冯,阿山,冯阿山
士兵0642,士兵,冯阿河,冯,阿河,冯阿河
士兵0643,士兵,冯二石,冯,二石,冯二石
士兵0644,士兵,冯大川,冯,大川,冯大川
士兵0645,士兵,冯小岭,冯,小岭,冯小岭
士兵0646,士兵,冯守田,冯,守田,冯守田
士兵0647,士兵,冯守林,冯,守林,冯守林
士兵0648,士兵,冯守仓,冯,守仓,冯守仓
士兵0649,士兵,冯守桥,冯,守桥,冯守桥
士兵0650,士兵,冯平安,冯,平安,冯平安
士兵0651,士兵,冯长生,冯,长生,冯长生
士兵0652,士兵,冯石头,冯,石头,冯石头
士兵0653,士兵,冯木生,冯,木生,冯木生
士兵0654,士兵,冯禾生,冯,禾生,冯禾生
士兵0655,士兵,冯河生,冯,河生,冯河生
士兵0656,士兵,冯山生,冯,山生,冯山生
士兵0657,士兵,冯田安,冯,田安,冯田安
士兵0658,士兵,冯川平,冯,川平,冯川平
士兵0659,士兵,冯大勇,冯,大勇,冯大勇
士兵0660,士兵,冯小武,冯,小武,冯小武
士兵0661,士兵,冯成山,冯,成山,冯成山
士兵0662,士兵,冯成林,冯,成林,冯成林
士兵0663,士兵,冯成河,冯,成河,冯成河
士兵0664,士兵,冯铁生,冯,铁生,冯铁生
士兵0665,士兵,冯长河,冯,长河,冯长河
士兵0666,士兵,冯远山,冯,远山,冯远山
士兵0667,士兵,冯大岭,冯,大岭,冯大岭
士兵0668,士兵,冯春生,冯,春生,冯春生
士兵0669,士兵,冯秋生,冯,秋生,冯秋生
士兵0670,士兵,冯冬生,冯,冬生,冯冬生
士兵0671,士兵,冯福生,冯,福生,冯福生
士兵0672,士兵,冯安生,冯,安生,冯安生
士兵0673,士兵,冯保山,冯,保山,冯保山
士兵0674,士兵,冯保田,冯,保田,冯保田
士兵0675,士兵,冯永安,冯,永安,冯永安
士兵0676,士兵,冯永宁,冯,永宁,冯永宁
士兵0677,士兵,冯大成,冯,大成,冯大成
士兵0678,士兵,冯小成,冯,小成,冯小成
士兵0679,士兵,冯阿勇,冯,阿勇,冯阿勇
士兵0680,士兵,冯阿平,冯,阿平,冯阿平
士兵0681,士兵,冯石生,冯,石生,冯石生
士兵0682,士兵,冯林生,冯,林生,冯林生
士兵0683,士兵,冯河山,冯,河山,冯河山
士兵0684,士兵,冯田生,冯,田生,冯田生
士兵0685,士兵,冯牛生,冯,牛生,冯牛生
士兵0686,士兵,冯马生,冯,马生,冯马生
士兵0687,士兵,冯虎生,冯,虎生,冯虎生
士兵0688,士兵,冯鹿生,冯,鹿生,冯鹿生
士兵0689,士兵,冯禾安,冯,禾安,冯禾安
士兵0690,士兵,冯川安,冯,川安,冯川安
士兵0691,士兵,冯山安,冯,山安,冯山安
士兵0692,士兵,冯林安,冯,林安,冯林安
士兵0693,士兵,冯水生,冯,水生,冯水生
士兵0694,士兵,冯大禾,冯,大禾,冯大禾
士兵0695,士兵,冯小川,冯,小川,冯小川
士兵0696,士兵,冯大石,冯,大石,冯大石
士兵0697,士兵,冯长林,冯,长林,冯长林
士兵0698,士兵,冯春山,冯,春山,冯春山
士兵0699,士兵,冯秋河,冯,秋河,冯秋河
士兵0700,士兵,冯冬川,冯,冬川,冯冬川
士兵0701,士兵,冯兴田,冯,兴田,冯兴田
士兵0702,士兵,冯兴林,冯,兴林,冯兴林
士兵0703,士兵,冯兴河,冯,兴河,冯兴河
士兵0704,士兵,冯成安,冯,成安,冯成安
士兵0705,士兵,冯福山,冯,福山,冯福山
士兵0706,士兵,冯福田,冯,福田,冯福田
士兵0707,士兵,冯福林,冯,福林,冯福林
士兵0708,士兵,冯广山,冯,广山,冯广山
士兵0709,士兵,冯广田,冯,广田,冯广田
士兵0710,士兵,冯广川,冯,广川,冯广川
士兵0711,士兵,冯守义,冯,守义,冯守义
士兵0712,士兵,冯守勇,冯,守勇,冯守勇
士兵0713,士兵,冯守信,冯,守信,冯守信
士兵0714,士兵,冯守诚,冯,守诚,冯守诚
士兵0715,士兵,冯守和,冯,守和,冯守和
士兵0716,士兵,冯守宁,冯,守宁,冯守宁
士兵0717,士兵,冯守远,冯,守远,冯守远
士兵0718,士兵,冯守川,冯,守川,冯守川
士兵0719,士兵,冯守山,冯,守山,冯守山
士兵0720,士兵,冯守林,冯,守林,冯守林
士兵0721,士兵,陈阿山,陈,阿山,陈阿山
士兵0722,士兵,陈阿河,陈,阿河,陈阿河
士兵0723,士兵,陈二石,陈,二石,陈二石
士兵0724,士兵,陈大川,陈,大川,陈大川
士兵0725,士兵,陈小岭,陈,小岭,陈小岭
士兵0726,士兵,陈守田,陈,守田,陈守田
士兵0727,士兵,陈守林,陈,守林,陈守林
士兵0728,士兵,陈守仓,陈,守仓,陈守仓
士兵0729,士兵,陈守桥,陈,守桥,陈守桥
士兵0730,士兵,陈平安,陈,平安,陈平安
士兵0731,士兵,陈长生,陈,长生,陈长生
士兵0732,士兵,陈石头,陈,石头,陈石头
士兵0733,士兵,陈木生,陈,木生,陈木生
士兵0734,士兵,陈禾生,陈,禾生,陈禾生
士兵0735,士兵,陈河生,陈,河生,陈河生
士兵0736,士兵,陈山生,陈,山生,陈山生
士兵0737,士兵,陈田安,陈,田安,陈田安
士兵0738,士兵,陈川平,陈,川平,陈川平
士兵0739,士兵,陈大勇,陈,大勇,陈大勇
士兵0740,士兵,陈小武,陈,小武,陈小武
士兵0741,士兵,陈成山,陈,成山,陈成山
士兵0742,士兵,陈成林,陈,成林,陈成林
士兵0743,士兵,陈成河,陈,成河,陈成河
士兵0744,士兵,陈铁生,陈,铁生,陈铁生
士兵0745,士兵,陈长河,陈,长河,陈长河
士兵0746,士兵,陈远山,陈,远山,陈远山
士兵0747,士兵,陈大岭,陈,大岭,陈大岭
士兵0748,士兵,陈春生,陈,春生,陈春生
士兵0749,士兵,陈秋生,陈,秋生,陈秋生
士兵0750,士兵,陈冬生,陈,冬生,陈冬生
士兵0751,士兵,陈福生,陈,福生,陈福生
士兵0752,士兵,陈安生,陈,安生,陈安生
士兵0753,士兵,陈保山,陈,保山,陈保山
士兵0754,士兵,陈保田,陈,保田,陈保田
士兵0755,士兵,陈永安,陈,永安,陈永安
士兵0756,士兵,陈永宁,陈,永宁,陈永宁
士兵0757,士兵,陈大成,陈,大成,陈大成
士兵0758,士兵,陈小成,陈,小成,陈小成
士兵0759,士兵,陈阿勇,陈,阿勇,陈阿勇
士兵0760,士兵,陈阿平,陈,阿平,陈阿平
士兵0761,士兵,陈石生,陈,石生,陈石生
士兵0762,士兵,陈林生,陈,林生,陈林生
士兵0763,士兵,陈河山,陈,河山,陈河山
士兵0764,士兵,陈田生,陈,田生,陈田生
士兵0765,士兵,陈牛生,陈,牛生,陈牛生
士兵0766,士兵,陈马生,陈,马生,陈马生
士兵0767,士兵,陈虎生,陈,虎生,陈虎生
士兵0768,士兵,陈鹿生,陈,鹿生,陈鹿生
士兵0769,士兵,陈禾安,陈,禾安,陈禾安
士兵0770,士兵,陈川安,陈,川安,陈川安
士兵0771,士兵,陈山安,陈,山安,陈山安
士兵0772,士兵,陈林安,陈,林安,陈林安
士兵0773,士兵,陈水生,陈,水生,陈水生
士兵0774,士兵,陈大禾,陈,大禾,陈大禾
士兵0775,士兵,陈小川,陈,小川,陈小川
士兵0776,士兵,陈大石,陈,大石,陈大石
士兵0777,士兵,陈长林,陈,长林,陈长林
士兵0778,士兵,陈春山,陈,春山,陈春山
士兵0779,士兵,陈秋河,陈,秋河,陈秋河
士兵0780,士兵,陈冬川,陈,冬川,陈冬川
士兵0781,士兵,陈兴田,陈,兴田,陈兴田
士兵0782,士兵,陈兴林,陈,兴林,陈兴林
士兵0783,士兵,陈兴河,陈,兴河,陈兴河
士兵0784,士兵,陈成安,陈,成安,陈成安
士兵0785,士兵,陈福山,陈,福山,陈福山
士兵0786,士兵,陈福田,陈,福田,陈福田
士兵0787,士兵,陈福林,陈,福林,陈福林
士兵0788,士兵,陈广山,陈,广山,陈广山
士兵0789,士兵,陈广田,陈,广田,陈广田
士兵0790,士兵,陈广川,陈,广川,陈广川
士兵0791,士兵,陈守义,陈,守义,陈守义
士兵0792,士兵,陈守勇,陈,守勇,陈守勇
士兵0793,士兵,陈守信,陈,守信,陈守信
士兵0794,士兵,陈守诚,陈,守诚,陈守诚
士兵0795,士兵,陈守和,陈,守和,陈守和
士兵0796,士兵,陈守宁,陈,守宁,陈守宁
士兵0797,士兵,陈守远,陈,守远,陈守远
士兵0798,士兵,陈守川,陈,守川,陈守川
士兵0799,士兵,陈守山,陈,守山,陈守山
士兵0800,士兵,陈守林,陈,守林,陈守林
士兵0801,士兵,褚阿山,褚,阿山,褚阿山
士兵0802,士兵,褚阿河,褚,阿河,褚阿河
士兵0803,士兵,褚二石,褚,二石,褚二石
士兵0804,士兵,褚大川,褚,大川,褚大川
士兵0805,士兵,褚小岭,褚,小岭,褚小岭
士兵0806,士兵,褚守田,褚,守田,褚守田
士兵0807,士兵,褚守林,褚,守林,褚守林
士兵0808,士兵,褚守仓,褚,守仓,褚守仓
士兵0809,士兵,褚守桥,褚,守桥,褚守桥
士兵0810,士兵,褚平安,褚,平安,褚平安
士兵0811,士兵,褚长生,褚,长生,褚长生
士兵0812,士兵,褚石头,褚,石头,褚石头
士兵0813,士兵,褚木生,褚,木生,褚木生
士兵0814,士兵,褚禾生,褚,禾生,褚禾生
士兵0815,士兵,褚河生,褚,河生,褚河生
士兵0816,士兵,褚山生,褚,山生,褚山生
士兵0817,士兵,褚田安,褚,田安,褚田安
士兵0818,士兵,褚川平,褚,川平,褚川平
士兵0819,士兵,褚大勇,褚,大勇,褚大勇
士兵0820,士兵,褚小武,褚,小武,褚小武
士兵0821,士兵,褚成山,褚,成山,褚成山
士兵0822,士兵,褚成林,褚,成林,褚成林
士兵0823,士兵,褚成河,褚,成河,褚成河
士兵0824,士兵,褚铁生,褚,铁生,褚铁生
士兵0825,士兵,褚长河,褚,长河,褚长河
士兵0826,士兵,褚远山,褚,远山,褚远山
士兵0827,士兵,褚大岭,褚,大岭,褚大岭
士兵0828,士兵,褚春生,褚,春生,褚春生
士兵0829,士兵,褚秋生,褚,秋生,褚秋生
士兵0830,士兵,褚冬生,褚,冬生,褚冬生
士兵0831,士兵,褚福生,褚,福生,褚福生
士兵0832,士兵,褚安生,褚,安生,褚安生
士兵0833,士兵,褚保山,褚,保山,褚保山
士兵0834,士兵,褚保田,褚,保田,褚保田
士兵0835,士兵,褚永安,褚,永安,褚永安
士兵0836,士兵,褚永宁,褚,永宁,褚永宁
士兵0837,士兵,褚大成,褚,大成,褚大成
士兵0838,士兵,褚小成,褚,小成,褚小成
士兵0839,士兵,褚阿勇,褚,阿勇,褚阿勇
士兵0840,士兵,褚阿平,褚,阿平,褚阿平
士兵0841,士兵,褚石生,褚,石生,褚石生
士兵0842,士兵,褚林生,褚,林生,褚林生
士兵0843,士兵,褚河山,褚,河山,褚河山
士兵0844,士兵,褚田生,褚,田生,褚田生
士兵0845,士兵,褚牛生,褚,牛生,褚牛生
士兵0846,士兵,褚马生,褚,马生,褚马生
士兵0847,士兵,褚虎生,褚,虎生,褚虎生
士兵0848,士兵,褚鹿生,褚,鹿生,褚鹿生
士兵0849,士兵,褚禾安,褚,禾安,褚禾安
士兵0850,士兵,褚川安,褚,川安,褚川安
士兵0851,士兵,褚山安,褚,山安,褚山安
士兵0852,士兵,褚林安,褚,林安,褚林安
士兵0853,士兵,褚水生,褚,水生,褚水生
士兵0854,士兵,褚大禾,褚,大禾,褚大禾
士兵0855,士兵,褚小川,褚,小川,褚小川
士兵0856,士兵,褚大石,褚,大石,褚大石
士兵0857,士兵,褚长林,褚,长林,褚长林
士兵0858,士兵,褚春山,褚,春山,褚春山
士兵0859,士兵,褚秋河,褚,秋河,褚秋河
士兵0860,士兵,褚冬川,褚,冬川,褚冬川
士兵0861,士兵,褚兴田,褚,兴田,褚兴田
士兵0862,士兵,褚兴林,褚,兴林,褚兴林
士兵0863,士兵,褚兴河,褚,兴河,褚兴河
士兵0864,士兵,褚成安,褚,成安,褚成安
士兵0865,士兵,褚福山,褚,福山,褚福山
士兵0866,士兵,褚福田,褚,福田,褚福田
士兵0867,士兵,褚福林,褚,福林,褚福林
士兵0868,士兵,褚广山,褚,广山,褚广山
士兵0869,士兵,褚广田,褚,广田,褚广田
士兵0870,士兵,褚广川,褚,广川,褚广川
士兵0871,士兵,褚守义,褚,守义,褚守义
士兵0872,士兵,褚守勇,褚,守勇,褚守勇
士兵0873,士兵,褚守信,褚,守信,褚守信
士兵0874,士兵,褚守诚,褚,守诚,褚守诚
士兵0875,士兵,褚守和,褚,守和,褚守和
士兵0876,士兵,褚守宁,褚,守宁,褚守宁
士兵0877,士兵,褚守远,褚,守远,褚守远
士兵0878,士兵,褚守川,褚,守川,褚守川
士兵0879,士兵,褚守山,褚,守山,褚守山
士兵0880,士兵,褚守林,褚,守林,褚守林
士兵0881,士兵,卫阿山,卫,阿山,卫阿山
士兵0882,士兵,卫阿河,卫,阿河,卫阿河
士兵0883,士兵,卫二石,卫,二石,卫二石
士兵0884,士兵,卫大川,卫,大川,卫大川
士兵0885,士兵,卫小岭,卫,小岭,卫小岭
士兵0886,士兵,卫守田,卫,守田,卫守田
士兵0887,士兵,卫守林,卫,守林,卫守林
士兵0888,士兵,卫守仓,卫,守仓,卫守仓
士兵0889,士兵,卫守桥,卫,守桥,卫守桥
士兵0890,士兵,卫平安,卫,平安,卫平安
士兵0891,士兵,卫长生,卫,长生,卫长生
士兵0892,士兵,卫石头,卫,石头,卫石头
士兵0893,士兵,卫木生,卫,木生,卫木生
士兵0894,士兵,卫禾生,卫,禾生,卫禾生
士兵0895,士兵,卫河生,卫,河生,卫河生
士兵0896,士兵,卫山生,卫,山生,卫山生
士兵0897,士兵,卫田安,卫,田安,卫田安
士兵0898,士兵,卫川平,卫,川平,卫川平
士兵0899,士兵,卫大勇,卫,大勇,卫大勇
士兵0900,士兵,卫小武,卫,小武,卫小武
士兵0901,士兵,卫成山,卫,成山,卫成山
士兵0902,士兵,卫成林,卫,成林,卫成林
士兵0903,士兵,卫成河,卫,成河,卫成河
士兵0904,士兵,卫铁生,卫,铁生,卫铁生
士兵0905,士兵,卫长河,卫,长河,卫长河
士兵0906,士兵,卫远山,卫,远山,卫远山
士兵0907,士兵,卫大岭,卫,大岭,卫大岭
士兵0908,士兵,卫春生,卫,春生,卫春生
士兵0909,士兵,卫秋生,卫,秋生,卫秋生
士兵0910,士兵,卫冬生,卫,冬生,卫冬生
士兵0911,士兵,卫福生,卫,福生,卫福生
士兵0912,士兵,卫安生,卫,安生,卫安生
士兵0913,士兵,卫保山,卫,保山,卫保山
士兵0914,士兵,卫保田,卫,保田,卫保田
士兵0915,士兵,卫永安,卫,永安,卫永安
士兵0916,士兵,卫永宁,卫,永宁,卫永宁
士兵0917,士兵,卫大成,卫,大成,卫大成
士兵0918,士兵,卫小成,卫,小成,卫小成
士兵0919,士兵,卫阿勇,卫,阿勇,卫阿勇
士兵0920,士兵,卫阿平,卫,阿平,卫阿平
士兵0921,士兵,卫石生,卫,石生,卫石生
士兵0922,士兵,卫林生,卫,林生,卫林生
士兵0923,士兵,卫河山,卫,河山,卫河山
士兵0924,士兵,卫田生,卫,田生,卫田生
士兵0925,士兵,卫牛生,卫,牛生,卫牛生
士兵0926,士兵,卫马生,卫,马生,卫马生
士兵0927,士兵,卫虎生,卫,虎生,卫虎生
士兵0928,士兵,卫鹿生,卫,鹿生,卫鹿生
士兵0929,士兵,卫禾安,卫,禾安,卫禾安
士兵0930,士兵,卫川安,卫,川安,卫川安
士兵0931,士兵,卫山安,卫,山安,卫山安
士兵0932,士兵,卫林安,卫,林安,卫林安
士兵0933,士兵,卫水生,卫,水生,卫水生
士兵0934,士兵,卫大禾,卫,大禾,卫大禾
士兵0935,士兵,卫小川,卫,小川,卫小川
士兵0936,士兵,卫大石,卫,大石,卫大石
士兵0937,士兵,卫长林,卫,长林,卫长林
士兵0938,士兵,卫春山,卫,春山,卫春山
士兵0939,士兵,卫秋河,卫,秋河,卫秋河
士兵0940,士兵,卫冬川,卫,冬川,卫冬川
士兵0941,士兵,卫兴田,卫,兴田,卫兴田
士兵0942,士兵,卫兴林,卫,兴林,卫兴林
士兵0943,士兵,卫兴河,卫,兴河,卫兴河
士兵0944,士兵,卫成安,卫,成安,卫成安
士兵0945,士兵,卫福山,卫,福山,卫福山
士兵0946,士兵,卫福田,卫,福田,卫福田
士兵0947,士兵,卫福林,卫,福林,卫福林
士兵0948,士兵,卫广山,卫,广山,卫广山
士兵0949,士兵,卫广田,卫,广田,卫广田
士兵0950,士兵,卫广川,卫,广川,卫广川
士兵0951,士兵,卫守义,卫,守义,卫守义
士兵0952,士兵,卫守勇,卫,守勇,卫守勇
士兵0953,士兵,卫守信,卫,守信,卫守信
士兵0954,士兵,卫守诚,卫,守诚,卫守诚
士兵0955,士兵,卫守和,卫,守和,卫守和
士兵0956,士兵,卫守宁,卫,守宁,卫守宁
士兵0957,士兵,卫守远,卫,守远,卫守远
士兵0958,士兵,卫守川,卫,守川,卫守川
士兵0959,士兵,卫守山,卫,守山,卫守山
士兵0960,士兵,卫守林,卫,守林,卫守林
士兵0961,士兵,蒋阿山,蒋,阿山,蒋阿山
士兵0962,士兵,蒋阿河,蒋,阿河,蒋阿河
士兵0963,士兵,蒋二石,蒋,二石,蒋二石
士兵0964,士兵,蒋大川,蒋,大川,蒋大川
士兵0965,士兵,蒋小岭,蒋,小岭,蒋小岭
士兵0966,士兵,蒋守田,蒋,守田,蒋守田
士兵0967,士兵,蒋守林,蒋,守林,蒋守林
士兵0968,士兵,蒋守仓,蒋,守仓,蒋守仓
士兵0969,士兵,蒋守桥,蒋,守桥,蒋守桥
士兵0970,士兵,蒋平安,蒋,平安,蒋平安
士兵0971,士兵,蒋长生,蒋,长生,蒋长生
士兵0972,士兵,蒋石头,蒋,石头,蒋石头
士兵0973,士兵,蒋木生,蒋,木生,蒋木生
士兵0974,士兵,蒋禾生,蒋,禾生,蒋禾生
士兵0975,士兵,蒋河生,蒋,河生,蒋河生
士兵0976,士兵,蒋山生,蒋,山生,蒋山生
士兵0977,士兵,蒋田安,蒋,田安,蒋田安
士兵0978,士兵,蒋川平,蒋,川平,蒋川平
士兵0979,士兵,蒋大勇,蒋,大勇,蒋大勇
士兵0980,士兵,蒋小武,蒋,小武,蒋小武
士兵0981,士兵,蒋成山,蒋,成山,蒋成山
士兵0982,士兵,蒋成林,蒋,成林,蒋成林
士兵0983,士兵,蒋成河,蒋,成河,蒋成河
士兵0984,士兵,蒋铁生,蒋,铁生,蒋铁生
士兵0985,士兵,蒋长河,蒋,长河,蒋长河
士兵0986,士兵,蒋远山,蒋,远山,蒋远山
士兵0987,士兵,蒋大岭,蒋,大岭,蒋大岭
士兵0988,士兵,蒋春生,蒋,春生,蒋春生
士兵0989,士兵,蒋秋生,蒋,秋生,蒋秋生
士兵0990,士兵,蒋冬生,蒋,冬生,蒋冬生
士兵0991,士兵,蒋福生,蒋,福生,蒋福生
士兵0992,士兵,蒋安生,蒋,安生,蒋安生
士兵0993,士兵,蒋保山,蒋,保山,蒋保山
士兵0994,士兵,蒋保田,蒋,保田,蒋保田
士兵0995,士兵,蒋永安,蒋,永安,蒋永安
士兵0996,士兵,蒋永宁,蒋,永宁,蒋永宁
士兵0997,士兵,蒋大成,蒋,大成,蒋大成
士兵0998,士兵,蒋小成,蒋,小成,蒋小成
士兵0999,士兵,蒋阿勇,蒋,阿勇,蒋阿勇
士兵1000,士兵,蒋阿平,蒋,阿平,蒋阿平
