ID,人物特性,类别,适用身份,主要影响,效果说明,可变化性,UI,具体效果
PT001,沉稳,性格,所有人物,工作效率,该特性通过性格维度改变人物长期行为与选择，不直接作为固定战斗力加成。,部分性格长期稳定；财富、健康、声望和政治倾向可因经历缓慢改变,人物详情→特性；显示来源、当前影响、最近触发事件,压力下决策波动-8%
PT002,急躁,性格,所有人物,财富与消费,该特性通过性格维度改变人物长期行为与选择，不直接作为固定战斗力加成。,部分性格长期稳定；财富、健康、声望和政治倾向可因经历缓慢改变,人物详情→特性；显示来源、当前影响、最近触发事件,冲动行为+10%
PT003,果决,性格,所有人物,忠诚/反叛,该特性通过性格维度改变人物长期行为与选择，不直接作为固定战斗力加成。,部分性格长期稳定；财富、健康、声望和政治倾向可因经历缓慢改变,人物详情→特性；显示来源、当前影响、最近触发事件,关键选择执行更快
PT004,谨慎,性格,所有人物,职位申请,该特性通过性格维度改变人物长期行为与选择，不直接作为固定战斗力加成。,部分性格长期稳定；财富、健康、声望和政治倾向可因经历缓慢改变,人物详情→特性；显示来源、当前影响、最近触发事件,风险偏好-10%
PT005,刚烈,性格,所有人物,成长速度,该特性通过性格维度改变人物长期行为与选择，不直接作为固定战斗力加成。,部分性格长期稳定；财富、健康、声望和政治倾向可因经历缓慢改变,人物详情→特性；显示来源、当前影响、最近触发事件,被冒犯后记仇更久
PT006,宽厚,性格,所有人物,健康/生存,该特性通过性格维度改变人物长期行为与选择，不直接作为固定战斗力加成。,部分性格长期稳定；财富、健康、声望和政治倾向可因经历缓慢改变,人物详情→特性；显示来源、当前影响、最近触发事件,邻里/部下关系+8%
PT007,严苛,性格,所有人物,社交/家族,该特性通过性格维度改变人物长期行为与选择，不直接作为固定战斗力加成。,部分性格长期稳定；财富、健康、声望和政治倾向可因经历缓慢改变,人物详情→特性；显示来源、当前影响、最近触发事件,管理效率+5%但满意度-5%
PT008,圆融,性格,所有人物,政策态度,该特性通过性格维度改变人物长期行为与选择，不直接作为固定战斗力加成。,部分性格长期稳定；财富、健康、声望和政治倾向可因经历缓慢改变,人物详情→特性；显示来源、当前影响、最近触发事件,协商成功+8%
PT009,寡言,性格,所有人物,工作效率,该特性通过性格维度改变人物长期行为与选择，不直接作为固定战斗力加成。,部分性格长期稳定；财富、健康、声望和政治倾向可因经历缓慢改变,人物详情→特性；显示来源、当前影响、最近触发事件,社交频率-20%
PT010,健谈,性格,所有人物,财富与消费,该特性通过性格维度改变人物长期行为与选择，不直接作为固定战斗力加成。,部分性格长期稳定；财富、健康、声望和政治倾向可因经历缓慢改变,人物详情→特性；显示来源、当前影响、最近触发事件,信息传播与人脉+8%
PT011,念旧,忠诚,所有人物,忠诚/反叛,该特性通过忠诚维度改变人物长期行为与选择，不直接作为固定战斗力加成。,部分性格长期稳定；财富、健康、声望和政治倾向可因经历缓慢改变,人物详情→特性；显示来源、当前影响、最近触发事件,长期服务忠诚衰减-8%
PT012,守诺,忠诚,所有人物,职位申请,该特性通过忠诚维度改变人物长期行为与选择，不直接作为固定战斗力加成。,部分性格长期稳定；财富、健康、声望和政治倾向可因经历缓慢改变,人物详情→特性；显示来源、当前影响、最近触发事件,违约概率-12%
PT013,重义,忠诚,所有人物,成长速度,该特性通过忠诚维度改变人物长期行为与选择，不直接作为固定战斗力加成。,部分性格长期稳定；财富、健康、声望和政治倾向可因经历缓慢改变,人物详情→特性；显示来源、当前影响、最近触发事件,同袍/家族忠诚+8%
PT014,趋利,忠诚,所有人物,健康/生存,该特性通过忠诚维度改变人物长期行为与选择，不直接作为固定战斗力加成。,部分性格长期稳定；财富、健康、声望和政治倾向可因经历缓慢改变,人物详情→特性；显示来源、当前影响、最近触发事件,收入下降时忠诚更易变化
PT015,畏威,忠诚,所有人物,社交/家族,该特性通过忠诚维度改变人物长期行为与选择，不直接作为固定战斗力加成。,部分性格长期稳定；财富、健康、声望和政治倾向可因经历缓慢改变,人物详情→特性；显示来源、当前影响、最近触发事件,领主威望高时忠诚+8%
PT016,恋乡,忠诚,所有人物,政策态度,该特性通过忠诚维度改变人物长期行为与选择，不直接作为固定战斗力加成。,部分性格长期稳定；财富、健康、声望和政治倾向可因经历缓慢改变,人物详情→特性；显示来源、当前影响、最近触发事件,离乡意愿-20%
PT017,敬主,忠诚,所有人物,工作效率,该特性通过忠诚维度改变人物长期行为与选择，不直接作为固定战斗力加成。,部分性格长期稳定；财富、健康、声望和政治倾向可因经历缓慢改变,人物详情→特性；显示来源、当前影响、最近触发事件,领主关系增长+8%
PT018,护族,忠诚,所有人物,财富与消费,该特性通过忠诚维度改变人物长期行为与选择，不直接作为固定战斗力加成。,部分性格长期稳定；财富、健康、声望和政治倾向可因经历缓慢改变,人物详情→特性；显示来源、当前影响、最近触发事件,家族利益冲突时优先家族
PT019,自立心强,忠诚,所有人物,忠诚/反叛,该特性通过忠诚维度改变人物长期行为与选择，不直接作为固定战斗力加成。,部分性格长期稳定；财富、健康、声望和政治倾向可因经历缓慢改变,人物详情→特性；显示来源、当前影响、最近触发事件,高财富/高威望后独立性+10%
PT020,随势而动,忠诚,所有人物,职位申请,该特性通过忠诚维度改变人物长期行为与选择，不直接作为固定战斗力加成。,部分性格长期稳定；财富、健康、声望和政治倾向可因经历缓慢改变,人物详情→特性；显示来源、当前影响、最近触发事件,强势一方关系增速更快
PT021,淡泊,野心,所有人物,成长速度,该特性通过野心维度改变人物长期行为与选择，不直接作为固定战斗力加成。,部分性格长期稳定；财富、健康、声望和政治倾向可因经历缓慢改变,人物详情→特性；显示来源、当前影响、最近触发事件,职位申请频率-30%
PT022,求进,野心,所有人物,健康/生存,该特性通过野心维度改变人物长期行为与选择，不直接作为固定战斗力加成。,部分性格长期稳定；财富、健康、声望和政治倾向可因经历缓慢改变,人物详情→特性；显示来源、当前影响、最近触发事件,晋升申请+8%
PT023,好名,野心,所有人物,社交/家族,该特性通过野心维度改变人物长期行为与选择，不直接作为固定战斗力加成。,部分性格长期稳定；财富、健康、声望和政治倾向可因经历缓慢改变,人物详情→特性；显示来源、当前影响、最近触发事件,追求荣誉事件+10%
PT024,恋权,野心,所有人物,政策态度,该特性通过野心维度改变人物长期行为与选择，不直接作为固定战斗力加成。,部分性格长期稳定；财富、健康、声望和政治倾向可因经历缓慢改变,人物详情→特性；显示来源、当前影响、最近触发事件,高职位欲望+12%
PT025,好胜,野心,所有人物,工作效率,该特性通过野心维度改变人物长期行为与选择，不直接作为固定战斗力加成。,部分性格长期稳定；财富、健康、声望和政治倾向可因经历缓慢改变,人物详情→特性；显示来源、当前影响、最近触发事件,竞争事件+10%
PT026,争功,野心,所有人物,财富与消费,该特性通过野心维度改变人物长期行为与选择，不直接作为固定战斗力加成。,部分性格长期稳定；财富、健康、声望和政治倾向可因经历缓慢改变,人物详情→特性；显示来源、当前影响、最近触发事件,军功/政绩争夺+10%
PT027,求爵,野心,所有人物,忠诚/反叛,该特性通过野心维度改变人物长期行为与选择，不直接作为固定战斗力加成。,部分性格长期稳定；财富、健康、声望和政治倾向可因经历缓慢改变,人物详情→特性；显示来源、当前影响、最近触发事件,贵族申请权重+12%
PT028,逐利,野心,所有人物,职位申请,该特性通过野心维度改变人物长期行为与选择，不直接作为固定战斗力加成。,部分性格长期稳定；财富、健康、声望和政治倾向可因经历缓慢改变,人物详情→特性；显示来源、当前影响、最近触发事件,高收益职业切换+10%
PT029,志大,野心,所有人物,成长速度,该特性通过野心维度改变人物长期行为与选择，不直接作为固定战斗力加成。,部分性格长期稳定；财富、健康、声望和政治倾向可因经历缓慢改变,人物详情→特性；显示来源、当前影响、最近触发事件,能力成长上限+5%但反叛风险+4%
PT030,安分,野心,所有人物,健康/生存,该特性通过野心维度改变人物长期行为与选择，不直接作为固定战斗力加成。,部分性格长期稳定；财富、健康、声望和政治倾向可因经历缓慢改变,人物详情→特性；显示来源、当前影响、最近触发事件,职位稳定度+8%
PT031,聪敏,智识,所有人物,社交/家族,该特性通过智识维度改变人物长期行为与选择，不直接作为固定战斗力加成。,部分性格长期稳定；财富、健康、声望和政治倾向可因经历缓慢改变,人物详情→特性；显示来源、当前影响、最近触发事件,学习速度+8%
PT032,好学,智识,所有人物,政策态度,该特性通过智识维度改变人物长期行为与选择，不直接作为固定战斗力加成。,部分性格长期稳定；财富、健康、声望和政治倾向可因经历缓慢改变,人物详情→特性；显示来源、当前影响、最近触发事件,训练/技能经验+8%
PT033,善算,智识,所有人物,工作效率,该特性通过智识维度改变人物长期行为与选择，不直接作为固定战斗力加成。,部分性格长期稳定；财富、健康、声望和政治倾向可因经历缓慢改变,人物详情→特性；显示来源、当前影响、最近触发事件,交易/预算误差-8%
PT034,识字,智识,所有人物,财富与消费,该特性通过智识维度改变人物长期行为与选择，不直接作为固定战斗力加成。,部分性格长期稳定；财富、健康、声望和政治倾向可因经历缓慢改变,人物详情→特性；显示来源、当前影响、最近触发事件,可从事文书类岗位
PT035,善记,智识,所有人物,忠诚/反叛,该特性通过智识维度改变人物长期行为与选择，不直接作为固定战斗力加成。,部分性格长期稳定；财富、健康、声望和政治倾向可因经历缓慢改变,人物详情→特性；显示来源、当前影响、最近触发事件,地图/事件记忆+10%
PT036,善察,智识,所有人物,职位申请,该特性通过智识维度改变人物长期行为与选择，不直接作为固定战斗力加成。,部分性格长期稳定；财富、健康、声望和政治倾向可因经历缓慢改变,人物详情→特性；显示来源、当前影响、最近触发事件,发现异常+8%
PT037,迟钝,智识,所有人物,成长速度,该特性通过智识维度改变人物长期行为与选择，不直接作为固定战斗力加成。,部分性格长期稳定；财富、健康、声望和政治倾向可因经历缓慢改变,人物详情→特性；显示来源、当前影响、最近触发事件,学习速度-8%
PT038,粗疏,智识,所有人物,健康/生存,该特性通过智识维度改变人物长期行为与选择，不直接作为固定战斗力加成。,部分性格长期稳定；财富、健康、声望和政治倾向可因经历缓慢改变,人物详情→特性；显示来源、当前影响、最近触发事件,任务出错+8%
PT039,多疑,智识,所有人物,社交/家族,该特性通过智识维度改变人物长期行为与选择，不直接作为固定战斗力加成。,部分性格长期稳定；财富、健康、声望和政治倾向可因经历缓慢改变,人物详情→特性；显示来源、当前影响、最近触发事件,错误怀疑事件+8%
PT040,机变,智识,所有人物,政策态度,该特性通过智识维度改变人物长期行为与选择，不直接作为固定战斗力加成。,部分性格长期稳定；财富、健康、声望和政治倾向可因经历缓慢改变,人物详情→特性；显示来源、当前影响、最近触发事件,危机决策+8%
PT041,健壮,体魄,所有人物,工作效率,该特性通过体魄维度改变人物长期行为与选择，不直接作为固定战斗力加成。,部分性格长期稳定；财富、健康、声望和政治倾向可因经历缓慢改变,人物详情→特性；显示来源、当前影响、最近触发事件,生命+8%
PT042,耐劳,体魄,所有人物,财富与消费,该特性通过体魄维度改变人物长期行为与选择，不直接作为固定战斗力加成。,部分性格长期稳定；财富、健康、声望和政治倾向可因经历缓慢改变,人物详情→特性；显示来源、当前影响、最近触发事件,工作耐力+10%
PT043,敏捷,体魄,所有人物,忠诚/反叛,该特性通过体魄维度改变人物长期行为与选择，不直接作为固定战斗力加成。,部分性格长期稳定；财富、健康、声望和政治倾向可因经历缓慢改变,人物详情→特性；显示来源、当前影响、最近触发事件,移动/闪避+5%
PT044,强力,体魄,所有人物,职位申请,该特性通过体魄维度改变人物长期行为与选择，不直接作为固定战斗力加成。,部分性格长期稳定；财富、健康、声望和政治倾向可因经历缓慢改变,人物详情→特性；显示来源、当前影响、最近触发事件,负重+10%
PT045,耐寒,体魄,所有人物,成长速度,该特性通过体魄维度改变人物长期行为与选择，不直接作为固定战斗力加成。,部分性格长期稳定；财富、健康、声望和政治倾向可因经历缓慢改变,人物详情→特性；显示来源、当前影响、最近触发事件,寒冷惩罚-10%
PT046,耐热,体魄,所有人物,健康/生存,该特性通过体魄维度改变人物长期行为与选择，不直接作为固定战斗力加成。,部分性格长期稳定；财富、健康、声望和政治倾向可因经历缓慢改变,人物详情→特性；显示来源、当前影响、最近触发事件,炎热惩罚-10%
PT047,体弱,体魄,所有人物,社交/家族,该特性通过体魄维度改变人物长期行为与选择，不直接作为固定战斗力加成。,部分性格长期稳定；财富、健康、声望和政治倾向可因经历缓慢改变,人物详情→特性；显示来源、当前影响、最近触发事件,生命-8%
PT048,易疲,体魄,所有人物,政策态度,该特性通过体魄维度改变人物长期行为与选择，不直接作为固定战斗力加成。,部分性格长期稳定；财富、健康、声望和政治倾向可因经历缓慢改变,人物详情→特性；显示来源、当前影响、最近触发事件,疲劳+10%
PT049,恢复快,体魄,所有人物,工作效率,该特性通过体魄维度改变人物长期行为与选择，不直接作为固定战斗力加成。,部分性格长期稳定；财富、健康、声望和政治倾向可因经历缓慢改变,人物详情→特性；显示来源、当前影响、最近触发事件,恢复+10%
PT050,少病,体魄,所有人物,财富与消费,该特性通过体魄维度改变人物长期行为与选择，不直接作为固定战斗力加成。,部分性格长期稳定；财富、健康、声望和政治倾向可因经历缓慢改变,人物详情→特性；显示来源、当前影响、最近触发事件,疾病概率-8%
PT051,精于议价,商业,所有人物,忠诚/反叛,该特性通过商业维度改变人物长期行为与选择，不直接作为固定战斗力加成。,部分性格长期稳定；财富、健康、声望和政治倾向可因经历缓慢改变,人物详情→特性；显示来源、当前影响、最近触发事件,买卖价差+6%
PT052,敢于冒险,商业,所有人物,职位申请,该特性通过商业维度改变人物长期行为与选择，不直接作为固定战斗力加成。,部分性格长期稳定；财富、健康、声望和政治倾向可因经历缓慢改变,人物详情→特性；显示来源、当前影响、最近触发事件,投资风险+10%/收益+8%
PT053,善看行情,商业,所有人物,成长速度,该特性通过商业维度改变人物长期行为与选择，不直接作为固定战斗力加成。,部分性格长期稳定；财富、健康、声望和政治倾向可因经历缓慢改变,人物详情→特性；显示来源、当前影响、最近触发事件,价格趋势判断+8%
PT054,守成经营,商业,所有人物,健康/生存,该特性通过商业维度改变人物长期行为与选择，不直接作为固定战斗力加成。,部分性格长期稳定；财富、健康、声望和政治倾向可因经历缓慢改变,人物详情→特性；显示来源、当前影响、最近触发事件,破产风险-8%
PT055,重契约,商业,所有人物,社交/家族,该特性通过商业维度改变人物长期行为与选择，不直接作为固定战斗力加成。,部分性格长期稳定；财富、健康、声望和政治倾向可因经历缓慢改变,人物详情→特性；显示来源、当前影响、最近触发事件,违约概率-12%
PT056,善结商路,商业,所有人物,政策态度,该特性通过商业维度改变人物长期行为与选择，不直接作为固定战斗力加成。,部分性格长期稳定；财富、健康、声望和政治倾向可因经历缓慢改变,人物详情→特性；显示来源、当前影响、最近触发事件,商路发现+10%
PT057,惜财,商业,所有人物,工作效率,该特性通过商业维度改变人物长期行为与选择，不直接作为固定战斗力加成。,部分性格长期稳定；财富、健康、声望和政治倾向可因经历缓慢改变,人物详情→特性；显示来源、当前影响、最近触发事件,消费-10%
PT058,挥霍,商业,所有人物,财富与消费,该特性通过商业维度改变人物长期行为与选择，不直接作为固定战斗力加成。,部分性格长期稳定；财富、健康、声望和政治倾向可因经历缓慢改变,人物详情→特性；显示来源、当前影响、最近触发事件,消费+15%
PT059,囤积成性,商业,所有人物,忠诚/反叛,该特性通过商业维度改变人物长期行为与选择，不直接作为固定战斗力加成。,部分性格长期稳定；财富、健康、声望和政治倾向可因经历缓慢改变,人物详情→特性；显示来源、当前影响、最近触发事件,库存占用+15%
PT060,乐于投资,商业,所有人物,职位申请,该特性通过商业维度改变人物长期行为与选择，不直接作为固定战斗力加成。,部分性格长期稳定；财富、健康、声望和政治倾向可因经历缓慢改变,人物详情→特性；显示来源、当前影响、最近触发事件,投资提案+12%
PT061,巧手,手艺,所有人物,成长速度,该特性通过手艺维度改变人物长期行为与选择，不直接作为固定战斗力加成。,部分性格长期稳定；财富、健康、声望和政治倾向可因经历缓慢改变,人物详情→特性；显示来源、当前影响、最近触发事件,制作速度+6%
PT062,粗工,手艺,所有人物,健康/生存,该特性通过手艺维度改变人物长期行为与选择，不直接作为固定战斗力加成。,部分性格长期稳定；财富、健康、声望和政治倾向可因经历缓慢改变,人物详情→特性；显示来源、当前影响、最近触发事件,品质-5%/速度+8%
PT063,锻造天分,手艺,所有人物,社交/家族,该特性通过手艺维度改变人物长期行为与选择，不直接作为固定战斗力加成。,部分性格长期稳定；财富、健康、声望和政治倾向可因经历缓慢改变,人物详情→特性；显示来源、当前影响、最近触发事件,锻造学习+12%
PT064,木作天分,手艺,所有人物,政策态度,该特性通过手艺维度改变人物长期行为与选择，不直接作为固定战斗力加成。,部分性格长期稳定；财富、健康、声望和政治倾向可因经历缓慢改变,人物详情→特性；显示来源、当前影响、最近触发事件,木作学习+12%
PT065,皮革天分,手艺,所有人物,工作效率,该特性通过手艺维度改变人物长期行为与选择，不直接作为固定战斗力加成。,部分性格长期稳定；财富、健康、声望和政治倾向可因经历缓慢改变,人物详情→特性；显示来源、当前影响、最近触发事件,皮革学习+12%
PT066,建筑天分,手艺,所有人物,财富与消费,该特性通过手艺维度改变人物长期行为与选择，不直接作为固定战斗力加成。,部分性格长期稳定；财富、健康、声望和政治倾向可因经历缓慢改变,人物详情→特性；显示来源、当前影响、最近触发事件,建筑学习+12%
PT067,维修能手,手艺,所有人物,忠诚/反叛,该特性通过手艺维度改变人物长期行为与选择，不直接作为固定战斗力加成。,部分性格长期稳定；财富、健康、声望和政治倾向可因经历缓慢改变,人物详情→特性；显示来源、当前影响、最近触发事件,维修速度+10%
PT068,材料节省,手艺,所有人物,职位申请,该特性通过手艺维度改变人物长期行为与选择，不直接作为固定战斗力加成。,部分性格长期稳定；财富、健康、声望和政治倾向可因经历缓慢改变,人物详情→特性；显示来源、当前影响、最近触发事件,材料消耗-8%
PT069,求精,手艺,所有人物,成长速度,该特性通过手艺维度改变人物长期行为与选择，不直接作为固定战斗力加成。,部分性格长期稳定；财富、健康、声望和政治倾向可因经历缓慢改变,人物详情→特性；显示来源、当前影响、最近触发事件,高品质概率+8%/速度-5%
PT070,速度优先,手艺,所有人物,健康/生存,该特性通过手艺维度改变人物长期行为与选择，不直接作为固定战斗力加成。,部分性格长期稳定；财富、健康、声望和政治倾向可因经历缓慢改变,人物详情→特性；显示来源、当前影响、最近触发事件,制作速度+10%/高品质-5%
PT071,识土,农业,所有人物,社交/家族,该特性通过农业维度改变人物长期行为与选择，不直接作为固定战斗力加成。,部分性格长期稳定；财富、健康、声望和政治倾向可因经历缓慢改变,人物详情→特性；显示来源、当前影响、最近触发事件,农作效率+8%
PT072,善灌溉,农业,所有人物,政策态度,该特性通过农业维度改变人物长期行为与选择，不直接作为固定战斗力加成。,部分性格长期稳定；财富、健康、声望和政治倾向可因经历缓慢改变,人物详情→特性；显示来源、当前影响、最近触发事件,灌溉维护+10%
PT073,畜牧熟手,农业,所有人物,工作效率,该特性通过农业维度改变人物长期行为与选择，不直接作为固定战斗力加成。,部分性格长期稳定；财富、健康、声望和政治倾向可因经历缓慢改变,人物详情→特性；显示来源、当前影响、最近触发事件,畜牧效率+10%
PT074,丰收经验,农业,所有人物,财富与消费,该特性通过农业维度改变人物长期行为与选择，不直接作为固定战斗力加成。,部分性格长期稳定；财富、健康、声望和政治倾向可因经历缓慢改变,人物详情→特性；显示来源、当前影响、最近触发事件,灾年产量损失-8%
PT075,节粮,农业,所有人物,忠诚/反叛,该特性通过农业维度改变人物长期行为与选择，不直接作为固定战斗力加成。,部分性格长期稳定；财富、健康、声望和政治倾向可因经历缓慢改变,人物详情→特性；显示来源、当前影响、最近触发事件,家庭粮耗-5%
PT076,善储藏,农业,所有人物,职位申请,该特性通过农业维度改变人物长期行为与选择，不直接作为固定战斗力加成。,部分性格长期稳定；财富、健康、声望和政治倾向可因经历缓慢改变,人物详情→特性；显示来源、当前影响、最近触发事件,粮食腐坏-8%
PT077,采集能手,农业,所有人物,成长速度,该特性通过农业维度改变人物长期行为与选择，不直接作为固定战斗力加成。,部分性格长期稳定；财富、健康、声望和政治倾向可因经历缓慢改变,人物详情→特性；显示来源、当前影响、最近触发事件,野外采集+10%
PT078,渔猎熟手,农业,所有人物,健康/生存,该特性通过农业维度改变人物长期行为与选择，不直接作为固定战斗力加成。,部分性格长期稳定；财富、健康、声望和政治倾向可因经历缓慢改变,人物详情→特性；显示来源、当前影响、最近触发事件,渔猎产出+10%
PT079,季节敏感,农业,所有人物,社交/家族,该特性通过农业维度改变人物长期行为与选择，不直接作为固定战斗力加成。,部分性格长期稳定；财富、健康、声望和政治倾向可因经历缓慢改变,人物详情→特性；显示来源、当前影响、最近触发事件,季节换作效率+8%
PT080,劳作刻苦,农业,所有人物,政策态度,该特性通过农业维度改变人物长期行为与选择，不直接作为固定战斗力加成。,部分性格长期稳定；财富、健康、声望和政治倾向可因经历缓慢改变,人物详情→特性；显示来源、当前影响、最近触发事件,劳作疲劳-8%
PT081,受人信服,社交,所有人物,工作效率,该特性通过社交维度改变人物长期行为与选择，不直接作为固定战斗力加成。,部分性格长期稳定；财富、健康、声望和政治倾向可因经历缓慢改变,人物详情→特性；显示来源、当前影响、最近触发事件,领导/说服+8%
PT082,善结人缘,社交,所有人物,财富与消费,该特性通过社交维度改变人物长期行为与选择，不直接作为固定战斗力加成。,部分性格长期稳定；财富、健康、声望和政治倾向可因经历缓慢改变,人物详情→特性；显示来源、当前影响、最近触发事件,好感增长+8%
PT083,易结怨,社交,所有人物,忠诚/反叛,该特性通过社交维度改变人物长期行为与选择，不直接作为固定战斗力加成。,部分性格长期稳定；财富、健康、声望和政治倾向可因经历缓慢改变,人物详情→特性；显示来源、当前影响、最近触发事件,冲突概率+8%
PT084,口碑良好,社交,所有人物,职位申请,该特性通过社交维度改变人物长期行为与选择，不直接作为固定战斗力加成。,部分性格长期稳定；财富、健康、声望和政治倾向可因经历缓慢改变,人物详情→特性；显示来源、当前影响、最近触发事件,声望增长+6%
PT085,家族观念重,社交,所有人物,成长速度,该特性通过社交维度改变人物长期行为与选择，不直接作为固定战斗力加成。,部分性格长期稳定；财富、健康、声望和政治倾向可因经历缓慢改变,人物详情→特性；显示来源、当前影响、最近触发事件,家族忠诚+8%
PT086,善于调解,社交,所有人物,健康/生存,该特性通过社交维度改变人物长期行为与选择，不直接作为固定战斗力加成。,部分性格长期稳定；财富、健康、声望和政治倾向可因经历缓慢改变,人物详情→特性；显示来源、当前影响、最近触发事件,调解成功+10%
PT087,爱争执,社交,所有人物,社交/家族,该特性通过社交维度改变人物长期行为与选择，不直接作为固定战斗力加成。,部分性格长期稳定；财富、健康、声望和政治倾向可因经历缓慢改变,人物详情→特性；显示来源、当前影响、最近触发事件,争执事件+10%
PT088,敬重官府,社交,所有人物,政策态度,该特性通过社交维度改变人物长期行为与选择，不直接作为固定战斗力加成。,部分性格长期稳定；财富、健康、声望和政治倾向可因经历缓慢改变,人物详情→特性；显示来源、当前影响、最近触发事件,守法倾向+8%
PT089,反感权威,社交,所有人物,工作效率,该特性通过社交维度改变人物长期行为与选择，不直接作为固定战斗力加成。,部分性格长期稳定；财富、健康、声望和政治倾向可因经历缓慢改变,人物详情→特性；显示来源、当前影响、最近触发事件,行政抗拒+8%
PT090,同乡互助,社交,所有人物,财富与消费,该特性通过社交维度改变人物长期行为与选择，不直接作为固定战斗力加成。,部分性格长期稳定；财富、健康、声望和政治倾向可因经历缓慢改变,人物详情→特性；显示来源、当前影响、最近触发事件,同乡互助+10%
PT091,敬畏法令,政治,所有人物,忠诚/反叛,该特性通过政治维度改变人物长期行为与选择，不直接作为固定战斗力加成。,部分性格长期稳定；财富、健康、声望和政治倾向可因经历缓慢改变,人物详情→特性；显示来源、当前影响、最近触发事件,服从政策+8%
PT092,倾向贵族,政治,所有人物,职位申请,该特性通过政治维度改变人物长期行为与选择，不直接作为固定战斗力加成。,部分性格长期稳定；财富、健康、声望和政治倾向可因经历缓慢改变,人物详情→特性；显示来源、当前影响、最近触发事件,贵族关系+8%
PT093,亲近商人,政治,所有人物,成长速度,该特性通过政治维度改变人物长期行为与选择，不直接作为固定战斗力加成。,部分性格长期稳定；财富、健康、声望和政治倾向可因经历缓慢改变,人物详情→特性；显示来源、当前影响、最近触发事件,商人关系+8%
PT094,拥护军人,政治,所有人物,健康/生存,该特性通过政治维度改变人物长期行为与选择，不直接作为固定战斗力加成。,部分性格长期稳定；财富、健康、声望和政治倾向可因经历缓慢改变,人物详情→特性；显示来源、当前影响、最近触发事件,军队关系+8%
PT095,重视平民,政治,所有人物,社交/家族,该特性通过政治维度改变人物长期行为与选择，不直接作为固定战斗力加成。,部分性格长期稳定；财富、健康、声望和政治倾向可因经历缓慢改变,人物详情→特性；显示来源、当前影响、最近触发事件,平民关系+8%
PT096,善察风向,政治,所有人物,政策态度,该特性通过政治维度改变人物长期行为与选择，不直接作为固定战斗力加成。,部分性格长期稳定；财富、健康、声望和政治倾向可因经历缓慢改变,人物详情→特性；显示来源、当前影响、最近触发事件,政治立场变动更快
PT097,厌恶高税,政治,所有人物,工作效率,该特性通过政治维度改变人物长期行为与选择，不直接作为固定战斗力加成。,部分性格长期稳定；财富、健康、声望和政治倾向可因经历缓慢改变,人物详情→特性；显示来源、当前影响、最近触发事件,高税不满+10%
PT098,厌恶征兵,政治,所有人物,财富与消费,该特性通过政治维度改变人物长期行为与选择，不直接作为固定战斗力加成。,部分性格长期稳定；财富、健康、声望和政治倾向可因经历缓慢改变,人物详情→特性；显示来源、当前影响、最近触发事件,征兵不满+10%
PT099,愿意纳贡,政治,所有人物,忠诚/反叛,该特性通过政治维度改变人物长期行为与选择，不直接作为固定战斗力加成。,部分性格长期稳定；财富、健康、声望和政治倾向可因经历缓慢改变,人物详情→特性；显示来源、当前影响、最近触发事件,税收服从+8%
PT100,支持扩张,政治,所有人物,职位申请,该特性通过政治维度改变人物长期行为与选择，不直接作为固定战斗力加成。,部分性格长期稳定；财富、健康、声望和政治倾向可因经历缓慢改变,人物详情→特性；显示来源、当前影响、最近触发事件,战争支持+8%
PT101,胆大,风险,所有人物,成长速度,该特性通过风险维度改变人物长期行为与选择，不直接作为固定战斗力加成。,部分性格长期稳定；财富、健康、声望和政治倾向可因经历缓慢改变,人物详情→特性；显示来源、当前影响、最近触发事件,战斗/投资冒险+8%
PT102,惜命,风险,所有人物,健康/生存,该特性通过风险维度改变人物长期行为与选择，不直接作为固定战斗力加成。,部分性格长期稳定；财富、健康、声望和政治倾向可因经历缓慢改变,人物详情→特性；显示来源、当前影响、最近触发事件,撤离阈值提前
PT103,冒险,风险,所有人物,社交/家族,该特性通过风险维度改变人物长期行为与选择，不直接作为固定战斗力加成。,部分性格长期稳定；财富、健康、声望和政治倾向可因经历缓慢改变,人物详情→特性；显示来源、当前影响、最近触发事件,高风险收益行为+10%
PT104,畏战,风险,所有人物,政策态度,该特性通过风险维度改变人物长期行为与选择，不直接作为固定战斗力加成。,部分性格长期稳定；财富、健康、声望和政治倾向可因经历缓慢改变,人物详情→特性；显示来源、当前影响、最近触发事件,战斗恐惧+10%
PT105,临危冷静,风险,所有人物,工作效率,该特性通过风险维度改变人物长期行为与选择，不直接作为固定战斗力加成。,部分性格长期稳定；财富、健康、声望和政治倾向可因经历缓慢改变,人物详情→特性；显示来源、当前影响、最近触发事件,恐慌波动-10%
PT106,易惊,风险,所有人物,财富与消费,该特性通过风险维度改变人物长期行为与选择，不直接作为固定战斗力加成。,部分性格长期稳定；财富、健康、声望和政治倾向可因经历缓慢改变,人物详情→特性；显示来源、当前影响、最近触发事件,受惊概率+10%
PT107,敢夜行,风险,所有人物,忠诚/反叛,该特性通过风险维度改变人物长期行为与选择，不直接作为固定战斗力加成。,部分性格长期稳定；财富、健康、声望和政治倾向可因经历缓慢改变,人物详情→特性；显示来源、当前影响、最近触发事件,夜间活动惩罚-8%
PT108,怕疾病,风险,所有人物,职位申请,该特性通过风险维度改变人物长期行为与选择，不直接作为固定战斗力加成。,部分性格长期稳定；财富、健康、声望和政治倾向可因经历缓慢改变,人物详情→特性；显示来源、当前影响、最近触发事件,疫区回避+10%
PT109,善逃生,风险,所有人物,成长速度,该特性通过风险维度改变人物长期行为与选择，不直接作为固定战斗力加成。,部分性格长期稳定；财富、健康、声望和政治倾向可因经历缓慢改变,人物详情→特性；显示来源、当前影响、最近触发事件,脱离危险+10%
PT110,负伤不慌,风险,所有人物,健康/生存,该特性通过风险维度改变人物长期行为与选择，不直接作为固定战斗力加成。,部分性格长期稳定；财富、健康、声望和政治倾向可因经历缓慢改变,人物详情→特性；显示来源、当前影响、最近触发事件,受伤士气损失-8%
PT111,早熟,成长,所有人物,社交/家族,该特性通过成长维度改变人物长期行为与选择，不直接作为固定战斗力加成。,部分性格长期稳定；财富、健康、声望和政治倾向可因经历缓慢改变,人物详情→特性；显示来源、当前影响、最近触发事件,青年期成长+10%
PT112,大器晚成,成长,所有人物,政策态度,该特性通过成长维度改变人物长期行为与选择，不直接作为固定战斗力加成。,部分性格长期稳定；财富、健康、声望和政治倾向可因经历缓慢改变,人物详情→特性；显示来源、当前影响、最近触发事件,中后期成长+10%
PT113,学得快,成长,所有人物,工作效率,该特性通过成长维度改变人物长期行为与选择，不直接作为固定战斗力加成。,部分性格长期稳定；财富、健康、声望和政治倾向可因经历缓慢改变,人物详情→特性；显示来源、当前影响、最近触发事件,学习经验+12%
PT114,经验积累慢,成长,所有人物,财富与消费,该特性通过成长维度改变人物长期行为与选择，不直接作为固定战斗力加成。,部分性格长期稳定；财富、健康、声望和政治倾向可因经历缓慢改变,人物详情→特性；显示来源、当前影响、最近触发事件,学习经验-10%
PT115,善从师,成长,所有人物,忠诚/反叛,该特性通过成长维度改变人物长期行为与选择，不直接作为固定战斗力加成。,部分性格长期稳定；财富、健康、声望和政治倾向可因经历缓慢改变,人物详情→特性；显示来源、当前影响、最近触发事件,导师加成+12%
PT116,善模仿,成长,所有人物,职位申请,该特性通过成长维度改变人物长期行为与选择，不直接作为固定战斗力加成。,部分性格长期稳定；财富、健康、声望和政治倾向可因经历缓慢改变,人物详情→特性；显示来源、当前影响、最近触发事件,观察学习+10%
PT117,天赋稳定,成长,所有人物,成长速度,该特性通过成长维度改变人物长期行为与选择，不直接作为固定战斗力加成。,部分性格长期稳定；财富、健康、声望和政治倾向可因经历缓慢改变,人物详情→特性；显示来源、当前影响、最近触发事件,能力波动-20%
PT118,波动成长,成长,所有人物,健康/生存,该特性通过成长维度改变人物长期行为与选择，不直接作为固定战斗力加成。,部分性格长期稳定；财富、健康、声望和政治倾向可因经历缓慢改变,人物详情→特性；显示来源、当前影响、最近触发事件,能力波动+20%
PT119,高上限,成长,所有人物,社交/家族,该特性通过成长维度改变人物长期行为与选择，不直接作为固定战斗力加成。,部分性格长期稳定；财富、健康、声望和政治倾向可因经历缓慢改变,人物详情→特性；显示来源、当前影响、最近触发事件,能力上限+8%
PT120,低上限,成长,所有人物,政策态度,该特性通过成长维度改变人物长期行为与选择，不直接作为固定战斗力加成。,部分性格长期稳定；财富、健康、声望和政治倾向可因经历缓慢改变,人物详情→特性；显示来源、当前影响、最近触发事件,能力上限-8%
PT121,节俭,财富,所有人物,工作效率,该特性通过财富维度改变人物长期行为与选择，不直接作为固定战斗力加成。,部分性格长期稳定；财富、健康、声望和政治倾向可因经历缓慢改变,人物详情→特性；显示来源、当前影响、最近触发事件,日常消费-10%
PT122,爱储蓄,财富,所有人物,财富与消费,该特性通过财富维度改变人物长期行为与选择，不直接作为固定战斗力加成。,部分性格长期稳定；财富、健康、声望和政治倾向可因经历缓慢改变,人物详情→特性；显示来源、当前影响、最近触发事件,现金储备+10%
PT123,乐消费,财富,所有人物,忠诚/反叛,该特性通过财富维度改变人物长期行为与选择，不直接作为固定战斗力加成。,部分性格长期稳定；财富、健康、声望和政治倾向可因经历缓慢改变,人物详情→特性；显示来源、当前影响、最近触发事件,消费+12%
PT124,置产偏好,财富,所有人物,职位申请,该特性通过财富维度改变人物长期行为与选择，不直接作为固定战斗力加成。,部分性格长期稳定；财富、健康、声望和政治倾向可因经历缓慢改变,人物详情→特性；显示来源、当前影响、最近触发事件,购置房地权重+10%
PT125,购甲偏好,财富,所有人物,成长速度,该特性通过财富维度改变人物长期行为与选择，不直接作为固定战斗力加成。,部分性格长期稳定；财富、健康、声望和政治倾向可因经历缓慢改变,人物详情→特性；显示来源、当前影响、最近触发事件,个人装备购买权重+10%
PT126,投资商铺,财富,所有人物,健康/生存,该特性通过财富维度改变人物长期行为与选择，不直接作为固定战斗力加成。,部分性格长期稳定；财富、健康、声望和政治倾向可因经历缓慢改变,人物详情→特性；显示来源、当前影响、最近触发事件,商铺投资+10%
PT127,投资土地,财富,所有人物,社交/家族,该特性通过财富维度改变人物长期行为与选择，不直接作为固定战斗力加成。,部分性格长期稳定；财富、健康、声望和政治倾向可因经历缓慢改变,人物详情→特性；显示来源、当前影响、最近触发事件,土地投资+10%
PT128,投资军队,财富,所有人物,政策态度,该特性通过财富维度改变人物长期行为与选择，不直接作为固定战斗力加成。,部分性格长期稳定；财富、健康、声望和政治倾向可因经历缓慢改变,人物详情→特性；显示来源、当前影响、最近触发事件,军队投资提案+10%
PT129,愿意借贷,财富,所有人物,工作效率,该特性通过财富维度改变人物长期行为与选择，不直接作为固定战斗力加成。,部分性格长期稳定；财富、健康、声望和政治倾向可因经历缓慢改变,人物详情→特性；显示来源、当前影响、最近触发事件,借贷接受+10%
PT130,厌恶负债,财富,所有人物,财富与消费,该特性通过财富维度改变人物长期行为与选择，不直接作为固定战斗力加成。,部分性格长期稳定；财富、健康、声望和政治倾向可因经历缓慢改变,人物详情→特性；显示来源、当前影响、最近触发事件,负债阈值-20%
PT131,顾家,家庭,所有人物,忠诚/反叛,该特性通过家庭维度改变人物长期行为与选择，不直接作为固定战斗力加成。,部分性格长期稳定；财富、健康、声望和政治倾向可因经历缓慢改变,人物详情→特性；显示来源、当前影响、最近触发事件,家庭消费优先+10%
PT132,多育倾向,家庭,所有人物,职位申请,该特性通过家庭维度改变人物长期行为与选择，不直接作为固定战斗力加成。,部分性格长期稳定；财富、健康、声望和政治倾向可因经历缓慢改变,人物详情→特性；显示来源、当前影响、最近触发事件,生育倾向+8%
PT133,晚婚,家庭,所有人物,成长速度,该特性通过家庭维度改变人物长期行为与选择，不直接作为固定战斗力加成。,部分性格长期稳定；财富、健康、声望和政治倾向可因经历缓慢改变,人物详情→特性；显示来源、当前影响、最近触发事件,结婚年龄+10%
PT134,迁居意愿高,家庭,所有人物,健康/生存,该特性通过家庭维度改变人物长期行为与选择，不直接作为固定战斗力加成。,部分性格长期稳定；财富、健康、声望和政治倾向可因经历缓慢改变,人物详情→特性；显示来源、当前影响、最近触发事件,迁居权重+10%
PT135,守土,家庭,所有人物,社交/家族,该特性通过家庭维度改变人物长期行为与选择，不直接作为固定战斗力加成。,部分性格长期稳定；财富、健康、声望和政治倾向可因经历缓慢改变,人物详情→特性；显示来源、当前影响、最近触发事件,离乡权重-15%
PT136,重子女教育,家庭,所有人物,政策态度,该特性通过家庭维度改变人物长期行为与选择，不直接作为固定战斗力加成。,部分性格长期稳定；财富、健康、声望和政治倾向可因经历缓慢改变,人物详情→特性；显示来源、当前影响、最近触发事件,子女教育投入+10%
PT137,家族联姻倾向,家庭,所有人物,工作效率,该特性通过家庭维度改变人物长期行为与选择，不直接作为固定战斗力加成。,部分性格长期稳定；财富、健康、声望和政治倾向可因经历缓慢改变,人物详情→特性；显示来源、当前影响、最近触发事件,家族联姻权重+10%
PT138,独立门户,家庭,所有人物,财富与消费,该特性通过家庭维度改变人物长期行为与选择，不直接作为固定战斗力加成。,部分性格长期稳定；财富、健康、声望和政治倾向可因经历缓慢改变,人物详情→特性；显示来源、当前影响、最近触发事件,分家概率+10%
PT139,赡养老人,家庭,所有人物,忠诚/反叛,该特性通过家庭维度改变人物长期行为与选择，不直接作为固定战斗力加成。,部分性格长期稳定；财富、健康、声望和政治倾向可因经历缓慢改变,人物详情→特性；显示来源、当前影响、最近触发事件,老人赡养+10%
PT140,重继承,家庭,所有人物,职位申请,该特性通过家庭维度改变人物长期行为与选择，不直接作为固定战斗力加成。,部分性格长期稳定；财富、健康、声望和政治倾向可因经历缓慢改变,人物详情→特性；显示来源、当前影响、最近触发事件,继承争议-8%
PT141,耐饥,健康,所有人物,成长速度,该特性通过健康维度改变人物长期行为与选择，不直接作为固定战斗力加成。,部分性格长期稳定；财富、健康、声望和政治倾向可因经历缓慢改变,人物详情→特性；显示来源、当前影响、最近触发事件,饥饿惩罚-8%
PT142,易饥,健康,所有人物,健康/生存,该特性通过健康维度改变人物长期行为与选择，不直接作为固定战斗力加成。,部分性格长期稳定；财富、健康、声望和政治倾向可因经历缓慢改变,人物详情→特性；显示来源、当前影响、最近触发事件,饥饿增长+10%
PT143,伤愈快,健康,所有人物,社交/家族,该特性通过健康维度改变人物长期行为与选择，不直接作为固定战斗力加成。,部分性格长期稳定；财富、健康、声望和政治倾向可因经历缓慢改变,人物详情→特性；显示来源、当前影响、最近触发事件,伤势恢复+10%
PT144,旧伤易发,健康,所有人物,政策态度,该特性通过健康维度改变人物长期行为与选择，不直接作为固定战斗力加成。,部分性格长期稳定；财富、健康、声望和政治倾向可因经历缓慢改变,人物详情→特性；显示来源、当前影响、最近触发事件,旧伤复发+10%
PT145,抗病,健康,所有人物,工作效率,该特性通过健康维度改变人物长期行为与选择，不直接作为固定战斗力加成。,部分性格长期稳定；财富、健康、声望和政治倾向可因经历缓慢改变,人物详情→特性；显示来源、当前影响、最近触发事件,疾病抵抗+10%
PT146,易病,健康,所有人物,财富与消费,该特性通过健康维度改变人物长期行为与选择，不直接作为固定战斗力加成。,部分性格长期稳定；财富、健康、声望和政治倾向可因经历缓慢改变,人物详情→特性；显示来源、当前影响、最近触发事件,患病概率+10%
PT147,睡眠浅,健康,所有人物,忠诚/反叛,该特性通过健康维度改变人物长期行为与选择，不直接作为固定战斗力加成。,部分性格长期稳定；财富、健康、声望和政治倾向可因经历缓慢改变,人物详情→特性；显示来源、当前影响、最近触发事件,睡眠恢复-5%/警觉+8%
PT148,睡眠深,健康,所有人物,职位申请,该特性通过健康维度改变人物长期行为与选择，不直接作为固定战斗力加成。,部分性格长期稳定；财富、健康、声望和政治倾向可因经历缓慢改变,人物详情→特性；显示来源、当前影响、最近触发事件,睡眠恢复+8%/夜警觉-5%
PT149,耐酒,健康,所有人物,成长速度,该特性通过健康维度改变人物长期行为与选择，不直接作为固定战斗力加成。,部分性格长期稳定；财富、健康、声望和政治倾向可因经历缓慢改变,人物详情→特性；显示来源、当前影响、最近触发事件,酒馆消费后负面-8%
PT150,不耐酒,健康,所有人物,健康/生存,该特性通过健康维度改变人物长期行为与选择，不直接作为固定战斗力加成。,部分性格长期稳定；财富、健康、声望和政治倾向可因经历缓慢改变,人物详情→特性；显示来源、当前影响、最近触发事件,饮酒负面+10%
PT151,有乡望,声望,所有人物,社交/家族,该特性通过声望维度改变人物长期行为与选择，不直接作为固定战斗力加成。,部分性格长期稳定；财富、健康、声望和政治倾向可因经历缓慢改变,人物详情→特性；显示来源、当前影响、最近触发事件,地方好感+8%
PT152,无名之辈,声望,所有人物,政策态度,该特性通过声望维度改变人物长期行为与选择，不直接作为固定战斗力加成。,部分性格长期稳定；财富、健康、声望和政治倾向可因经历缓慢改变,人物详情→特性；显示来源、当前影响、最近触发事件,初始声望-10%
PT153,善行积名,声望,所有人物,工作效率,该特性通过声望维度改变人物长期行为与选择，不直接作为固定战斗力加成。,部分性格长期稳定；财富、健康、声望和政治倾向可因经历缓慢改变,人物详情→特性；显示来源、当前影响、最近触发事件,善行声望+10%
PT154,爱炫耀,声望,所有人物,财富与消费,该特性通过声望维度改变人物长期行为与选择，不直接作为固定战斗力加成。,部分性格长期稳定；财富、健康、声望和政治倾向可因经历缓慢改变,人物详情→特性；显示来源、当前影响、最近触发事件,炫耀消费+10%
PT155,受商人信赖,声望,所有人物,忠诚/反叛,该特性通过声望维度改变人物长期行为与选择，不直接作为固定战斗力加成。,部分性格长期稳定；财富、健康、声望和政治倾向可因经历缓慢改变,人物详情→特性；显示来源、当前影响、最近触发事件,商人关系+8%
PT156,受军人敬重,声望,所有人物,职位申请,该特性通过声望维度改变人物长期行为与选择，不直接作为固定战斗力加成。,部分性格长期稳定；财富、健康、声望和政治倾向可因经历缓慢改变,人物详情→特性；显示来源、当前影响、最近触发事件,士兵关系+8%
PT157,受官员欣赏,声望,所有人物,成长速度,该特性通过声望维度改变人物长期行为与选择，不直接作为固定战斗力加成。,部分性格长期稳定；财富、健康、声望和政治倾向可因经历缓慢改变,人物详情→特性；显示来源、当前影响、最近触发事件,官员推荐+8%
PT158,受平民拥戴,声望,所有人物,健康/生存,该特性通过声望维度改变人物长期行为与选择，不直接作为固定战斗力加成。,部分性格长期稳定；财富、健康、声望和政治倾向可因经历缓慢改变,人物详情→特性；显示来源、当前影响、最近触发事件,平民支持+8%
PT159,家声显赫,声望,所有人物,社交/家族,该特性通过声望维度改变人物长期行为与选择，不直接作为固定战斗力加成。,部分性格长期稳定；财富、健康、声望和政治倾向可因经历缓慢改变,人物详情→特性；显示来源、当前影响、最近触发事件,贵族声望+10%
PT160,家声低微,声望,所有人物,政策态度,该特性通过声望维度改变人物长期行为与选择，不直接作为固定战斗力加成。,部分性格长期稳定；财富、健康、声望和政治倾向可因经历缓慢改变,人物详情→特性；显示来源、当前影响、最近触发事件,贵族声望-8%
