政策ID,政策名称,阶段,分类,提案显示名,官员能力门槛,执行天数,一次国库成本,月维护金币,核心影响,具体效果,受益群体,潜在代价,前置条件,失败条件,AI使用条件,申请箱,明确代价/风险,效果字段
P001_1,垦荒授田令,试行,农业粮政,垦荒授田令·议行,35,2,120,6.0,粮食产出、储备、灾年稳定与远征供给,新增可耕地容量+12%；无地农户就业+8%,农民,增加国库支出,由对应官员职位+特性提出；能力低于门槛时无法提交；高阶成制需先完成试行或同类前置政策,主管离职/叛逃、城市失守、预算断裂、建筑被毁或前置制度撤销会中止；保留部分沉没成本,AI按缺口驱动：粮食不足、兵员不足、军械短缺、商税过低、边防受压等情况提高对应政策权重,固定申请箱显示提出者、门槛、成本、工期、收益、代价、家族/兵种/城市影响；不强制弹窗暂停,工程占地和初期国库支出增加,见“具体效果”；施工时拆为人口/经济/兵员/装备/忠诚/AI状态机参数
P001_2,垦荒授田令,成制,农业粮政,垦荒授田令·定制,43,4,198,9.9,粮食产出、储备、灾年稳定与远征供给,在试行基础上扩大覆盖：新增可耕地容量+12%；无地农户就业+8%,农民,增加国库支出,由对应官员职位+特性提出；能力低于门槛时无法提交；高阶成制需先完成试行或同类前置政策,主管离职/叛逃、城市失守、预算断裂、建筑被毁或前置制度撤销会中止；保留部分沉没成本,AI按缺口驱动：粮食不足、兵员不足、军械短缺、商税过低、边防受压等情况提高对应政策权重,固定申请箱显示提出者、门槛、成本、工期、收益、代价、家族/兵种/城市影响；不强制弹窗暂停,工程占地和初期国库支出增加,见“具体效果”；施工时拆为人口/经济/兵员/装备/忠诚/AI状态机参数
P002_1,河渠修浚法,试行,农业粮政,河渠修浚法·议行,40,3,155,7.8,粮食产出、储备、灾年稳定与远征供给,灌溉覆盖+12%；旱灾减产-15%,商人,压缩商税,由对应官员职位+特性提出；能力低于门槛时无法提交；高阶成制需先完成试行或同类前置政策,主管离职/叛逃、城市失守、预算断裂、建筑被毁或前置制度撤销会中止；保留部分沉没成本,AI按缺口驱动：粮食不足、兵员不足、军械短缺、商税过低、边防受压等情况提高对应政策权重,固定申请箱显示提出者、门槛、成本、工期、收益、代价、家族/兵种/城市影响；不强制弹窗暂停,长期维护费增加,见“具体效果”；施工时拆为人口/经济/兵员/装备/忠诚/AI状态机参数
P002_2,河渠修浚法,成制,农业粮政,河渠修浚法·定制,48,5,256,12.8,粮食产出、储备、灾年稳定与远征供给,在试行基础上扩大覆盖：灌溉覆盖+12%；旱灾减产-15%,商人,压缩商税,由对应官员职位+特性提出；能力低于门槛时无法提交；高阶成制需先完成试行或同类前置政策,主管离职/叛逃、城市失守、预算断裂、建筑被毁或前置制度撤销会中止；保留部分沉没成本,AI按缺口驱动：粮食不足、兵员不足、军械短缺、商税过低、边防受压等情况提高对应政策权重,固定申请箱显示提出者、门槛、成本、工期、收益、代价、家族/兵种/城市影响；不强制弹窗暂停,长期维护费增加,见“具体效果”；施工时拆为人口/经济/兵员/装备/忠诚/AI状态机参数
P003_1,轮作休耕制,试行,农业粮政,轮作休耕制·议行,45,4,190,9.5,粮食产出、储备、灾年稳定与远征供给,土地衰减-25%；长期均产+6%,贵族,提高贵族权力,由对应官员职位+特性提出；能力低于门槛时无法提交；高阶成制需先完成试行或同类前置政策,主管离职/叛逃、城市失守、预算断裂、建筑被毁或前置制度撤销会中止；保留部分沉没成本,AI按缺口驱动：粮食不足、兵员不足、军械短缺、商税过低、边防受压等情况提高对应政策权重,固定申请箱显示提出者、门槛、成本、工期、收益、代价、家族/兵种/城市影响；不强制弹窗暂停,短期可用农田-4%,见“具体效果”；施工时拆为人口/经济/兵员/装备/忠诚/AI状态机参数
P003_2,轮作休耕制,成制,农业粮政,轮作休耕制·定制,53,6,314,15.7,粮食产出、储备、灾年稳定与远征供给,在试行基础上扩大覆盖：土地衰减-25%；长期均产+6%,贵族,提高贵族权力,由对应官员职位+特性提出；能力低于门槛时无法提交；高阶成制需先完成试行或同类前置政策,主管离职/叛逃、城市失守、预算断裂、建筑被毁或前置制度撤销会中止；保留部分沉没成本,AI按缺口驱动：粮食不足、兵员不足、军械短缺、商税过低、边防受压等情况提高对应政策权重,固定申请箱显示提出者、门槛、成本、工期、收益、代价、家族/兵种/城市影响；不强制弹窗暂停,短期可用农田-4%,见“具体效果”；施工时拆为人口/经济/兵员/装备/忠诚/AI状态机参数
P004_1,常平储粮制,试行,农业粮政,常平储粮制·议行,50,5,225,11.2,粮食产出、储备、灾年稳定与远征供给,粮价波动-15%；饥荒民心损失-10%,官员,增加劳役,由对应官员职位+特性提出；能力低于门槛时无法提交；高阶成制需先完成试行或同类前置政策,主管离职/叛逃、城市失守、预算断裂、建筑被毁或前置制度撤销会中止；保留部分沉没成本,AI按缺口驱动：粮食不足、兵员不足、军械短缺、商税过低、边防受压等情况提高对应政策权重,固定申请箱显示提出者、门槛、成本、工期、收益、代价、家族/兵种/城市影响；不强制弹窗暂停,需要持续占用仓容,见“具体效果”；施工时拆为人口/经济/兵员/装备/忠诚/AI状态机参数
P004_2,常平储粮制,成制,农业粮政,常平储粮制·定制,58,7,371,18.6,粮食产出、储备、灾年稳定与远征供给,在试行基础上扩大覆盖：粮价波动-15%；饥荒民心损失-10%,官员,增加劳役,由对应官员职位+特性提出；能力低于门槛时无法提交；高阶成制需先完成试行或同类前置政策,主管离职/叛逃、城市失守、预算断裂、建筑被毁或前置制度撤销会中止；保留部分沉没成本,AI按缺口驱动：粮食不足、兵员不足、军械短缺、商税过低、边防受压等情况提高对应政策权重,固定申请箱显示提出者、门槛、成本、工期、收益、代价、家族/兵种/城市影响；不强制弹窗暂停,需要持续占用仓容,见“具体效果”；施工时拆为人口/经济/兵员/装备/忠诚/AI状态机参数
P005_1,粮仓轮储法,试行,农业粮政,粮仓轮储法·议行,55,6,260,13.0,粮食产出、储备、灾年稳定与远征供给,粮食腐坏-18%；库存周转+10%,将军,提高军费,由对应官员职位+特性提出；能力低于门槛时无法提交；高阶成制需先完成试行或同类前置政策,主管离职/叛逃、城市失守、预算断裂、建筑被毁或前置制度撤销会中止；保留部分沉没成本,AI按缺口驱动：粮食不足、兵员不足、军械短缺、商税过低、边防受压等情况提高对应政策权重,固定申请箱显示提出者、门槛、成本、工期、收益、代价、家族/兵种/城市影响；不强制弹窗暂停,仓储管理成本增加,见“具体效果”；施工时拆为人口/经济/兵员/装备/忠诚/AI状态机参数
P005_2,粮仓轮储法,成制,农业粮政,粮仓轮储法·定制,63,8,429,21.4,粮食产出、储备、灾年稳定与远征供给,在试行基础上扩大覆盖：粮食腐坏-18%；库存周转+10%,将军,提高军费,由对应官员职位+特性提出；能力低于门槛时无法提交；高阶成制需先完成试行或同类前置政策,主管离职/叛逃、城市失守、预算断裂、建筑被毁或前置制度撤销会中止；保留部分沉没成本,AI按缺口驱动：粮食不足、兵员不足、军械短缺、商税过低、边防受压等情况提高对应政策权重,固定申请箱显示提出者、门槛、成本、工期、收益、代价、家族/兵种/城市影响；不强制弹窗暂停,仓储管理成本增加,见“具体效果”；施工时拆为人口/经济/兵员/装备/忠诚/AI状态机参数
P006_1,良种推广令,试行,农业粮政,良种推广令·议行,60,7,295,14.8,粮食产出、储备、灾年稳定与远征供给,平均亩产+8%,士兵,降低短期人口产出,由对应官员职位+特性提出；能力低于门槛时无法提交；高阶成制需先完成试行或同类前置政策,主管离职/叛逃、城市失守、预算断裂、建筑被毁或前置制度撤销会中止；保留部分沉没成本,AI按缺口驱动：粮食不足、兵员不足、军械短缺、商税过低、边防受压等情况提高对应政策权重,固定申请箱显示提出者、门槛、成本、工期、收益、代价、家族/兵种/城市影响；不强制弹窗暂停,种子采购费用增加,见“具体效果”；施工时拆为人口/经济/兵员/装备/忠诚/AI状态机参数
P006_2,良种推广令,成制,农业粮政,良种推广令·定制,68,9,487,24.3,粮食产出、储备、灾年稳定与远征供给,在试行基础上扩大覆盖：平均亩产+8%,士兵,降低短期人口产出,由对应官员职位+特性提出；能力低于门槛时无法提交；高阶成制需先完成试行或同类前置政策,主管离职/叛逃、城市失守、预算断裂、建筑被毁或前置制度撤销会中止；保留部分沉没成本,AI按缺口驱动：粮食不足、兵员不足、军械短缺、商税过低、边防受压等情况提高对应政策权重,固定申请箱显示提出者、门槛、成本、工期、收益、代价、家族/兵种/城市影响；不强制弹窗暂停,种子采购费用增加,见“具体效果”；施工时拆为人口/经济/兵员/装备/忠诚/AI状态机参数
P007_1,牧田轮养制,试行,农业粮政,牧田轮养制·议行,65,8,330,16.5,粮食产出、储备、灾年稳定与远征供给,牲畜产出+10%；牧地退化-15%,农民,增加国库支出,由对应官员职位+特性提出；能力低于门槛时无法提交；高阶成制需先完成试行或同类前置政策,主管离职/叛逃、城市失守、预算断裂、建筑被毁或前置制度撤销会中止；保留部分沉没成本,AI按缺口驱动：粮食不足、兵员不足、军械短缺、商税过低、边防受压等情况提高对应政策权重,固定申请箱显示提出者、门槛、成本、工期、收益、代价、家族/兵种/城市影响；不强制弹窗暂停,占用部分耕地,见“具体效果”；施工时拆为人口/经济/兵员/装备/忠诚/AI状态机参数
P007_2,牧田轮养制,成制,农业粮政,牧田轮养制·定制,73,10,544,27.2,粮食产出、储备、灾年稳定与远征供给,在试行基础上扩大覆盖：牲畜产出+10%；牧地退化-15%,农民,增加国库支出,由对应官员职位+特性提出；能力低于门槛时无法提交；高阶成制需先完成试行或同类前置政策,主管离职/叛逃、城市失守、预算断裂、建筑被毁或前置制度撤销会中止；保留部分沉没成本,AI按缺口驱动：粮食不足、兵员不足、军械短缺、商税过低、边防受压等情况提高对应政策权重,固定申请箱显示提出者、门槛、成本、工期、收益、代价、家族/兵种/城市影响；不强制弹窗暂停,占用部分耕地,见“具体效果”；施工时拆为人口/经济/兵员/装备/忠诚/AI状态机参数
P008_1,农具官造法,试行,农业粮政,农具官造法·议行,70,2,365,18.2,粮食产出、储备、灾年稳定与远征供给,农事效率+8%；农具损耗-8%,商人,压缩商税,由对应官员职位+特性提出；能力低于门槛时无法提交；高阶成制需先完成试行或同类前置政策,主管离职/叛逃、城市失守、预算断裂、建筑被毁或前置制度撤销会中止；保留部分沉没成本,AI按缺口驱动：粮食不足、兵员不足、军械短缺、商税过低、边防受压等情况提高对应政策权重,固定申请箱显示提出者、门槛、成本、工期、收益、代价、家族/兵种/城市影响；不强制弹窗暂停,铁料需求+5%,见“具体效果”；施工时拆为人口/经济/兵员/装备/忠诚/AI状态机参数
P008_2,农具官造法,成制,农业粮政,农具官造法·定制,78,4,602,30.1,粮食产出、储备、灾年稳定与远征供给,在试行基础上扩大覆盖：农事效率+8%；农具损耗-8%,商人,压缩商税,由对应官员职位+特性提出；能力低于门槛时无法提交；高阶成制需先完成试行或同类前置政策,主管离职/叛逃、城市失守、预算断裂、建筑被毁或前置制度撤销会中止；保留部分沉没成本,AI按缺口驱动：粮食不足、兵员不足、军械短缺、商税过低、边防受压等情况提高对应政策权重,固定申请箱显示提出者、门槛、成本、工期、收益、代价、家族/兵种/城市影响；不强制弹窗暂停,铁料需求+5%,见“具体效果”；施工时拆为人口/经济/兵员/装备/忠诚/AI状态机参数
P009_1,灾岁赈济令,试行,农业粮政,灾岁赈济令·议行,75,3,400,20.0,粮食产出、储备、灾年稳定与远征供给,灾年死亡-15%；外逃-12%,贵族,提高贵族权力,由对应官员职位+特性提出；能力低于门槛时无法提交；高阶成制需先完成试行或同类前置政策,主管离职/叛逃、城市失守、预算断裂、建筑被毁或前置制度撤销会中止；保留部分沉没成本,AI按缺口驱动：粮食不足、兵员不足、军械短缺、商税过低、边防受压等情况提高对应政策权重,固定申请箱显示提出者、门槛、成本、工期、收益、代价、家族/兵种/城市影响；不强制弹窗暂停,国库支出较高,见“具体效果”；施工时拆为人口/经济/兵员/装备/忠诚/AI状态机参数
P009_2,灾岁赈济令,成制,农业粮政,灾岁赈济令·定制,83,5,660,33.0,粮食产出、储备、灾年稳定与远征供给,在试行基础上扩大覆盖：灾年死亡-15%；外逃-12%,贵族,提高贵族权力,由对应官员职位+特性提出；能力低于门槛时无法提交；高阶成制需先完成试行或同类前置政策,主管离职/叛逃、城市失守、预算断裂、建筑被毁或前置制度撤销会中止；保留部分沉没成本,AI按缺口驱动：粮食不足、兵员不足、军械短缺、商税过低、边防受压等情况提高对应政策权重,固定申请箱显示提出者、门槛、成本、工期、收益、代价、家族/兵种/城市影响；不强制弹窗暂停,国库支出较高,见“具体效果”；施工时拆为人口/经济/兵员/装备/忠诚/AI状态机参数
P010_1,边田屯垦法,试行,农业粮政,边田屯垦法·议行,80,4,435,21.8,粮食产出、储备、灾年稳定与远征供给,边城粮食自给+12%；驻军补给+8%,官员,增加劳役,由对应官员职位+特性提出；能力低于门槛时无法提交；高阶成制需先完成试行或同类前置政策,主管离职/叛逃、城市失守、预算断裂、建筑被毁或前置制度撤销会中止；保留部分沉没成本,AI按缺口驱动：粮食不足、兵员不足、军械短缺、商税过低、边防受压等情况提高对应政策权重,固定申请箱显示提出者、门槛、成本、工期、收益、代价、家族/兵种/城市影响；不强制弹窗暂停,边地劳力更多转入屯田,见“具体效果”；施工时拆为人口/经济/兵员/装备/忠诚/AI状态机参数
P010_2,边田屯垦法,成制,农业粮政,边田屯垦法·定制,88,6,718,35.9,粮食产出、储备、灾年稳定与远征供给,在试行基础上扩大覆盖：边城粮食自给+12%；驻军补给+8%,官员,增加劳役,由对应官员职位+特性提出；能力低于门槛时无法提交；高阶成制需先完成试行或同类前置政策,主管离职/叛逃、城市失守、预算断裂、建筑被毁或前置制度撤销会中止；保留部分沉没成本,AI按缺口驱动：粮食不足、兵员不足、军械短缺、商税过低、边防受压等情况提高对应政策权重,固定申请箱显示提出者、门槛、成本、工期、收益、代价、家族/兵种/城市影响；不强制弹窗暂停,边地劳力更多转入屯田,见“具体效果”；施工时拆为人口/经济/兵员/装备/忠诚/AI状态机参数
P011_1,户籍清丈令,试行,人口户籍,户籍清丈令·议行,35,5,470,23.5,人口增长、劳力分配、住房与兵员来源,人口统计误差-15%；税籍完整+8%,将军,提高军费,由对应官员职位+特性提出；能力低于门槛时无法提交；高阶成制需先完成试行或同类前置政策,主管离职/叛逃、城市失守、预算断裂、建筑被毁或前置制度撤销会中止；保留部分沉没成本,AI按缺口驱动：粮食不足、兵员不足、军械短缺、商税过低、边防受压等情况提高对应政策权重,固定申请箱显示提出者、门槛、成本、工期、收益、代价、家族/兵种/城市影响；不强制弹窗暂停,行政开支增加,见“具体效果”；施工时拆为人口/经济/兵员/装备/忠诚/AI状态机参数
P011_2,户籍清丈令,成制,人口户籍,户籍清丈令·定制,43,7,776,38.8,人口增长、劳力分配、住房与兵员来源,在试行基础上扩大覆盖：人口统计误差-15%；税籍完整+8%,将军,提高军费,由对应官员职位+特性提出；能力低于门槛时无法提交；高阶成制需先完成试行或同类前置政策,主管离职/叛逃、城市失守、预算断裂、建筑被毁或前置制度撤销会中止；保留部分沉没成本,AI按缺口驱动：粮食不足、兵员不足、军械短缺、商税过低、边防受压等情况提高对应政策权重,固定申请箱显示提出者、门槛、成本、工期、收益、代价、家族/兵种/城市影响；不强制弹窗暂停,行政开支增加,见“具体效果”；施工时拆为人口/经济/兵员/装备/忠诚/AI状态机参数
P012_1,编户定居制,试行,人口户籍,编户定居制·议行,40,6,505,25.2,人口增长、劳力分配、住房与兵员来源,无户籍人口-20%；劳役冲突-8%,士兵,降低短期人口产出,由对应官员职位+特性提出；能力低于门槛时无法提交；高阶成制需先完成试行或同类前置政策,主管离职/叛逃、城市失守、预算断裂、建筑被毁或前置制度撤销会中止；保留部分沉没成本,AI按缺口驱动：粮食不足、兵员不足、军械短缺、商税过低、边防受压等情况提高对应政策权重,固定申请箱显示提出者、门槛、成本、工期、收益、代价、家族/兵种/城市影响；不强制弹窗暂停,迁徙自由下降,见“具体效果”；施工时拆为人口/经济/兵员/装备/忠诚/AI状态机参数
P012_2,编户定居制,成制,人口户籍,编户定居制·定制,48,8,833,41.7,人口增长、劳力分配、住房与兵员来源,在试行基础上扩大覆盖：无户籍人口-20%；劳役冲突-8%,士兵,降低短期人口产出,由对应官员职位+特性提出；能力低于门槛时无法提交；高阶成制需先完成试行或同类前置政策,主管离职/叛逃、城市失守、预算断裂、建筑被毁或前置制度撤销会中止；保留部分沉没成本,AI按缺口驱动：粮食不足、兵员不足、军械短缺、商税过低、边防受压等情况提高对应政策权重,固定申请箱显示提出者、门槛、成本、工期、收益、代价、家族/兵种/城市影响；不强制弹窗暂停,迁徙自由下降,见“具体效果”；施工时拆为人口/经济/兵员/装备/忠诚/AI状态机参数
P013_1,移民安置令,试行,人口户籍,移民安置令·议行,45,7,120,6.0,人口增长、劳力分配、住房与兵员来源,移民吸引+12%；空置住宅利用+10%,农民,增加国库支出,由对应官员职位+特性提出；能力低于门槛时无法提交；高阶成制需先完成试行或同类前置政策,主管离职/叛逃、城市失守、预算断裂、建筑被毁或前置制度撤销会中止；保留部分沉没成本,AI按缺口驱动：粮食不足、兵员不足、军械短缺、商税过低、边防受压等情况提高对应政策权重,固定申请箱显示提出者、门槛、成本、工期、收益、代价、家族/兵种/城市影响；不强制弹窗暂停,短期治安压力+5%,见“具体效果”；施工时拆为人口/经济/兵员/装备/忠诚/AI状态机参数
P013_2,移民安置令,成制,人口户籍,移民安置令·定制,53,9,198,9.9,人口增长、劳力分配、住房与兵员来源,在试行基础上扩大覆盖：移民吸引+12%；空置住宅利用+10%,农民,增加国库支出,由对应官员职位+特性提出；能力低于门槛时无法提交；高阶成制需先完成试行或同类前置政策,主管离职/叛逃、城市失守、预算断裂、建筑被毁或前置制度撤销会中止；保留部分沉没成本,AI按缺口驱动：粮食不足、兵员不足、军械短缺、商税过低、边防受压等情况提高对应政策权重,固定申请箱显示提出者、门槛、成本、工期、收益、代价、家族/兵种/城市影响；不强制弹窗暂停,短期治安压力+5%,见“具体效果”；施工时拆为人口/经济/兵员/装备/忠诚/AI状态机参数
P014_1,婚育奖给法,试行,人口户籍,婚育奖给法·议行,50,8,155,7.8,人口增长、劳力分配、住房与兵员来源,家庭生育倾向+8%,商人,压缩商税,由对应官员职位+特性提出；能力低于门槛时无法提交；高阶成制需先完成试行或同类前置政策,主管离职/叛逃、城市失守、预算断裂、建筑被毁或前置制度撤销会中止；保留部分沉没成本,AI按缺口驱动：粮食不足、兵员不足、军械短缺、商税过低、边防受压等情况提高对应政策权重,固定申请箱显示提出者、门槛、成本、工期、收益、代价、家族/兵种/城市影响；不强制弹窗暂停,粮食与住房压力提高,见“具体效果”；施工时拆为人口/经济/兵员/装备/忠诚/AI状态机参数
P014_2,婚育奖给法,成制,人口户籍,婚育奖给法·定制,58,10,256,12.8,人口增长、劳力分配、住房与兵员来源,在试行基础上扩大覆盖：家庭生育倾向+8%,商人,压缩商税,由对应官员职位+特性提出；能力低于门槛时无法提交；高阶成制需先完成试行或同类前置政策,主管离职/叛逃、城市失守、预算断裂、建筑被毁或前置制度撤销会中止；保留部分沉没成本,AI按缺口驱动：粮食不足、兵员不足、军械短缺、商税过低、边防受压等情况提高对应政策权重,固定申请箱显示提出者、门槛、成本、工期、收益、代价、家族/兵种/城市影响；不强制弹窗暂停,粮食与住房压力提高,见“具体效果”；施工时拆为人口/经济/兵员/装备/忠诚/AI状态机参数
P015_1,工匠登记制,试行,人口户籍,工匠登记制·议行,55,2,190,9.5,人口增长、劳力分配、住房与兵员来源,工匠岗位匹配+12%,贵族,提高贵族权力,由对应官员职位+特性提出；能力低于门槛时无法提交；高阶成制需先完成试行或同类前置政策,主管离职/叛逃、城市失守、预算断裂、建筑被毁或前置制度撤销会中止；保留部分沉没成本,AI按缺口驱动：粮食不足、兵员不足、军械短缺、商税过低、边防受压等情况提高对应政策权重,固定申请箱显示提出者、门槛、成本、工期、收益、代价、家族/兵种/城市影响；不强制弹窗暂停,工匠流动性下降,见“具体效果”；施工时拆为人口/经济/兵员/装备/忠诚/AI状态机参数
P015_2,工匠登记制,成制,人口户籍,工匠登记制·定制,63,4,314,15.7,人口增长、劳力分配、住房与兵员来源,在试行基础上扩大覆盖：工匠岗位匹配+12%,贵族,提高贵族权力,由对应官员职位+特性提出；能力低于门槛时无法提交；高阶成制需先完成试行或同类前置政策,主管离职/叛逃、城市失守、预算断裂、建筑被毁或前置制度撤销会中止；保留部分沉没成本,AI按缺口驱动：粮食不足、兵员不足、军械短缺、商税过低、边防受压等情况提高对应政策权重,固定申请箱显示提出者、门槛、成本、工期、收益、代价、家族/兵种/城市影响；不强制弹窗暂停,工匠流动性下降,见“具体效果”；施工时拆为人口/经济/兵员/装备/忠诚/AI状态机参数
P016_1,劳役定额法,试行,人口户籍,劳役定额法·议行,60,3,225,11.2,人口增长、劳力分配、住房与兵员来源,大型工程劳力可用+10%,官员,增加劳役,由对应官员职位+特性提出；能力低于门槛时无法提交；高阶成制需先完成试行或同类前置政策,主管离职/叛逃、城市失守、预算断裂、建筑被毁或前置制度撤销会中止；保留部分沉没成本,AI按缺口驱动：粮食不足、兵员不足、军械短缺、商税过低、边防受压等情况提高对应政策权重,固定申请箱显示提出者、门槛、成本、工期、收益、代价、家族/兵种/城市影响；不强制弹窗暂停,民间生产短期-4%,见“具体效果”；施工时拆为人口/经济/兵员/装备/忠诚/AI状态机参数
P016_2,劳役定额法,成制,人口户籍,劳役定额法·定制,68,5,371,18.6,人口增长、劳力分配、住房与兵员来源,在试行基础上扩大覆盖：大型工程劳力可用+10%,官员,增加劳役,由对应官员职位+特性提出；能力低于门槛时无法提交；高阶成制需先完成试行或同类前置政策,主管离职/叛逃、城市失守、预算断裂、建筑被毁或前置制度撤销会中止；保留部分沉没成本,AI按缺口驱动：粮食不足、兵员不足、军械短缺、商税过低、边防受压等情况提高对应政策权重,固定申请箱显示提出者、门槛、成本、工期、收益、代价、家族/兵种/城市影响；不强制弹窗暂停,民间生产短期-4%,见“具体效果”；施工时拆为人口/经济/兵员/装备/忠诚/AI状态机参数
P017_1,住宅扩建令,试行,人口户籍,住宅扩建令·议行,65,4,260,13.0,人口增长、劳力分配、住房与兵员来源,住房上限+12%,将军,提高军费,由对应官员职位+特性提出；能力低于门槛时无法提交；高阶成制需先完成试行或同类前置政策,主管离职/叛逃、城市失守、预算断裂、建筑被毁或前置制度撤销会中止；保留部分沉没成本,AI按缺口驱动：粮食不足、兵员不足、军械短缺、商税过低、边防受压等情况提高对应政策权重,固定申请箱显示提出者、门槛、成本、工期、收益、代价、家族/兵种/城市影响；不强制弹窗暂停,木石消耗增加,见“具体效果”；施工时拆为人口/经济/兵员/装备/忠诚/AI状态机参数
P017_2,住宅扩建令,成制,人口户籍,住宅扩建令·定制,73,6,429,21.4,人口增长、劳力分配、住房与兵员来源,在试行基础上扩大覆盖：住房上限+12%,将军,提高军费,由对应官员职位+特性提出；能力低于门槛时无法提交；高阶成制需先完成试行或同类前置政策,主管离职/叛逃、城市失守、预算断裂、建筑被毁或前置制度撤销会中止；保留部分沉没成本,AI按缺口驱动：粮食不足、兵员不足、军械短缺、商税过低、边防受压等情况提高对应政策权重,固定申请箱显示提出者、门槛、成本、工期、收益、代价、家族/兵种/城市影响；不强制弹窗暂停,木石消耗增加,见“具体效果”；施工时拆为人口/经济/兵员/装备/忠诚/AI状态机参数
P018_1,流民收容令,试行,人口户籍,流民收容令·议行,70,5,295,14.8,人口增长、劳力分配、住房与兵员来源,战乱流民死亡-12%,士兵,降低短期人口产出,由对应官员职位+特性提出；能力低于门槛时无法提交；高阶成制需先完成试行或同类前置政策,主管离职/叛逃、城市失守、预算断裂、建筑被毁或前置制度撤销会中止；保留部分沉没成本,AI按缺口驱动：粮食不足、兵员不足、军械短缺、商税过低、边防受压等情况提高对应政策权重,固定申请箱显示提出者、门槛、成本、工期、收益、代价、家族/兵种/城市影响；不强制弹窗暂停,救济开支增加,见“具体效果”；施工时拆为人口/经济/兵员/装备/忠诚/AI状态机参数
P018_2,流民收容令,成制,人口户籍,流民收容令·定制,78,7,487,24.3,人口增长、劳力分配、住房与兵员来源,在试行基础上扩大覆盖：战乱流民死亡-12%,士兵,降低短期人口产出,由对应官员职位+特性提出；能力低于门槛时无法提交；高阶成制需先完成试行或同类前置政策,主管离职/叛逃、城市失守、预算断裂、建筑被毁或前置制度撤销会中止；保留部分沉没成本,AI按缺口驱动：粮食不足、兵员不足、军械短缺、商税过低、边防受压等情况提高对应政策权重,固定申请箱显示提出者、门槛、成本、工期、收益、代价、家族/兵种/城市影响；不强制弹窗暂停,救济开支增加,见“具体效果”；施工时拆为人口/经济/兵员/装备/忠诚/AI状态机参数
P019_1,军户退役安置,试行,人口户籍,军户退役安置·议行,75,6,330,16.5,人口增长、劳力分配、住房与兵员来源,退伍失业-15%；老兵留城+10%,农民,增加国库支出,由对应官员职位+特性提出；能力低于门槛时无法提交；高阶成制需先完成试行或同类前置政策,主管离职/叛逃、城市失守、预算断裂、建筑被毁或前置制度撤销会中止；保留部分沉没成本,AI按缺口驱动：粮食不足、兵员不足、军械短缺、商税过低、边防受压等情况提高对应政策权重,固定申请箱显示提出者、门槛、成本、工期、收益、代价、家族/兵种/城市影响；不强制弹窗暂停,住房需求增加,见“具体效果”；施工时拆为人口/经济/兵员/装备/忠诚/AI状态机参数
P019_2,军户退役安置,成制,人口户籍,军户退役安置·定制,83,8,544,27.2,人口增长、劳力分配、住房与兵员来源,在试行基础上扩大覆盖：退伍失业-15%；老兵留城+10%,农民,增加国库支出,由对应官员职位+特性提出；能力低于门槛时无法提交；高阶成制需先完成试行或同类前置政策,主管离职/叛逃、城市失守、预算断裂、建筑被毁或前置制度撤销会中止；保留部分沉没成本,AI按缺口驱动：粮食不足、兵员不足、军械短缺、商税过低、边防受压等情况提高对应政策权重,固定申请箱显示提出者、门槛、成本、工期、收益、代价、家族/兵种/城市影响；不强制弹窗暂停,住房需求增加,见“具体效果”；施工时拆为人口/经济/兵员/装备/忠诚/AI状态机参数
P020_1,人口上限调节令,试行,人口户籍,人口上限调节令·议行,80,7,365,18.2,人口增长、劳力分配、住房与兵员来源,接近人口上限时增长减速更平滑,商人,压缩商税,由对应官员职位+特性提出；能力低于门槛时无法提交；高阶成制需先完成试行或同类前置政策,主管离职/叛逃、城市失守、预算断裂、建筑被毁或前置制度撤销会中止；保留部分沉没成本,AI按缺口驱动：粮食不足、兵员不足、军械短缺、商税过低、边防受压等情况提高对应政策权重,固定申请箱显示提出者、门槛、成本、工期、收益、代价、家族/兵种/城市影响；不强制弹窗暂停,扩张速度略降低,见“具体效果”；施工时拆为人口/经济/兵员/装备/忠诚/AI状态机参数
P020_2,人口上限调节令,成制,人口户籍,人口上限调节令·定制,88,9,602,30.1,人口增长、劳力分配、住房与兵员来源,在试行基础上扩大覆盖：接近人口上限时增长减速更平滑,商人,压缩商税,由对应官员职位+特性提出；能力低于门槛时无法提交；高阶成制需先完成试行或同类前置政策,主管离职/叛逃、城市失守、预算断裂、建筑被毁或前置制度撤销会中止；保留部分沉没成本,AI按缺口驱动：粮食不足、兵员不足、军械短缺、商税过低、边防受压等情况提高对应政策权重,固定申请箱显示提出者、门槛、成本、工期、收益、代价、家族/兵种/城市影响；不强制弹窗暂停,扩张速度略降低,见“具体效果”；施工时拆为人口/经济/兵员/装备/忠诚/AI状态机参数
P021_1,市税定则,试行,市场商税,市税定则·议行,35,8,400,20.0,商人数量、交易、税收与商军投资,商税收入+8%；商人忠诚-3%,贵族,提高贵族权力,由对应官员职位+特性提出；能力低于门槛时无法提交；高阶成制需先完成试行或同类前置政策,主管离职/叛逃、城市失守、预算断裂、建筑被毁或前置制度撤销会中止；保留部分沉没成本,AI按缺口驱动：粮食不足、兵员不足、军械短缺、商税过低、边防受压等情况提高对应政策权重,固定申请箱显示提出者、门槛、成本、工期、收益、代价、家族/兵种/城市影响；不强制弹窗暂停,高税会压低投资,见“具体效果”；施工时拆为人口/经济/兵员/装备/忠诚/AI状态机参数
P021_2,市税定则,成制,市场商税,市税定则·定制,43,10,660,33.0,商人数量、交易、税收与商军投资,在试行基础上扩大覆盖：商税收入+8%；商人忠诚-3%,贵族,提高贵族权力,由对应官员职位+特性提出；能力低于门槛时无法提交；高阶成制需先完成试行或同类前置政策,主管离职/叛逃、城市失守、预算断裂、建筑被毁或前置制度撤销会中止；保留部分沉没成本,AI按缺口驱动：粮食不足、兵员不足、军械短缺、商税过低、边防受压等情况提高对应政策权重,固定申请箱显示提出者、门槛、成本、工期、收益、代价、家族/兵种/城市影响；不强制弹窗暂停,高税会压低投资,见“具体效果”；施工时拆为人口/经济/兵员/装备/忠诚/AI状态机参数
P022_1,商籍登记法,试行,市场商税,商籍登记法·议行,40,2,435,21.8,商人数量、交易、税收与商军投资,逃税-12%；商户识别更准确,官员,增加劳役,由对应官员职位+特性提出；能力低于门槛时无法提交；高阶成制需先完成试行或同类前置政策,主管离职/叛逃、城市失守、预算断裂、建筑被毁或前置制度撤销会中止；保留部分沉没成本,AI按缺口驱动：粮食不足、兵员不足、军械短缺、商税过低、边防受压等情况提高对应政策权重,固定申请箱显示提出者、门槛、成本、工期、收益、代价、家族/兵种/城市影响；不强制弹窗暂停,行政成本增加,见“具体效果”；施工时拆为人口/经济/兵员/装备/忠诚/AI状态机参数
P022_2,商籍登记法,成制,市场商税,商籍登记法·定制,48,4,718,35.9,商人数量、交易、税收与商军投资,在试行基础上扩大覆盖：逃税-12%；商户识别更准确,官员,增加劳役,由对应官员职位+特性提出；能力低于门槛时无法提交；高阶成制需先完成试行或同类前置政策,主管离职/叛逃、城市失守、预算断裂、建筑被毁或前置制度撤销会中止；保留部分沉没成本,AI按缺口驱动：粮食不足、兵员不足、军械短缺、商税过低、边防受压等情况提高对应政策权重,固定申请箱显示提出者、门槛、成本、工期、收益、代价、家族/兵种/城市影响；不强制弹窗暂停,行政成本增加,见“具体效果”；施工时拆为人口/经济/兵员/装备/忠诚/AI状态机参数
P023_1,行商护券制,试行,市场商税,行商护券制·议行,45,3,470,23.5,商人数量、交易、税收与商军投资,商队遇袭损失-10%,将军,提高军费,由对应官员职位+特性提出；能力低于门槛时无法提交；高阶成制需先完成试行或同类前置政策,主管离职/叛逃、城市失守、预算断裂、建筑被毁或前置制度撤销会中止；保留部分沉没成本,AI按缺口驱动：粮食不足、兵员不足、军械短缺、商税过低、边防受压等情况提高对应政策权重,固定申请箱显示提出者、门槛、成本、工期、收益、代价、家族/兵种/城市影响；不强制弹窗暂停,领主承担部分护商成本,见“具体效果”；施工时拆为人口/经济/兵员/装备/忠诚/AI状态机参数
P023_2,行商护券制,成制,市场商税,行商护券制·定制,53,5,776,38.8,商人数量、交易、税收与商军投资,在试行基础上扩大覆盖：商队遇袭损失-10%,将军,提高军费,由对应官员职位+特性提出；能力低于门槛时无法提交；高阶成制需先完成试行或同类前置政策,主管离职/叛逃、城市失守、预算断裂、建筑被毁或前置制度撤销会中止；保留部分沉没成本,AI按缺口驱动：粮食不足、兵员不足、军械短缺、商税过低、边防受压等情况提高对应政策权重,固定申请箱显示提出者、门槛、成本、工期、收益、代价、家族/兵种/城市影响；不强制弹窗暂停,领主承担部分护商成本,见“具体效果”；施工时拆为人口/经济/兵员/装备/忠诚/AI状态机参数
P024_1,货栈许可令,试行,市场商税,货栈许可令·议行,50,4,505,25.2,商人数量、交易、税收与商军投资,仓储容量+12%；大宗交易+8%,士兵,降低短期人口产出,由对应官员职位+特性提出；能力低于门槛时无法提交；高阶成制需先完成试行或同类前置政策,主管离职/叛逃、城市失守、预算断裂、建筑被毁或前置制度撤销会中止；保留部分沉没成本,AI按缺口驱动：粮食不足、兵员不足、军械短缺、商税过低、边防受压等情况提高对应政策权重,固定申请箱显示提出者、门槛、成本、工期、收益、代价、家族/兵种/城市影响；不强制弹窗暂停,地块占用增加,见“具体效果”；施工时拆为人口/经济/兵员/装备/忠诚/AI状态机参数
P024_2,货栈许可令,成制,市场商税,货栈许可令·定制,58,6,833,41.7,商人数量、交易、税收与商军投资,在试行基础上扩大覆盖：仓储容量+12%；大宗交易+8%,士兵,降低短期人口产出,由对应官员职位+特性提出；能力低于门槛时无法提交；高阶成制需先完成试行或同类前置政策,主管离职/叛逃、城市失守、预算断裂、建筑被毁或前置制度撤销会中止；保留部分沉没成本,AI按缺口驱动：粮食不足、兵员不足、军械短缺、商税过低、边防受压等情况提高对应政策权重,固定申请箱显示提出者、门槛、成本、工期、收益、代价、家族/兵种/城市影响；不强制弹窗暂停,地块占用增加,见“具体效果”；施工时拆为人口/经济/兵员/装备/忠诚/AI状态机参数
P025_1,官市平准法,试行,市场商税,官市平准法·议行,55,5,120,6.0,商人数量、交易、税收与商军投资,物价异常波动-12%,农民,增加国库支出,由对应官员职位+特性提出；能力低于门槛时无法提交；高阶成制需先完成试行或同类前置政策,主管离职/叛逃、城市失守、预算断裂、建筑被毁或前置制度撤销会中止；保留部分沉没成本,AI按缺口驱动：粮食不足、兵员不足、军械短缺、商税过低、边防受压等情况提高对应政策权重,固定申请箱显示提出者、门槛、成本、工期、收益、代价、家族/兵种/城市影响；不强制弹窗暂停,国库需持有平准资金,见“具体效果”；施工时拆为人口/经济/兵员/装备/忠诚/AI状态机参数
P025_2,官市平准法,成制,市场商税,官市平准法·定制,63,7,198,9.9,商人数量、交易、税收与商军投资,在试行基础上扩大覆盖：物价异常波动-12%,农民,增加国库支出,由对应官员职位+特性提出；能力低于门槛时无法提交；高阶成制需先完成试行或同类前置政策,主管离职/叛逃、城市失守、预算断裂、建筑被毁或前置制度撤销会中止；保留部分沉没成本,AI按缺口驱动：粮食不足、兵员不足、军械短缺、商税过低、边防受压等情况提高对应政策权重,固定申请箱显示提出者、门槛、成本、工期、收益、代价、家族/兵种/城市影响；不强制弹窗暂停,国库需持有平准资金,见“具体效果”；施工时拆为人口/经济/兵员/装备/忠诚/AI状态机参数
P026_1,路税合并令,试行,市场商税,路税合并令·议行,60,6,155,7.8,商人数量、交易、税收与商军投资,重复路税-20%；商路流量+8%,商人,压缩商税,由对应官员职位+特性提出；能力低于门槛时无法提交；高阶成制需先完成试行或同类前置政策,主管离职/叛逃、城市失守、预算断裂、建筑被毁或前置制度撤销会中止；保留部分沉没成本,AI按缺口驱动：粮食不足、兵员不足、军械短缺、商税过低、边防受压等情况提高对应政策权重,固定申请箱显示提出者、门槛、成本、工期、收益、代价、家族/兵种/城市影响；不强制弹窗暂停,部分地方税收下降,见“具体效果”；施工时拆为人口/经济/兵员/装备/忠诚/AI状态机参数
P026_2,路税合并令,成制,市场商税,路税合并令·定制,68,8,256,12.8,商人数量、交易、税收与商军投资,在试行基础上扩大覆盖：重复路税-20%；商路流量+8%,商人,压缩商税,由对应官员职位+特性提出；能力低于门槛时无法提交；高阶成制需先完成试行或同类前置政策,主管离职/叛逃、城市失守、预算断裂、建筑被毁或前置制度撤销会中止；保留部分沉没成本,AI按缺口驱动：粮食不足、兵员不足、军械短缺、商税过低、边防受压等情况提高对应政策权重,固定申请箱显示提出者、门槛、成本、工期、收益、代价、家族/兵种/城市影响；不强制弹窗暂停,部分地方税收下降,见“具体效果”；施工时拆为人口/经济/兵员/装备/忠诚/AI状态机参数
P027_1,商团担保制,试行,市场商税,商团担保制·议行,65,7,190,9.5,商人数量、交易、税收与商军投资,商人投资军队上限+10%,贵族,提高贵族权力,由对应官员职位+特性提出；能力低于门槛时无法提交；高阶成制需先完成试行或同类前置政策,主管离职/叛逃、城市失守、预算断裂、建筑被毁或前置制度撤销会中止；保留部分沉没成本,AI按缺口驱动：粮食不足、兵员不足、军械短缺、商税过低、边防受压等情况提高对应政策权重,固定申请箱显示提出者、门槛、成本、工期、收益、代价、家族/兵种/城市影响；不强制弹窗暂停,接受投资将减少对应商人税收,见“具体效果”；施工时拆为人口/经济/兵员/装备/忠诚/AI状态机参数
P027_2,商团担保制,成制,市场商税,商团担保制·定制,73,9,314,15.7,商人数量、交易、税收与商军投资,在试行基础上扩大覆盖：商人投资军队上限+10%,贵族,提高贵族权力,由对应官员职位+特性提出；能力低于门槛时无法提交；高阶成制需先完成试行或同类前置政策,主管离职/叛逃、城市失守、预算断裂、建筑被毁或前置制度撤销会中止；保留部分沉没成本,AI按缺口驱动：粮食不足、兵员不足、军械短缺、商税过低、边防受压等情况提高对应政策权重,固定申请箱显示提出者、门槛、成本、工期、收益、代价、家族/兵种/城市影响；不强制弹窗暂停,接受投资将减少对应商人税收,见“具体效果”；施工时拆为人口/经济/兵员/装备/忠诚/AI状态机参数
P028_1,战时征购令,试行,市场商税,战时征购令·议行,70,8,225,11.2,商人数量、交易、税收与商军投资,战时军需获取+12%,官员,增加劳役,由对应官员职位+特性提出；能力低于门槛时无法提交；高阶成制需先完成试行或同类前置政策,主管离职/叛逃、城市失守、预算断裂、建筑被毁或前置制度撤销会中止；保留部分沉没成本,AI按缺口驱动：粮食不足、兵员不足、军械短缺、商税过低、边防受压等情况提高对应政策权重,固定申请箱显示提出者、门槛、成本、工期、收益、代价、家族/兵种/城市影响；不强制弹窗暂停,市场物价+6%,见“具体效果”；施工时拆为人口/经济/兵员/装备/忠诚/AI状态机参数
P028_2,战时征购令,成制,市场商税,战时征购令·定制,78,10,371,18.6,商人数量、交易、税收与商军投资,在试行基础上扩大覆盖：战时军需获取+12%,官员,增加劳役,由对应官员职位+特性提出；能力低于门槛时无法提交；高阶成制需先完成试行或同类前置政策,主管离职/叛逃、城市失守、预算断裂、建筑被毁或前置制度撤销会中止；保留部分沉没成本,AI按缺口驱动：粮食不足、兵员不足、军械短缺、商税过低、边防受压等情况提高对应政策权重,固定申请箱显示提出者、门槛、成本、工期、收益、代价、家族/兵种/城市影响；不强制弹窗暂停,市场物价+6%,见“具体效果”；施工时拆为人口/经济/兵员/装备/忠诚/AI状态机参数
P029_1,奢侈品税则,试行,市场商税,奢侈品税则·议行,75,2,260,13.0,商人数量、交易、税收与商军投资,奢侈品税收+10%,将军,提高军费,由对应官员职位+特性提出；能力低于门槛时无法提交；高阶成制需先完成试行或同类前置政策,主管离职/叛逃、城市失守、预算断裂、建筑被毁或前置制度撤销会中止；保留部分沉没成本,AI按缺口驱动：粮食不足、兵员不足、军械短缺、商税过低、边防受压等情况提高对应政策权重,固定申请箱显示提出者、门槛、成本、工期、收益、代价、家族/兵种/城市影响；不强制弹窗暂停,富商忠诚-5%,见“具体效果”；施工时拆为人口/经济/兵员/装备/忠诚/AI状态机参数
P029_2,奢侈品税则,成制,市场商税,奢侈品税则·定制,83,4,429,21.4,商人数量、交易、税收与商军投资,在试行基础上扩大覆盖：奢侈品税收+10%,将军,提高军费,由对应官员职位+特性提出；能力低于门槛时无法提交；高阶成制需先完成试行或同类前置政策,主管离职/叛逃、城市失守、预算断裂、建筑被毁或前置制度撤销会中止；保留部分沉没成本,AI按缺口驱动：粮食不足、兵员不足、军械短缺、商税过低、边防受压等情况提高对应政策权重,固定申请箱显示提出者、门槛、成本、工期、收益、代价、家族/兵种/城市影响；不强制弹窗暂停,富商忠诚-5%,见“具体效果”；施工时拆为人口/经济/兵员/装备/忠诚/AI状态机参数
P030_1,战后复市令,试行,市场商税,战后复市令·议行,80,3,295,14.8,商人数量、交易、税收与商军投资,战后商户恢复+12%,士兵,降低短期人口产出,由对应官员职位+特性提出；能力低于门槛时无法提交；高阶成制需先完成试行或同类前置政策,主管离职/叛逃、城市失守、预算断裂、建筑被毁或前置制度撤销会中止；保留部分沉没成本,AI按缺口驱动：粮食不足、兵员不足、军械短缺、商税过低、边防受压等情况提高对应政策权重,固定申请箱显示提出者、门槛、成本、工期、收益、代价、家族/兵种/城市影响；不强制弹窗暂停,短期减税使国库收入下降,见“具体效果”；施工时拆为人口/经济/兵员/装备/忠诚/AI状态机参数
P030_2,战后复市令,成制,市场商税,战后复市令·定制,88,5,487,24.3,商人数量、交易、税收与商军投资,在试行基础上扩大覆盖：战后商户恢复+12%,士兵,降低短期人口产出,由对应官员职位+特性提出；能力低于门槛时无法提交；高阶成制需先完成试行或同类前置政策,主管离职/叛逃、城市失守、预算断裂、建筑被毁或前置制度撤销会中止；保留部分沉没成本,AI按缺口驱动：粮食不足、兵员不足、军械短缺、商税过低、边防受压等情况提高对应政策权重,固定申请箱显示提出者、门槛、成本、工期、收益、代价、家族/兵种/城市影响；不强制弹窗暂停,短期减税使国库收入下降,见“具体效果”；施工时拆为人口/经济/兵员/装备/忠诚/AI状态机参数
P031_1,年度度支法,试行,财政国库,年度度支法·议行,35,4,330,16.5,国库现金流、军费、债务与工程预算,预算偏差-10%；政策超支-8%,农民,增加国库支出,由对应官员职位+特性提出；能力低于门槛时无法提交；高阶成制需先完成试行或同类前置政策,主管离职/叛逃、城市失守、预算断裂、建筑被毁或前置制度撤销会中止；保留部分沉没成本,AI按缺口驱动：粮食不足、兵员不足、军械短缺、商税过低、边防受压等情况提高对应政策权重,固定申请箱显示提出者、门槛、成本、工期、收益、代价、家族/兵种/城市影响；不强制弹窗暂停,行政流程略慢,见“具体效果”；施工时拆为人口/经济/兵员/装备/忠诚/AI状态机参数
P031_2,年度度支法,成制,财政国库,年度度支法·定制,43,6,544,27.2,国库现金流、军费、债务与工程预算,在试行基础上扩大覆盖：预算偏差-10%；政策超支-8%,农民,增加国库支出,由对应官员职位+特性提出；能力低于门槛时无法提交；高阶成制需先完成试行或同类前置政策,主管离职/叛逃、城市失守、预算断裂、建筑被毁或前置制度撤销会中止；保留部分沉没成本,AI按缺口驱动：粮食不足、兵员不足、军械短缺、商税过低、边防受压等情况提高对应政策权重,固定申请箱显示提出者、门槛、成本、工期、收益、代价、家族/兵种/城市影响；不强制弹窗暂停,行政流程略慢,见“具体效果”；施工时拆为人口/经济/兵员/装备/忠诚/AI状态机参数
P032_1,军费专账制,试行,财政国库,军费专账制·议行,40,5,365,18.2,国库现金流、军费、债务与工程预算,军费拖欠概率-12%,商人,压缩商税,由对应官员职位+特性提出；能力低于门槛时无法提交；高阶成制需先完成试行或同类前置政策,主管离职/叛逃、城市失守、预算断裂、建筑被毁或前置制度撤销会中止；保留部分沉没成本,AI按缺口驱动：粮食不足、兵员不足、军械短缺、商税过低、边防受压等情况提高对应政策权重,固定申请箱显示提出者、门槛、成本、工期、收益、代价、家族/兵种/城市影响；不强制弹窗暂停,必须预留国库现金,见“具体效果”；施工时拆为人口/经济/兵员/装备/忠诚/AI状态机参数
P032_2,军费专账制,成制,财政国库,军费专账制·定制,48,7,602,30.1,国库现金流、军费、债务与工程预算,在试行基础上扩大覆盖：军费拖欠概率-12%,商人,压缩商税,由对应官员职位+特性提出；能力低于门槛时无法提交；高阶成制需先完成试行或同类前置政策,主管离职/叛逃、城市失守、预算断裂、建筑被毁或前置制度撤销会中止；保留部分沉没成本,AI按缺口驱动：粮食不足、兵员不足、军械短缺、商税过低、边防受压等情况提高对应政策权重,固定申请箱显示提出者、门槛、成本、工期、收益、代价、家族/兵种/城市影响；不强制弹窗暂停,必须预留国库现金,见“具体效果”；施工时拆为人口/经济/兵员/装备/忠诚/AI状态机参数
P033_1,工程预算令,试行,财政国库,工程预算令·议行,45,6,400,20.0,国库现金流、军费、债务与工程预算,大型工程超支-10%,贵族,提高贵族权力,由对应官员职位+特性提出；能力低于门槛时无法提交；高阶成制需先完成试行或同类前置政策,主管离职/叛逃、城市失守、预算断裂、建筑被毁或前置制度撤销会中止；保留部分沉没成本,AI按缺口驱动：粮食不足、兵员不足、军械短缺、商税过低、边防受压等情况提高对应政策权重,固定申请箱显示提出者、门槛、成本、工期、收益、代价、家族/兵种/城市影响；不强制弹窗暂停,立项门槛提高,见“具体效果”；施工时拆为人口/经济/兵员/装备/忠诚/AI状态机参数
P033_2,工程预算令,成制,财政国库,工程预算令·定制,53,8,660,33.0,国库现金流、军费、债务与工程预算,在试行基础上扩大覆盖：大型工程超支-10%,贵族,提高贵族权力,由对应官员职位+特性提出；能力低于门槛时无法提交；高阶成制需先完成试行或同类前置政策,主管离职/叛逃、城市失守、预算断裂、建筑被毁或前置制度撤销会中止；保留部分沉没成本,AI按缺口驱动：粮食不足、兵员不足、军械短缺、商税过低、边防受压等情况提高对应政策权重,固定申请箱显示提出者、门槛、成本、工期、收益、代价、家族/兵种/城市影响；不强制弹窗暂停,立项门槛提高,见“具体效果”；施工时拆为人口/经济/兵员/装备/忠诚/AI状态机参数
P034_1,紧急借款令,试行,财政国库,紧急借款令·议行,50,7,435,21.8,国库现金流、军费、债务与工程预算,紧急可借款上限+15%,官员,增加劳役,由对应官员职位+特性提出；能力低于门槛时无法提交；高阶成制需先完成试行或同类前置政策,主管离职/叛逃、城市失守、预算断裂、建筑被毁或前置制度撤销会中止；保留部分沉没成本,AI按缺口驱动：粮食不足、兵员不足、军械短缺、商税过低、边防受压等情况提高对应政策权重,固定申请箱显示提出者、门槛、成本、工期、收益、代价、家族/兵种/城市影响；不强制弹窗暂停,未来利息支出增加,见“具体效果”；施工时拆为人口/经济/兵员/装备/忠诚/AI状态机参数
P034_2,紧急借款令,成制,财政国库,紧急借款令·定制,58,9,718,35.9,国库现金流、军费、债务与工程预算,在试行基础上扩大覆盖：紧急可借款上限+15%,官员,增加劳役,由对应官员职位+特性提出；能力低于门槛时无法提交；高阶成制需先完成试行或同类前置政策,主管离职/叛逃、城市失守、预算断裂、建筑被毁或前置制度撤销会中止；保留部分沉没成本,AI按缺口驱动：粮食不足、兵员不足、军械短缺、商税过低、边防受压等情况提高对应政策权重,固定申请箱显示提出者、门槛、成本、工期、收益、代价、家族/兵种/城市影响；不强制弹窗暂停,未来利息支出增加,见“具体效果”；施工时拆为人口/经济/兵员/装备/忠诚/AI状态机参数
P035_1,商人军资债券,试行,财政国库,商人军资债券·议行,55,8,470,23.5,国库现金流、军费、债务与工程预算,商人军资融资+12%,将军,提高军费,由对应官员职位+特性提出；能力低于门槛时无法提交；高阶成制需先完成试行或同类前置政策,主管离职/叛逃、城市失守、预算断裂、建筑被毁或前置制度撤销会中止；保留部分沉没成本,AI按缺口驱动：粮食不足、兵员不足、军械短缺、商税过低、边防受压等情况提高对应政策权重,固定申请箱显示提出者、门槛、成本、工期、收益、代价、家族/兵种/城市影响；不强制弹窗暂停,投资商人税收让渡更高,见“具体效果”；施工时拆为人口/经济/兵员/装备/忠诚/AI状态机参数
P035_2,商人军资债券,成制,财政国库,商人军资债券·定制,63,10,776,38.8,国库现金流、军费、债务与工程预算,在试行基础上扩大覆盖：商人军资融资+12%,将军,提高军费,由对应官员职位+特性提出；能力低于门槛时无法提交；高阶成制需先完成试行或同类前置政策,主管离职/叛逃、城市失守、预算断裂、建筑被毁或前置制度撤销会中止；保留部分沉没成本,AI按缺口驱动：粮食不足、兵员不足、军械短缺、商税过低、边防受压等情况提高对应政策权重,固定申请箱显示提出者、门槛、成本、工期、收益、代价、家族/兵种/城市影响；不强制弹窗暂停,投资商人税收让渡更高,见“具体效果”；施工时拆为人口/经济/兵员/装备/忠诚/AI状态机参数
P036_1,贵族献金令,试行,财政国库,贵族献金令·议行,60,2,505,25.2,国库现金流、军费、债务与工程预算,贵族紧急献金+10%,士兵,降低短期人口产出,由对应官员职位+特性提出；能力低于门槛时无法提交；高阶成制需先完成试行或同类前置政策,主管离职/叛逃、城市失守、预算断裂、建筑被毁或前置制度撤销会中止；保留部分沉没成本,AI按缺口驱动：粮食不足、兵员不足、军械短缺、商税过低、边防受压等情况提高对应政策权重,固定申请箱显示提出者、门槛、成本、工期、收益、代价、家族/兵种/城市影响；不强制弹窗暂停,贵族政治诉求增加,见“具体效果”；施工时拆为人口/经济/兵员/装备/忠诚/AI状态机参数
P036_2,贵族献金令,成制,财政国库,贵族献金令·定制,68,4,833,41.7,国库现金流、军费、债务与工程预算,在试行基础上扩大覆盖：贵族紧急献金+10%,士兵,降低短期人口产出,由对应官员职位+特性提出；能力低于门槛时无法提交；高阶成制需先完成试行或同类前置政策,主管离职/叛逃、城市失守、预算断裂、建筑被毁或前置制度撤销会中止；保留部分沉没成本,AI按缺口驱动：粮食不足、兵员不足、军械短缺、商税过低、边防受压等情况提高对应政策权重,固定申请箱显示提出者、门槛、成本、工期、收益、代价、家族/兵种/城市影响；不强制弹窗暂停,贵族政治诉求增加,见“具体效果”；施工时拆为人口/经济/兵员/装备/忠诚/AI状态机参数
P037_1,税收缓征法,试行,财政国库,税收缓征法·议行,65,3,120,6.0,国库现金流、军费、债务与工程预算,经济衰退时税收惩罚-8%,农民,增加国库支出,由对应官员职位+特性提出；能力低于门槛时无法提交；高阶成制需先完成试行或同类前置政策,主管离职/叛逃、城市失守、预算断裂、建筑被毁或前置制度撤销会中止；保留部分沉没成本,AI按缺口驱动：粮食不足、兵员不足、军械短缺、商税过低、边防受压等情况提高对应政策权重,固定申请箱显示提出者、门槛、成本、工期、收益、代价、家族/兵种/城市影响；不强制弹窗暂停,国库短期收入下降,见“具体效果”；施工时拆为人口/经济/兵员/装备/忠诚/AI状态机参数
P037_2,税收缓征法,成制,财政国库,税收缓征法·定制,73,5,198,9.9,国库现金流、军费、债务与工程预算,在试行基础上扩大覆盖：经济衰退时税收惩罚-8%,农民,增加国库支出,由对应官员职位+特性提出；能力低于门槛时无法提交；高阶成制需先完成试行或同类前置政策,主管离职/叛逃、城市失守、预算断裂、建筑被毁或前置制度撤销会中止；保留部分沉没成本,AI按缺口驱动：粮食不足、兵员不足、军械短缺、商税过低、边防受压等情况提高对应政策权重,固定申请箱显示提出者、门槛、成本、工期、收益、代价、家族/兵种/城市影响；不强制弹窗暂停,国库短期收入下降,见“具体效果”；施工时拆为人口/经济/兵员/装备/忠诚/AI状态机参数
P038_1,欠款展期令,试行,财政国库,欠款展期令·议行,70,4,155,7.8,国库现金流、军费、债务与工程预算,将军/商人债务违约-10%,商人,压缩商税,由对应官员职位+特性提出；能力低于门槛时无法提交；高阶成制需先完成试行或同类前置政策,主管离职/叛逃、城市失守、预算断裂、建筑被毁或前置制度撤销会中止；保留部分沉没成本,AI按缺口驱动：粮食不足、兵员不足、军械短缺、商税过低、边防受压等情况提高对应政策权重,固定申请箱显示提出者、门槛、成本、工期、收益、代价、家族/兵种/城市影响；不强制弹窗暂停,债务周期拉长,见“具体效果”；施工时拆为人口/经济/兵员/装备/忠诚/AI状态机参数
P038_2,欠款展期令,成制,财政国库,欠款展期令·定制,78,6,256,12.8,国库现金流、军费、债务与工程预算,在试行基础上扩大覆盖：将军/商人债务违约-10%,商人,压缩商税,由对应官员职位+特性提出；能力低于门槛时无法提交；高阶成制需先完成试行或同类前置政策,主管离职/叛逃、城市失守、预算断裂、建筑被毁或前置制度撤销会中止；保留部分沉没成本,AI按缺口驱动：粮食不足、兵员不足、军械短缺、商税过低、边防受压等情况提高对应政策权重,固定申请箱显示提出者、门槛、成本、工期、收益、代价、家族/兵种/城市影响；不强制弹窗暂停,债务周期拉长,见“具体效果”；施工时拆为人口/经济/兵员/装备/忠诚/AI状态机参数
P039_1,国库储备线,试行,财政国库,国库储备线·议行,75,5,190,9.5,国库现金流、军费、债务与工程预算,最低现金储备+15%,贵族,提高贵族权力,由对应官员职位+特性提出；能力低于门槛时无法提交；高阶成制需先完成试行或同类前置政策,主管离职/叛逃、城市失守、预算断裂、建筑被毁或前置制度撤销会中止；保留部分沉没成本,AI按缺口驱动：粮食不足、兵员不足、军械短缺、商税过低、边防受压等情况提高对应政策权重,固定申请箱显示提出者、门槛、成本、工期、收益、代价、家族/兵种/城市影响；不强制弹窗暂停,可自由支出下降,见“具体效果”；施工时拆为人口/经济/兵员/装备/忠诚/AI状态机参数
P039_2,国库储备线,成制,财政国库,国库储备线·定制,83,7,314,15.7,国库现金流、军费、债务与工程预算,在试行基础上扩大覆盖：最低现金储备+15%,贵族,提高贵族权力,由对应官员职位+特性提出；能力低于门槛时无法提交；高阶成制需先完成试行或同类前置政策,主管离职/叛逃、城市失守、预算断裂、建筑被毁或前置制度撤销会中止；保留部分沉没成本,AI按缺口驱动：粮食不足、兵员不足、军械短缺、商税过低、边防受压等情况提高对应政策权重,固定申请箱显示提出者、门槛、成本、工期、收益、代价、家族/兵种/城市影响；不强制弹窗暂停,可自由支出下降,见“具体效果”；施工时拆为人口/经济/兵员/装备/忠诚/AI状态机参数
P040_1,战利品入库法,试行,财政国库,战利品入库法·议行,80,6,225,11.2,国库现金流、军费、债务与工程预算,战利品入库+10%,官员,增加劳役,由对应官员职位+特性提出；能力低于门槛时无法提交；高阶成制需先完成试行或同类前置政策,主管离职/叛逃、城市失守、预算断裂、建筑被毁或前置制度撤销会中止；保留部分沉没成本,AI按缺口驱动：粮食不足、兵员不足、军械短缺、商税过低、边防受压等情况提高对应政策权重,固定申请箱显示提出者、门槛、成本、工期、收益、代价、家族/兵种/城市影响；不强制弹窗暂停,将军私人分成下降，忠诚-3%,见“具体效果”；施工时拆为人口/经济/兵员/装备/忠诚/AI状态机参数
P040_2,战利品入库法,成制,财政国库,战利品入库法·定制,88,8,371,18.6,国库现金流、军费、债务与工程预算,在试行基础上扩大覆盖：战利品入库+10%,官员,增加劳役,由对应官员职位+特性提出；能力低于门槛时无法提交；高阶成制需先完成试行或同类前置政策,主管离职/叛逃、城市失守、预算断裂、建筑被毁或前置制度撤销会中止；保留部分沉没成本,AI按缺口驱动：粮食不足、兵员不足、军械短缺、商税过低、边防受压等情况提高对应政策权重,固定申请箱显示提出者、门槛、成本、工期、收益、代价、家族/兵种/城市影响；不强制弹窗暂停,将军私人分成下降，忠诚-3%,见“具体效果”；施工时拆为人口/经济/兵员/装备/忠诚/AI状态机参数
P041_1,军功授爵令,试行,贵族家族,军功授爵令·议行,35,7,260,13.0,贵族权力、忠诚、私兵与反叛风险,平民军功晋升贵族通道开启,将军,提高军费,由对应官员职位+特性提出；能力低于门槛时无法提交；高阶成制需先完成试行或同类前置政策,主管离职/叛逃、城市失守、预算断裂、建筑被毁或前置制度撤销会中止；保留部分沉没成本,AI按缺口驱动：粮食不足、兵员不足、军械短缺、商税过低、边防受压等情况提高对应政策权重,固定申请箱显示提出者、门槛、成本、工期、收益、代价、家族/兵种/城市影响；不强制弹窗暂停,传统贵族不满+5%,见“具体效果”；施工时拆为人口/经济/兵员/装备/忠诚/AI状态机参数
P041_2,军功授爵令,成制,贵族家族,军功授爵令·定制,43,9,429,21.4,贵族权力、忠诚、私兵与反叛风险,在试行基础上扩大覆盖：平民军功晋升贵族通道开启,将军,提高军费,由对应官员职位+特性提出；能力低于门槛时无法提交；高阶成制需先完成试行或同类前置政策,主管离职/叛逃、城市失守、预算断裂、建筑被毁或前置制度撤销会中止；保留部分沉没成本,AI按缺口驱动：粮食不足、兵员不足、军械短缺、商税过低、边防受压等情况提高对应政策权重,固定申请箱显示提出者、门槛、成本、工期、收益、代价、家族/兵种/城市影响；不强制弹窗暂停,传统贵族不满+5%,见“具体效果”；施工时拆为人口/经济/兵员/装备/忠诚/AI状态机参数
P042_1,贵族袭爵制,试行,贵族家族,贵族袭爵制·议行,40,8,295,14.8,贵族权力、忠诚、私兵与反叛风险,继承稳定+10%,士兵,降低短期人口产出,由对应官员职位+特性提出；能力低于门槛时无法提交；高阶成制需先完成试行或同类前置政策,主管离职/叛逃、城市失守、预算断裂、建筑被毁或前置制度撤销会中止；保留部分沉没成本,AI按缺口驱动：粮食不足、兵员不足、军械短缺、商税过低、边防受压等情况提高对应政策权重,固定申请箱显示提出者、门槛、成本、工期、收益、代价、家族/兵种/城市影响；不强制弹窗暂停,家族固化提高,见“具体效果”；施工时拆为人口/经济/兵员/装备/忠诚/AI状态机参数
P042_2,贵族袭爵制,成制,贵族家族,贵族袭爵制·定制,48,10,487,24.3,贵族权力、忠诚、私兵与反叛风险,在试行基础上扩大覆盖：继承稳定+10%,士兵,降低短期人口产出,由对应官员职位+特性提出；能力低于门槛时无法提交；高阶成制需先完成试行或同类前置政策,主管离职/叛逃、城市失守、预算断裂、建筑被毁或前置制度撤销会中止；保留部分沉没成本,AI按缺口驱动：粮食不足、兵员不足、军械短缺、商税过低、边防受压等情况提高对应政策权重,固定申请箱显示提出者、门槛、成本、工期、收益、代价、家族/兵种/城市影响；不强制弹窗暂停,家族固化提高,见“具体效果”；施工时拆为人口/经济/兵员/装备/忠诚/AI状态机参数
P043_1,家族私兵限额,试行,贵族家族,家族私兵限额·议行,45,2,330,16.5,贵族权力、忠诚、私兵与反叛风险,私兵规模超额-20%,农民,增加国库支出,由对应官员职位+特性提出；能力低于门槛时无法提交；高阶成制需先完成试行或同类前置政策,主管离职/叛逃、城市失守、预算断裂、建筑被毁或前置制度撤销会中止；保留部分沉没成本,AI按缺口驱动：粮食不足、兵员不足、军械短缺、商税过低、边防受压等情况提高对应政策权重,固定申请箱显示提出者、门槛、成本、工期、收益、代价、家族/兵种/城市影响；不强制弹窗暂停,豪族忠诚-5%,见“具体效果”；施工时拆为人口/经济/兵员/装备/忠诚/AI状态机参数
P043_2,家族私兵限额,成制,贵族家族,家族私兵限额·定制,53,4,544,27.2,贵族权力、忠诚、私兵与反叛风险,在试行基础上扩大覆盖：私兵规模超额-20%,农民,增加国库支出,由对应官员职位+特性提出；能力低于门槛时无法提交；高阶成制需先完成试行或同类前置政策,主管离职/叛逃、城市失守、预算断裂、建筑被毁或前置制度撤销会中止；保留部分沉没成本,AI按缺口驱动：粮食不足、兵员不足、军械短缺、商税过低、边防受压等情况提高对应政策权重,固定申请箱显示提出者、门槛、成本、工期、收益、代价、家族/兵种/城市影响；不强制弹窗暂停,豪族忠诚-5%,见“具体效果”；施工时拆为人口/经济/兵员/装备/忠诚/AI状态机参数
P044_1,贵族献马令,试行,贵族家族,贵族献马令·议行,50,3,365,18.2,贵族权力、忠诚、私兵与反叛风险,贵族提供军马+10%,商人,压缩商税,由对应官员职位+特性提出；能力低于门槛时无法提交；高阶成制需先完成试行或同类前置政策,主管离职/叛逃、城市失守、预算断裂、建筑被毁或前置制度撤销会中止；保留部分沉没成本,AI按缺口驱动：粮食不足、兵员不足、军械短缺、商税过低、边防受压等情况提高对应政策权重,固定申请箱显示提出者、门槛、成本、工期、收益、代价、家族/兵种/城市影响；不强制弹窗暂停,需减免部分家族税,见“具体效果”；施工时拆为人口/经济/兵员/装备/忠诚/AI状态机参数
P044_2,贵族献马令,成制,贵族家族,贵族献马令·定制,58,5,602,30.1,贵族权力、忠诚、私兵与反叛风险,在试行基础上扩大覆盖：贵族提供军马+10%,商人,压缩商税,由对应官员职位+特性提出；能力低于门槛时无法提交；高阶成制需先完成试行或同类前置政策,主管离职/叛逃、城市失守、预算断裂、建筑被毁或前置制度撤销会中止；保留部分沉没成本,AI按缺口驱动：粮食不足、兵员不足、军械短缺、商税过低、边防受压等情况提高对应政策权重,固定申请箱显示提出者、门槛、成本、工期、收益、代价、家族/兵种/城市影响；不强制弹窗暂停,需减免部分家族税,见“具体效果”；施工时拆为人口/经济/兵员/装备/忠诚/AI状态机参数
P045_1,家族联姻备案,试行,贵族家族,家族联姻备案·议行,55,4,400,20.0,贵族权力、忠诚、私兵与反叛风险,家族联姻冲突-10%,贵族,提高贵族权力,由对应官员职位+特性提出；能力低于门槛时无法提交；高阶成制需先完成试行或同类前置政策,主管离职/叛逃、城市失守、预算断裂、建筑被毁或前置制度撤销会中止；保留部分沉没成本,AI按缺口驱动：粮食不足、兵员不足、军械短缺、商税过低、边防受压等情况提高对应政策权重,固定申请箱显示提出者、门槛、成本、工期、收益、代价、家族/兵种/城市影响；不强制弹窗暂停,家族政治网络更强,见“具体效果”；施工时拆为人口/经济/兵员/装备/忠诚/AI状态机参数
P045_2,家族联姻备案,成制,贵族家族,家族联姻备案·定制,63,6,660,33.0,贵族权力、忠诚、私兵与反叛风险,在试行基础上扩大覆盖：家族联姻冲突-10%,贵族,提高贵族权力,由对应官员职位+特性提出；能力低于门槛时无法提交；高阶成制需先完成试行或同类前置政策,主管离职/叛逃、城市失守、预算断裂、建筑被毁或前置制度撤销会中止；保留部分沉没成本,AI按缺口驱动：粮食不足、兵员不足、军械短缺、商税过低、边防受压等情况提高对应政策权重,固定申请箱显示提出者、门槛、成本、工期、收益、代价、家族/兵种/城市影响；不强制弹窗暂停,家族政治网络更强,见“具体效果”；施工时拆为人口/经济/兵员/装备/忠诚/AI状态机参数
P046_1,豪族财产登记,试行,贵族家族,豪族财产登记·议行,60,5,435,21.8,贵族权力、忠诚、私兵与反叛风险,豪族税基识别+12%,官员,增加劳役,由对应官员职位+特性提出；能力低于门槛时无法提交；高阶成制需先完成试行或同类前置政策,主管离职/叛逃、城市失守、预算断裂、建筑被毁或前置制度撤销会中止；保留部分沉没成本,AI按缺口驱动：粮食不足、兵员不足、军械短缺、商税过低、边防受压等情况提高对应政策权重,固定申请箱显示提出者、门槛、成本、工期、收益、代价、家族/兵种/城市影响；不强制弹窗暂停,大族抵触+4%,见“具体效果”；施工时拆为人口/经济/兵员/装备/忠诚/AI状态机参数
P046_2,豪族财产登记,成制,贵族家族,豪族财产登记·定制,68,7,718,35.9,贵族权力、忠诚、私兵与反叛风险,在试行基础上扩大覆盖：豪族税基识别+12%,官员,增加劳役,由对应官员职位+特性提出；能力低于门槛时无法提交；高阶成制需先完成试行或同类前置政策,主管离职/叛逃、城市失守、预算断裂、建筑被毁或前置制度撤销会中止；保留部分沉没成本,AI按缺口驱动：粮食不足、兵员不足、军械短缺、商税过低、边防受压等情况提高对应政策权重,固定申请箱显示提出者、门槛、成本、工期、收益、代价、家族/兵种/城市影响；不强制弹窗暂停,大族抵触+4%,见“具体效果”；施工时拆为人口/经济/兵员/装备/忠诚/AI状态机参数
P047_1,贵族军役法,试行,贵族家族,贵族军役法·议行,65,6,470,23.5,贵族权力、忠诚、私兵与反叛风险,贵族战时出兵+10%,将军,提高军费,由对应官员职位+特性提出；能力低于门槛时无法提交；高阶成制需先完成试行或同类前置政策,主管离职/叛逃、城市失守、预算断裂、建筑被毁或前置制度撤销会中止；保留部分沉没成本,AI按缺口驱动：粮食不足、兵员不足、军械短缺、商税过低、边防受压等情况提高对应政策权重,固定申请箱显示提出者、门槛、成本、工期、收益、代价、家族/兵种/城市影响；不强制弹窗暂停,贵族伤亡会影响忠诚,见“具体效果”；施工时拆为人口/经济/兵员/装备/忠诚/AI状态机参数
P047_2,贵族军役法,成制,贵族家族,贵族军役法·定制,73,8,776,38.8,贵族权力、忠诚、私兵与反叛风险,在试行基础上扩大覆盖：贵族战时出兵+10%,将军,提高军费,由对应官员职位+特性提出；能力低于门槛时无法提交；高阶成制需先完成试行或同类前置政策,主管离职/叛逃、城市失守、预算断裂、建筑被毁或前置制度撤销会中止；保留部分沉没成本,AI按缺口驱动：粮食不足、兵员不足、军械短缺、商税过低、边防受压等情况提高对应政策权重,固定申请箱显示提出者、门槛、成本、工期、收益、代价、家族/兵种/城市影响；不强制弹窗暂停,贵族伤亡会影响忠诚,见“具体效果”；施工时拆为人口/经济/兵员/装备/忠诚/AI状态机参数
P048_1,新贵考察期,试行,贵族家族,新贵考察期·议行,70,7,505,25.2,贵族权力、忠诚、私兵与反叛风险,新贵反叛风险-8%,士兵,降低短期人口产出,由对应官员职位+特性提出；能力低于门槛时无法提交；高阶成制需先完成试行或同类前置政策,主管离职/叛逃、城市失守、预算断裂、建筑被毁或前置制度撤销会中止；保留部分沉没成本,AI按缺口驱动：粮食不足、兵员不足、军械短缺、商税过低、边防受压等情况提高对应政策权重,固定申请箱显示提出者、门槛、成本、工期、收益、代价、家族/兵种/城市影响；不强制弹窗暂停,晋升速度略慢,见“具体效果”；施工时拆为人口/经济/兵员/装备/忠诚/AI状态机参数
P048_2,新贵考察期,成制,贵族家族,新贵考察期·定制,78,9,833,41.7,贵族权力、忠诚、私兵与反叛风险,在试行基础上扩大覆盖：新贵反叛风险-8%,士兵,降低短期人口产出,由对应官员职位+特性提出；能力低于门槛时无法提交；高阶成制需先完成试行或同类前置政策,主管离职/叛逃、城市失守、预算断裂、建筑被毁或前置制度撤销会中止；保留部分沉没成本,AI按缺口驱动：粮食不足、兵员不足、军械短缺、商税过低、边防受压等情况提高对应政策权重,固定申请箱显示提出者、门槛、成本、工期、收益、代价、家族/兵种/城市影响；不强制弹窗暂停,晋升速度略慢,见“具体效果”；施工时拆为人口/经济/兵员/装备/忠诚/AI状态机参数
P049_1,家族封地税则,试行,贵族家族,家族封地税则·议行,75,8,120,6.0,贵族权力、忠诚、私兵与反叛风险,封地税收+8%,农民,增加国库支出,由对应官员职位+特性提出；能力低于门槛时无法提交；高阶成制需先完成试行或同类前置政策,主管离职/叛逃、城市失守、预算断裂、建筑被毁或前置制度撤销会中止；保留部分沉没成本,AI按缺口驱动：粮食不足、兵员不足、军械短缺、商税过低、边防受压等情况提高对应政策权重,固定申请箱显示提出者、门槛、成本、工期、收益、代价、家族/兵种/城市影响；不强制弹窗暂停,地方家族权力增强,见“具体效果”；施工时拆为人口/经济/兵员/装备/忠诚/AI状态机参数
P049_2,家族封地税则,成制,贵族家族,家族封地税则·定制,83,10,198,9.9,贵族权力、忠诚、私兵与反叛风险,在试行基础上扩大覆盖：封地税收+8%,农民,增加国库支出,由对应官员职位+特性提出；能力低于门槛时无法提交；高阶成制需先完成试行或同类前置政策,主管离职/叛逃、城市失守、预算断裂、建筑被毁或前置制度撤销会中止；保留部分沉没成本,AI按缺口驱动：粮食不足、兵员不足、军械短缺、商税过低、边防受压等情况提高对应政策权重,固定申请箱显示提出者、门槛、成本、工期、收益、代价、家族/兵种/城市影响；不强制弹窗暂停,地方家族权力增强,见“具体效果”；施工时拆为人口/经济/兵员/装备/忠诚/AI状态机参数
P050_1,叛族财产处置,试行,贵族家族,叛族财产处置·议行,80,2,155,7.8,贵族权力、忠诚、私兵与反叛风险,叛乱失败后家产回收+20%,商人,压缩商税,由对应官员职位+特性提出；能力低于门槛时无法提交；高阶成制需先完成试行或同类前置政策,主管离职/叛逃、城市失守、预算断裂、建筑被毁或前置制度撤销会中止；保留部分沉没成本,AI按缺口驱动：粮食不足、兵员不足、军械短缺、商税过低、边防受压等情况提高对应政策权重,固定申请箱显示提出者、门槛、成本、工期、收益、代价、家族/兵种/城市影响；不强制弹窗暂停,其他贵族恐惧+8%,见“具体效果”；施工时拆为人口/经济/兵员/装备/忠诚/AI状态机参数
P050_2,叛族财产处置,成制,贵族家族,叛族财产处置·定制,88,4,256,12.8,贵族权力、忠诚、私兵与反叛风险,在试行基础上扩大覆盖：叛乱失败后家产回收+20%,商人,压缩商税,由对应官员职位+特性提出；能力低于门槛时无法提交；高阶成制需先完成试行或同类前置政策,主管离职/叛逃、城市失守、预算断裂、建筑被毁或前置制度撤销会中止；保留部分沉没成本,AI按缺口驱动：粮食不足、兵员不足、军械短缺、商税过低、边防受压等情况提高对应政策权重,固定申请箱显示提出者、门槛、成本、工期、收益、代价、家族/兵种/城市影响；不强制弹窗暂停,其他贵族恐惧+8%,见“具体效果”；施工时拆为人口/经济/兵员/装备/忠诚/AI状态机参数
P051_1,官员考课法,试行,官员行政,官员考课法·议行,35,3,190,9.5,政策提交、执行效率、贪腐与官员忠诚,低绩效官员识别+12%,贵族,提高贵族权力,由对应官员职位+特性提出；能力低于门槛时无法提交；高阶成制需先完成试行或同类前置政策,主管离职/叛逃、城市失守、预算断裂、建筑被毁或前置制度撤销会中止；保留部分沉没成本,AI按缺口驱动：粮食不足、兵员不足、军械短缺、商税过低、边防受压等情况提高对应政策权重,固定申请箱显示提出者、门槛、成本、工期、收益、代价、家族/兵种/城市影响；不强制弹窗暂停,考核开支增加,见“具体效果”；施工时拆为人口/经济/兵员/装备/忠诚/AI状态机参数
P051_2,官员考课法,成制,官员行政,官员考课法·定制,43,5,314,15.7,政策提交、执行效率、贪腐与官员忠诚,在试行基础上扩大覆盖：低绩效官员识别+12%,贵族,提高贵族权力,由对应官员职位+特性提出；能力低于门槛时无法提交；高阶成制需先完成试行或同类前置政策,主管离职/叛逃、城市失守、预算断裂、建筑被毁或前置制度撤销会中止；保留部分沉没成本,AI按缺口驱动：粮食不足、兵员不足、军械短缺、商税过低、边防受压等情况提高对应政策权重,固定申请箱显示提出者、门槛、成本、工期、收益、代价、家族/兵种/城市影响；不强制弹窗暂停,考核开支增加,见“具体效果”；施工时拆为人口/经济/兵员/装备/忠诚/AI状态机参数
P052_1,职位能力门槛,试行,官员行政,职位能力门槛·议行,40,4,225,11.2,政策提交、执行效率、贪腐与官员忠诚,政策能力不足者无法越级提案,官员,增加劳役,由对应官员职位+特性提出；能力低于门槛时无法提交；高阶成制需先完成试行或同类前置政策,主管离职/叛逃、城市失守、预算断裂、建筑被毁或前置制度撤销会中止；保留部分沉没成本,AI按缺口驱动：粮食不足、兵员不足、军械短缺、商税过低、边防受压等情况提高对应政策权重,固定申请箱显示提出者、门槛、成本、工期、收益、代价、家族/兵种/城市影响；不强制弹窗暂停,人才选择更严格,见“具体效果”；施工时拆为人口/经济/兵员/装备/忠诚/AI状态机参数
P052_2,职位能力门槛,成制,官员行政,职位能力门槛·定制,48,6,371,18.6,政策提交、执行效率、贪腐与官员忠诚,在试行基础上扩大覆盖：政策能力不足者无法越级提案,官员,增加劳役,由对应官员职位+特性提出；能力低于门槛时无法提交；高阶成制需先完成试行或同类前置政策,主管离职/叛逃、城市失守、预算断裂、建筑被毁或前置制度撤销会中止；保留部分沉没成本,AI按缺口驱动：粮食不足、兵员不足、军械短缺、商税过低、边防受压等情况提高对应政策权重,固定申请箱显示提出者、门槛、成本、工期、收益、代价、家族/兵种/城市影响；不强制弹窗暂停,人才选择更严格,见“具体效果”；施工时拆为人口/经济/兵员/装备/忠诚/AI状态机参数
P053_1,任职回避制,试行,官员行政,任职回避制·议行,45,5,260,13.0,政策提交、执行效率、贪腐与官员忠诚,家族利益冲突-10%,将军,提高军费,由对应官员职位+特性提出；能力低于门槛时无法提交；高阶成制需先完成试行或同类前置政策,主管离职/叛逃、城市失守、预算断裂、建筑被毁或前置制度撤销会中止；保留部分沉没成本,AI按缺口驱动：粮食不足、兵员不足、军械短缺、商税过低、边防受压等情况提高对应政策权重,固定申请箱显示提出者、门槛、成本、工期、收益、代价、家族/兵种/城市影响；不强制弹窗暂停,可用官员池缩小,见“具体效果”；施工时拆为人口/经济/兵员/装备/忠诚/AI状态机参数
P053_2,任职回避制,成制,官员行政,任职回避制·定制,53,7,429,21.4,政策提交、执行效率、贪腐与官员忠诚,在试行基础上扩大覆盖：家族利益冲突-10%,将军,提高军费,由对应官员职位+特性提出；能力低于门槛时无法提交；高阶成制需先完成试行或同类前置政策,主管离职/叛逃、城市失守、预算断裂、建筑被毁或前置制度撤销会中止；保留部分沉没成本,AI按缺口驱动：粮食不足、兵员不足、军械短缺、商税过低、边防受压等情况提高对应政策权重,固定申请箱显示提出者、门槛、成本、工期、收益、代价、家族/兵种/城市影响；不强制弹窗暂停,可用官员池缩小,见“具体效果”；施工时拆为人口/经济/兵员/装备/忠诚/AI状态机参数
P054_1,巡察轮换令,试行,官员行政,巡察轮换令·议行,50,6,295,14.8,政策提交、执行效率、贪腐与官员忠诚,地方贪腐发现+10%,士兵,降低短期人口产出,由对应官员职位+特性提出；能力低于门槛时无法提交；高阶成制需先完成试行或同类前置政策,主管离职/叛逃、城市失守、预算断裂、建筑被毁或前置制度撤销会中止；保留部分沉没成本,AI按缺口驱动：粮食不足、兵员不足、军械短缺、商税过低、边防受压等情况提高对应政策权重,固定申请箱显示提出者、门槛、成本、工期、收益、代价、家族/兵种/城市影响；不强制弹窗暂停,官员压力+5%,见“具体效果”；施工时拆为人口/经济/兵员/装备/忠诚/AI状态机参数
P054_2,巡察轮换令,成制,官员行政,巡察轮换令·定制,58,8,487,24.3,政策提交、执行效率、贪腐与官员忠诚,在试行基础上扩大覆盖：地方贪腐发现+10%,士兵,降低短期人口产出,由对应官员职位+特性提出；能力低于门槛时无法提交；高阶成制需先完成试行或同类前置政策,主管离职/叛逃、城市失守、预算断裂、建筑被毁或前置制度撤销会中止；保留部分沉没成本,AI按缺口驱动：粮食不足、兵员不足、军械短缺、商税过低、边防受压等情况提高对应政策权重,固定申请箱显示提出者、门槛、成本、工期、收益、代价、家族/兵种/城市影响；不强制弹窗暂停,官员压力+5%,见“具体效果”；施工时拆为人口/经济/兵员/装备/忠诚/AI状态机参数
P055_1,行政文书标准,试行,官员行政,行政文书标准·议行,55,7,330,16.5,政策提交、执行效率、贪腐与官员忠诚,政策执行错误-10%,农民,增加国库支出,由对应官员职位+特性提出；能力低于门槛时无法提交；高阶成制需先完成试行或同类前置政策,主管离职/叛逃、城市失守、预算断裂、建筑被毁或前置制度撤销会中止；保留部分沉没成本,AI按缺口驱动：粮食不足、兵员不足、军械短缺、商税过低、边防受压等情况提高对应政策权重,固定申请箱显示提出者、门槛、成本、工期、收益、代价、家族/兵种/城市影响；不强制弹窗暂停,文书时间增加,见“具体效果”；施工时拆为人口/经济/兵员/装备/忠诚/AI状态机参数
P055_2,行政文书标准,成制,官员行政,行政文书标准·定制,63,9,544,27.2,政策提交、执行效率、贪腐与官员忠诚,在试行基础上扩大覆盖：政策执行错误-10%,农民,增加国库支出,由对应官员职位+特性提出；能力低于门槛时无法提交；高阶成制需先完成试行或同类前置政策,主管离职/叛逃、城市失守、预算断裂、建筑被毁或前置制度撤销会中止；保留部分沉没成本,AI按缺口驱动：粮食不足、兵员不足、军械短缺、商税过低、边防受压等情况提高对应政策权重,固定申请箱显示提出者、门槛、成本、工期、收益、代价、家族/兵种/城市影响；不强制弹窗暂停,文书时间增加,见“具体效果”；施工时拆为人口/经济/兵员/装备/忠诚/AI状态机参数
P056_1,政策责任追溯,试行,官员行政,政策责任追溯·议行,60,8,365,18.2,政策提交、执行效率、贪腐与官员忠诚,政策失败可追责，重复失误-12%,商人,压缩商税,由对应官员职位+特性提出；能力低于门槛时无法提交；高阶成制需先完成试行或同类前置政策,主管离职/叛逃、城市失守、预算断裂、建筑被毁或前置制度撤销会中止；保留部分沉没成本,AI按缺口驱动：粮食不足、兵员不足、军械短缺、商税过低、边防受压等情况提高对应政策权重,固定申请箱显示提出者、门槛、成本、工期、收益、代价、家族/兵种/城市影响；不强制弹窗暂停,官员保守倾向+4%,见“具体效果”；施工时拆为人口/经济/兵员/装备/忠诚/AI状态机参数
P056_2,政策责任追溯,成制,官员行政,政策责任追溯·定制,68,10,602,30.1,政策提交、执行效率、贪腐与官员忠诚,在试行基础上扩大覆盖：政策失败可追责，重复失误-12%,商人,压缩商税,由对应官员职位+特性提出；能力低于门槛时无法提交；高阶成制需先完成试行或同类前置政策,主管离职/叛逃、城市失守、预算断裂、建筑被毁或前置制度撤销会中止；保留部分沉没成本,AI按缺口驱动：粮食不足、兵员不足、军械短缺、商税过低、边防受压等情况提高对应政策权重,固定申请箱显示提出者、门槛、成本、工期、收益、代价、家族/兵种/城市影响；不强制弹窗暂停,官员保守倾向+4%,见“具体效果”；施工时拆为人口/经济/兵员/装备/忠诚/AI状态机参数
P057_1,贪腐惩戒令,试行,官员行政,贪腐惩戒令·议行,65,2,400,20.0,政策提交、执行效率、贪腐与官员忠诚,贪腐损失-15%,贵族,提高贵族权力,由对应官员职位+特性提出；能力低于门槛时无法提交；高阶成制需先完成试行或同类前置政策,主管离职/叛逃、城市失守、预算断裂、建筑被毁或前置制度撤销会中止；保留部分沉没成本,AI按缺口驱动：粮食不足、兵员不足、军械短缺、商税过低、边防受压等情况提高对应政策权重,固定申请箱显示提出者、门槛、成本、工期、收益、代价、家族/兵种/城市影响；不强制弹窗暂停,高压监察降低部分忠诚,见“具体效果”；施工时拆为人口/经济/兵员/装备/忠诚/AI状态机参数
P057_2,贪腐惩戒令,成制,官员行政,贪腐惩戒令·定制,73,4,660,33.0,政策提交、执行效率、贪腐与官员忠诚,在试行基础上扩大覆盖：贪腐损失-15%,贵族,提高贵族权力,由对应官员职位+特性提出；能力低于门槛时无法提交；高阶成制需先完成试行或同类前置政策,主管离职/叛逃、城市失守、预算断裂、建筑被毁或前置制度撤销会中止；保留部分沉没成本,AI按缺口驱动：粮食不足、兵员不足、军械短缺、商税过低、边防受压等情况提高对应政策权重,固定申请箱显示提出者、门槛、成本、工期、收益、代价、家族/兵种/城市影响；不强制弹窗暂停,高压监察降低部分忠诚,见“具体效果”；施工时拆为人口/经济/兵员/装备/忠诚/AI状态机参数
P058_1,官员俸给制,试行,官员行政,官员俸给制·议行,70,3,435,21.8,政策提交、执行效率、贪腐与官员忠诚,官员忠诚+8%,官员,增加劳役,由对应官员职位+特性提出；能力低于门槛时无法提交；高阶成制需先完成试行或同类前置政策,主管离职/叛逃、城市失守、预算断裂、建筑被毁或前置制度撤销会中止；保留部分沉没成本,AI按缺口驱动：粮食不足、兵员不足、军械短缺、商税过低、边防受压等情况提高对应政策权重,固定申请箱显示提出者、门槛、成本、工期、收益、代价、家族/兵种/城市影响；不强制弹窗暂停,固定俸禄开支增加,见“具体效果”；施工时拆为人口/经济/兵员/装备/忠诚/AI状态机参数
P058_2,官员俸给制,成制,官员行政,官员俸给制·定制,78,5,718,35.9,政策提交、执行效率、贪腐与官员忠诚,在试行基础上扩大覆盖：官员忠诚+8%,官员,增加劳役,由对应官员职位+特性提出；能力低于门槛时无法提交；高阶成制需先完成试行或同类前置政策,主管离职/叛逃、城市失守、预算断裂、建筑被毁或前置制度撤销会中止；保留部分沉没成本,AI按缺口驱动：粮食不足、兵员不足、军械短缺、商税过低、边防受压等情况提高对应政策权重,固定申请箱显示提出者、门槛、成本、工期、收益、代价、家族/兵种/城市影响；不强制弹窗暂停,固定俸禄开支增加,见“具体效果”；施工时拆为人口/经济/兵员/装备/忠诚/AI状态机参数
P059_1,地方请示权限,试行,官员行政,地方请示权限·议行,75,4,470,23.5,政策提交、执行效率、贪腐与官员忠诚,低风险小政务执行延迟-10%,将军,提高军费,由对应官员职位+特性提出；能力低于门槛时无法提交；高阶成制需先完成试行或同类前置政策,主管离职/叛逃、城市失守、预算断裂、建筑被毁或前置制度撤销会中止；保留部分沉没成本,AI按缺口驱动：粮食不足、兵员不足、军械短缺、商税过低、边防受压等情况提高对应政策权重,固定申请箱显示提出者、门槛、成本、工期、收益、代价、家族/兵种/城市影响；不强制弹窗暂停,地方自主性上升,见“具体效果”；施工时拆为人口/经济/兵员/装备/忠诚/AI状态机参数
P059_2,地方请示权限,成制,官员行政,地方请示权限·定制,83,6,776,38.8,政策提交、执行效率、贪腐与官员忠诚,在试行基础上扩大覆盖：低风险小政务执行延迟-10%,将军,提高军费,由对应官员职位+特性提出；能力低于门槛时无法提交；高阶成制需先完成试行或同类前置政策,主管离职/叛逃、城市失守、预算断裂、建筑被毁或前置制度撤销会中止；保留部分沉没成本,AI按缺口驱动：粮食不足、兵员不足、军械短缺、商税过低、边防受压等情况提高对应政策权重,固定申请箱显示提出者、门槛、成本、工期、收益、代价、家族/兵种/城市影响；不强制弹窗暂停,地方自主性上升,见“具体效果”；施工时拆为人口/经济/兵员/装备/忠诚/AI状态机参数
P060_1,紧急授权令,试行,官员行政,紧急授权令·议行,80,5,505,25.2,政策提交、执行效率、贪腐与官员忠诚,战时政策延迟-20%,士兵,降低短期人口产出,由对应官员职位+特性提出；能力低于门槛时无法提交；高阶成制需先完成试行或同类前置政策,主管离职/叛逃、城市失守、预算断裂、建筑被毁或前置制度撤销会中止；保留部分沉没成本,AI按缺口驱动：粮食不足、兵员不足、军械短缺、商税过低、边防受压等情况提高对应政策权重,固定申请箱显示提出者、门槛、成本、工期、收益、代价、家族/兵种/城市影响；不强制弹窗暂停,误用权力风险+5%,见“具体效果”；施工时拆为人口/经济/兵员/装备/忠诚/AI状态机参数
P060_2,紧急授权令,成制,官员行政,紧急授权令·定制,88,7,833,41.7,政策提交、执行效率、贪腐与官员忠诚,在试行基础上扩大覆盖：战时政策延迟-20%,士兵,降低短期人口产出,由对应官员职位+特性提出；能力低于门槛时无法提交；高阶成制需先完成试行或同类前置政策,主管离职/叛逃、城市失守、预算断裂、建筑被毁或前置制度撤销会中止；保留部分沉没成本,AI按缺口驱动：粮食不足、兵员不足、军械短缺、商税过低、边防受压等情况提高对应政策权重,固定申请箱显示提出者、门槛、成本、工期、收益、代价、家族/兵种/城市影响；不强制弹窗暂停,误用权力风险+5%,见“具体效果”；施工时拆为人口/经济/兵员/装备/忠诚/AI状态机参数
P061_1,常备军编制,试行,基础军制,常备军编制·议行,35,6,120,6.0,基础兵种、训练、军官与募兵质量,常备军训练等级+1,农民,增加国库支出,由对应官员职位+特性提出；能力低于门槛时无法提交；高阶成制需先完成试行或同类前置政策,主管离职/叛逃、城市失守、预算断裂、建筑被毁或前置制度撤销会中止；保留部分沉没成本,AI按缺口驱动：粮食不足、兵员不足、军械短缺、商税过低、边防受压等情况提高对应政策权重,固定申请箱显示提出者、门槛、成本、工期、收益、代价、家族/兵种/城市影响；不强制弹窗暂停,军费固定支出+10%,见“具体效果”；施工时拆为人口/经济/兵员/装备/忠诚/AI状态机参数
P061_2,常备军编制,成制,基础军制,常备军编制·定制,43,8,198,9.9,基础兵种、训练、军官与募兵质量,在试行基础上扩大覆盖：常备军训练等级+1,农民,增加国库支出,由对应官员职位+特性提出；能力低于门槛时无法提交；高阶成制需先完成试行或同类前置政策,主管离职/叛逃、城市失守、预算断裂、建筑被毁或前置制度撤销会中止；保留部分沉没成本,AI按缺口驱动：粮食不足、兵员不足、军械短缺、商税过低、边防受压等情况提高对应政策权重,固定申请箱显示提出者、门槛、成本、工期、收益、代价、家族/兵种/城市影响；不强制弹窗暂停,军费固定支出+10%,见“具体效果”；施工时拆为人口/经济/兵员/装备/忠诚/AI状态机参数
P062_1,民兵召集制,试行,基础军制,民兵召集制·议行,40,7,155,7.8,基础兵种、训练、军官与募兵质量,紧急民兵集结-15%时间,商人,压缩商税,由对应官员职位+特性提出；能力低于门槛时无法提交；高阶成制需先完成试行或同类前置政策,主管离职/叛逃、城市失守、预算断裂、建筑被毁或前置制度撤销会中止；保留部分沉没成本,AI按缺口驱动：粮食不足、兵员不足、军械短缺、商税过低、边防受压等情况提高对应政策权重,固定申请箱显示提出者、门槛、成本、工期、收益、代价、家族/兵种/城市影响；不强制弹窗暂停,劳动力短缺更明显,见“具体效果”；施工时拆为人口/经济/兵员/装备/忠诚/AI状态机参数
P062_2,民兵召集制,成制,基础军制,民兵召集制·定制,48,9,256,12.8,基础兵种、训练、军官与募兵质量,在试行基础上扩大覆盖：紧急民兵集结-15%时间,商人,压缩商税,由对应官员职位+特性提出；能力低于门槛时无法提交；高阶成制需先完成试行或同类前置政策,主管离职/叛逃、城市失守、预算断裂、建筑被毁或前置制度撤销会中止；保留部分沉没成本,AI按缺口驱动：粮食不足、兵员不足、军械短缺、商税过低、边防受压等情况提高对应政策权重,固定申请箱显示提出者、门槛、成本、工期、收益、代价、家族/兵种/城市影响；不强制弹窗暂停,劳动力短缺更明显,见“具体效果”；施工时拆为人口/经济/兵员/装备/忠诚/AI状态机参数
P063_1,新兵轮训法,试行,基础军制,新兵轮训法·议行,45,8,190,9.5,基础兵种、训练、军官与募兵质量,新兵基础纪律+8%,贵族,提高贵族权力,由对应官员职位+特性提出；能力低于门槛时无法提交；高阶成制需先完成试行或同类前置政策,主管离职/叛逃、城市失守、预算断裂、建筑被毁或前置制度撤销会中止；保留部分沉没成本,AI按缺口驱动：粮食不足、兵员不足、军械短缺、商税过低、边防受压等情况提高对应政策权重,固定申请箱显示提出者、门槛、成本、工期、收益、代价、家族/兵种/城市影响；不强制弹窗暂停,训练时间+1天,见“具体效果”；施工时拆为人口/经济/兵员/装备/忠诚/AI状态机参数
P063_2,新兵轮训法,成制,基础军制,新兵轮训法·定制,53,10,314,15.7,基础兵种、训练、军官与募兵质量,在试行基础上扩大覆盖：新兵基础纪律+8%,贵族,提高贵族权力,由对应官员职位+特性提出；能力低于门槛时无法提交；高阶成制需先完成试行或同类前置政策,主管离职/叛逃、城市失守、预算断裂、建筑被毁或前置制度撤销会中止；保留部分沉没成本,AI按缺口驱动：粮食不足、兵员不足、军械短缺、商税过低、边防受压等情况提高对应政策权重,固定申请箱显示提出者、门槛、成本、工期、收益、代价、家族/兵种/城市影响；不强制弹窗暂停,训练时间+1天,见“具体效果”；施工时拆为人口/经济/兵员/装备/忠诚/AI状态机参数
P064_1,老兵留营制,试行,基础军制,老兵留营制·议行,50,2,225,11.2,基础兵种、训练、军官与募兵质量,老兵退伍率-12%,官员,增加劳役,由对应官员职位+特性提出；能力低于门槛时无法提交；高阶成制需先完成试行或同类前置政策,主管离职/叛逃、城市失守、预算断裂、建筑被毁或前置制度撤销会中止；保留部分沉没成本,AI按缺口驱动：粮食不足、兵员不足、军械短缺、商税过低、边防受压等情况提高对应政策权重,固定申请箱显示提出者、门槛、成本、工期、收益、代价、家族/兵种/城市影响；不强制弹窗暂停,军饷开支增加,见“具体效果”；施工时拆为人口/经济/兵员/装备/忠诚/AI状态机参数
P064_2,老兵留营制,成制,基础军制,老兵留营制·定制,58,4,371,18.6,基础兵种、训练、军官与募兵质量,在试行基础上扩大覆盖：老兵退伍率-12%,官员,增加劳役,由对应官员职位+特性提出；能力低于门槛时无法提交；高阶成制需先完成试行或同类前置政策,主管离职/叛逃、城市失守、预算断裂、建筑被毁或前置制度撤销会中止；保留部分沉没成本,AI按缺口驱动：粮食不足、兵员不足、军械短缺、商税过低、边防受压等情况提高对应政策权重,固定申请箱显示提出者、门槛、成本、工期、收益、代价、家族/兵种/城市影响；不强制弹窗暂停,军饷开支增加,见“具体效果”；施工时拆为人口/经济/兵员/装备/忠诚/AI状态机参数
P065_1,军官考核制,试行,基础军制,军官考核制·议行,55,3,260,13.0,基础兵种、训练、军官与募兵质量,低质量军官晋升-15%,将军,提高军费,由对应官员职位+特性提出；能力低于门槛时无法提交；高阶成制需先完成试行或同类前置政策,主管离职/叛逃、城市失守、预算断裂、建筑被毁或前置制度撤销会中止；保留部分沉没成本,AI按缺口驱动：粮食不足、兵员不足、军械短缺、商税过低、边防受压等情况提高对应政策权重,固定申请箱显示提出者、门槛、成本、工期、收益、代价、家族/兵种/城市影响；不强制弹窗暂停,晋升速度放缓,见“具体效果”；施工时拆为人口/经济/兵员/装备/忠诚/AI状态机参数
P065_2,军官考核制,成制,基础军制,军官考核制·定制,63,5,429,21.4,基础兵种、训练、军官与募兵质量,在试行基础上扩大覆盖：低质量军官晋升-15%,将军,提高军费,由对应官员职位+特性提出；能力低于门槛时无法提交；高阶成制需先完成试行或同类前置政策,主管离职/叛逃、城市失守、预算断裂、建筑被毁或前置制度撤销会中止；保留部分沉没成本,AI按缺口驱动：粮食不足、兵员不足、军械短缺、商税过低、边防受压等情况提高对应政策权重,固定申请箱显示提出者、门槛、成本、工期、收益、代价、家族/兵种/城市影响；不强制弹窗暂停,晋升速度放缓,见“具体效果”；施工时拆为人口/经济/兵员/装备/忠诚/AI状态机参数
P066_1,边军轮防制,试行,基础军制,边军轮防制·议行,60,4,295,14.8,基础兵种、训练、军官与募兵质量,边城驻军恢复+10%,士兵,降低短期人口产出,由对应官员职位+特性提出；能力低于门槛时无法提交；高阶成制需先完成试行或同类前置政策,主管离职/叛逃、城市失守、预算断裂、建筑被毁或前置制度撤销会中止；保留部分沉没成本,AI按缺口驱动：粮食不足、兵员不足、军械短缺、商税过低、边防受压等情况提高对应政策权重,固定申请箱显示提出者、门槛、成本、工期、收益、代价、家族/兵种/城市影响；不强制弹窗暂停,内地兵力相对减少,见“具体效果”；施工时拆为人口/经济/兵员/装备/忠诚/AI状态机参数
P066_2,边军轮防制,成制,基础军制,边军轮防制·定制,68,6,487,24.3,基础兵种、训练、军官与募兵质量,在试行基础上扩大覆盖：边城驻军恢复+10%,士兵,降低短期人口产出,由对应官员职位+特性提出；能力低于门槛时无法提交；高阶成制需先完成试行或同类前置政策,主管离职/叛逃、城市失守、预算断裂、建筑被毁或前置制度撤销会中止；保留部分沉没成本,AI按缺口驱动：粮食不足、兵员不足、军械短缺、商税过低、边防受压等情况提高对应政策权重,固定申请箱显示提出者、门槛、成本、工期、收益、代价、家族/兵种/城市影响；不强制弹窗暂停,内地兵力相对减少,见“具体效果”；施工时拆为人口/经济/兵员/装备/忠诚/AI状态机参数
P067_1,营级编制法,试行,基础军制,营级编制法·议行,65,5,330,16.5,基础兵种、训练、军官与募兵质量,军官链路更清晰；命令延迟-6%,农民,增加国库支出,由对应官员职位+特性提出；能力低于门槛时无法提交；高阶成制需先完成试行或同类前置政策,主管离职/叛逃、城市失守、预算断裂、建筑被毁或前置制度撤销会中止；保留部分沉没成本,AI按缺口驱动：粮食不足、兵员不足、军械短缺、商税过低、边防受压等情况提高对应政策权重,固定申请箱显示提出者、门槛、成本、工期、收益、代价、家族/兵种/城市影响；不强制弹窗暂停,编制维护成本增加,见“具体效果”；施工时拆为人口/经济/兵员/装备/忠诚/AI状态机参数
P067_2,营级编制法,成制,基础军制,营级编制法·定制,73,7,544,27.2,基础兵种、训练、军官与募兵质量,在试行基础上扩大覆盖：军官链路更清晰；命令延迟-6%,农民,增加国库支出,由对应官员职位+特性提出；能力低于门槛时无法提交；高阶成制需先完成试行或同类前置政策,主管离职/叛逃、城市失守、预算断裂、建筑被毁或前置制度撤销会中止；保留部分沉没成本,AI按缺口驱动：粮食不足、兵员不足、军械短缺、商税过低、边防受压等情况提高对应政策权重,固定申请箱显示提出者、门槛、成本、工期、收益、代价、家族/兵种/城市影响；不强制弹窗暂停,编制维护成本增加,见“具体效果”；施工时拆为人口/经济/兵员/装备/忠诚/AI状态机参数
P068_1,预备役登记,试行,基础军制,预备役登记·议行,70,6,365,18.2,基础兵种、训练、军官与募兵质量,战争补员速度+10%,商人,压缩商税,由对应官员职位+特性提出；能力低于门槛时无法提交；高阶成制需先完成试行或同类前置政策,主管离职/叛逃、城市失守、预算断裂、建筑被毁或前置制度撤销会中止；保留部分沉没成本,AI按缺口驱动：粮食不足、兵员不足、军械短缺、商税过低、边防受压等情况提高对应政策权重,固定申请箱显示提出者、门槛、成本、工期、收益、代价、家族/兵种/城市影响；不强制弹窗暂停,预备役人口平时产出-3%,见“具体效果”；施工时拆为人口/经济/兵员/装备/忠诚/AI状态机参数
P068_2,预备役登记,成制,基础军制,预备役登记·定制,78,8,602,30.1,基础兵种、训练、军官与募兵质量,在试行基础上扩大覆盖：战争补员速度+10%,商人,压缩商税,由对应官员职位+特性提出；能力低于门槛时无法提交；高阶成制需先完成试行或同类前置政策,主管离职/叛逃、城市失守、预算断裂、建筑被毁或前置制度撤销会中止；保留部分沉没成本,AI按缺口驱动：粮食不足、兵员不足、军械短缺、商税过低、边防受压等情况提高对应政策权重,固定申请箱显示提出者、门槛、成本、工期、收益、代价、家族/兵种/城市影响；不强制弹窗暂停,预备役人口平时产出-3%,见“具体效果”；施工时拆为人口/经济/兵员/装备/忠诚/AI状态机参数
P069_1,战时扩编令,试行,基础军制,战时扩编令·议行,75,7,400,20.0,基础兵种、训练、军官与募兵质量,战时军队软上限+12%,贵族,提高贵族权力,由对应官员职位+特性提出；能力低于门槛时无法提交；高阶成制需先完成试行或同类前置政策,主管离职/叛逃、城市失守、预算断裂、建筑被毁或前置制度撤销会中止；保留部分沉没成本,AI按缺口驱动：粮食不足、兵员不足、军械短缺、商税过低、边防受压等情况提高对应政策权重,固定申请箱显示提出者、门槛、成本、工期、收益、代价、家族/兵种/城市影响；不强制弹窗暂停,军费与粮耗同步提高,见“具体效果”；施工时拆为人口/经济/兵员/装备/忠诚/AI状态机参数
P069_2,战时扩编令,成制,基础军制,战时扩编令·定制,83,9,660,33.0,基础兵种、训练、军官与募兵质量,在试行基础上扩大覆盖：战时军队软上限+12%,贵族,提高贵族权力,由对应官员职位+特性提出；能力低于门槛时无法提交；高阶成制需先完成试行或同类前置政策,主管离职/叛逃、城市失守、预算断裂、建筑被毁或前置制度撤销会中止；保留部分沉没成本,AI按缺口驱动：粮食不足、兵员不足、军械短缺、商税过低、边防受压等情况提高对应政策权重,固定申请箱显示提出者、门槛、成本、工期、收益、代价、家族/兵种/城市影响；不强制弹窗暂停,军费与粮耗同步提高,见“具体效果”；施工时拆为人口/经济/兵员/装备/忠诚/AI状态机参数
P070_1,退伍安置制,试行,基础军制,退伍安置制·议行,80,8,435,21.8,基础兵种、训练、军官与募兵质量,退伍民心+8%；老兵转职更快,官员,增加劳役,由对应官员职位+特性提出；能力低于门槛时无法提交；高阶成制需先完成试行或同类前置政策,主管离职/叛逃、城市失守、预算断裂、建筑被毁或前置制度撤销会中止；保留部分沉没成本,AI按缺口驱动：粮食不足、兵员不足、军械短缺、商税过低、边防受压等情况提高对应政策权重,固定申请箱显示提出者、门槛、成本、工期、收益、代价、家族/兵种/城市影响；不强制弹窗暂停,抚恤支出增加,见“具体效果”；施工时拆为人口/经济/兵员/装备/忠诚/AI状态机参数
P070_2,退伍安置制,成制,基础军制,退伍安置制·定制,88,10,718,35.9,基础兵种、训练、军官与募兵质量,在试行基础上扩大覆盖：退伍民心+8%；老兵转职更快,官员,增加劳役,由对应官员职位+特性提出；能力低于门槛时无法提交；高阶成制需先完成试行或同类前置政策,主管离职/叛逃、城市失守、预算断裂、建筑被毁或前置制度撤销会中止；保留部分沉没成本,AI按缺口驱动：粮食不足、兵员不足、军械短缺、商税过低、边防受压等情况提高对应政策权重,固定申请箱显示提出者、门槛、成本、工期、收益、代价、家族/兵种/城市影响；不强制弹窗暂停,抚恤支出增加,见“具体效果”；施工时拆为人口/经济/兵员/装备/忠诚/AI状态机参数
P071_1,制式长枪令,试行,军械装备,制式长枪令·议行,35,2,470,23.5,装备品质、军械库存、耐久维修与配发顺序,长枪库存标准化；枪兵补装+12%,将军,提高军费,由对应官员职位+特性提出；能力低于门槛时无法提交；高阶成制需先完成试行或同类前置政策,主管离职/叛逃、城市失守、预算断裂、建筑被毁或前置制度撤销会中止；保留部分沉没成本,AI按缺口驱动：粮食不足、兵员不足、军械短缺、商税过低、边防受压等情况提高对应政策权重,固定申请箱显示提出者、门槛、成本、工期、收益、代价、家族/兵种/城市影响；不强制弹窗暂停,铁木需求增加,见“具体效果”；施工时拆为人口/经济/兵员/装备/忠诚/AI状态机参数
P071_2,制式长枪令,成制,军械装备,制式长枪令·定制,43,4,776,38.8,装备品质、军械库存、耐久维修与配发顺序,在试行基础上扩大覆盖：长枪库存标准化；枪兵补装+12%,将军,提高军费,由对应官员职位+特性提出；能力低于门槛时无法提交；高阶成制需先完成试行或同类前置政策,主管离职/叛逃、城市失守、预算断裂、建筑被毁或前置制度撤销会中止；保留部分沉没成本,AI按缺口驱动：粮食不足、兵员不足、军械短缺、商税过低、边防受压等情况提高对应政策权重,固定申请箱显示提出者、门槛、成本、工期、收益、代价、家族/兵种/城市影响；不强制弹窗暂停,铁木需求增加,见“具体效果”；施工时拆为人口/经济/兵员/装备/忠诚/AI状态机参数
P072_1,制式盾甲令,试行,军械装备,制式盾甲令·议行,40,3,505,25.2,装备品质、军械库存、耐久维修与配发顺序,盾甲覆盖率+10%,士兵,降低短期人口产出,由对应官员职位+特性提出；能力低于门槛时无法提交；高阶成制需先完成试行或同类前置政策,主管离职/叛逃、城市失守、预算断裂、建筑被毁或前置制度撤销会中止；保留部分沉没成本,AI按缺口驱动：粮食不足、兵员不足、军械短缺、商税过低、边防受压等情况提高对应政策权重,固定申请箱显示提出者、门槛、成本、工期、收益、代价、家族/兵种/城市影响；不强制弹窗暂停,军械开支增加,见“具体效果”；施工时拆为人口/经济/兵员/装备/忠诚/AI状态机参数
P072_2,制式盾甲令,成制,军械装备,制式盾甲令·定制,48,5,833,41.7,装备品质、军械库存、耐久维修与配发顺序,在试行基础上扩大覆盖：盾甲覆盖率+10%,士兵,降低短期人口产出,由对应官员职位+特性提出；能力低于门槛时无法提交；高阶成制需先完成试行或同类前置政策,主管离职/叛逃、城市失守、预算断裂、建筑被毁或前置制度撤销会中止；保留部分沉没成本,AI按缺口驱动：粮食不足、兵员不足、军械短缺、商税过低、边防受压等情况提高对应政策权重,固定申请箱显示提出者、门槛、成本、工期、收益、代价、家族/兵种/城市影响；不强制弹窗暂停,军械开支增加,见“具体效果”；施工时拆为人口/经济/兵员/装备/忠诚/AI状态机参数
P073_1,弓弩配发制,试行,军械装备,弓弩配发制·议行,45,4,120,6.0,装备品质、军械库存、耐久维修与配发顺序,远程兵缺装率-12%,农民,增加国库支出,由对应官员职位+特性提出；能力低于门槛时无法提交；高阶成制需先完成试行或同类前置政策,主管离职/叛逃、城市失守、预算断裂、建筑被毁或前置制度撤销会中止；保留部分沉没成本,AI按缺口驱动：粮食不足、兵员不足、军械短缺、商税过低、边防受压等情况提高对应政策权重,固定申请箱显示提出者、门槛、成本、工期、收益、代价、家族/兵种/城市影响；不强制弹窗暂停,箭矢/弩机消耗提高,见“具体效果”；施工时拆为人口/经济/兵员/装备/忠诚/AI状态机参数
P073_2,弓弩配发制,成制,军械装备,弓弩配发制·定制,53,6,198,9.9,装备品质、军械库存、耐久维修与配发顺序,在试行基础上扩大覆盖：远程兵缺装率-12%,农民,增加国库支出,由对应官员职位+特性提出；能力低于门槛时无法提交；高阶成制需先完成试行或同类前置政策,主管离职/叛逃、城市失守、预算断裂、建筑被毁或前置制度撤销会中止；保留部分沉没成本,AI按缺口驱动：粮食不足、兵员不足、军械短缺、商税过低、边防受压等情况提高对应政策权重,固定申请箱显示提出者、门槛、成本、工期、收益、代价、家族/兵种/城市影响；不强制弹窗暂停,箭矢/弩机消耗提高,见“具体效果”；施工时拆为人口/经济/兵员/装备/忠诚/AI状态机参数
P074_1,军械分级制,试行,军械装备,军械分级制·议行,50,5,155,7.8,装备品质、军械库存、耐久维修与配发顺序,装备分级可见；配发优先级更合理,商人,压缩商税,由对应官员职位+特性提出；能力低于门槛时无法提交；高阶成制需先完成试行或同类前置政策,主管离职/叛逃、城市失守、预算断裂、建筑被毁或前置制度撤销会中止；保留部分沉没成本,AI按缺口驱动：粮食不足、兵员不足、军械短缺、商税过低、边防受压等情况提高对应政策权重,固定申请箱显示提出者、门槛、成本、工期、收益、代价、家族/兵种/城市影响；不强制弹窗暂停,管理复杂度增加,见“具体效果”；施工时拆为人口/经济/兵员/装备/忠诚/AI状态机参数
P074_2,军械分级制,成制,军械装备,军械分级制·定制,58,7,256,12.8,装备品质、军械库存、耐久维修与配发顺序,在试行基础上扩大覆盖：装备分级可见；配发优先级更合理,商人,压缩商税,由对应官员职位+特性提出；能力低于门槛时无法提交；高阶成制需先完成试行或同类前置政策,主管离职/叛逃、城市失守、预算断裂、建筑被毁或前置制度撤销会中止；保留部分沉没成本,AI按缺口驱动：粮食不足、兵员不足、军械短缺、商税过低、边防受压等情况提高对应政策权重,固定申请箱显示提出者、门槛、成本、工期、收益、代价、家族/兵种/城市影响；不强制弹窗暂停,管理复杂度增加,见“具体效果”；施工时拆为人口/经济/兵员/装备/忠诚/AI状态机参数
P075_1,老兵优先配甲,试行,军械装备,老兵优先配甲·议行,55,6,190,9.5,装备品质、军械库存、耐久维修与配发顺序,老兵优良装备获得率+10%,贵族,提高贵族权力,由对应官员职位+特性提出；能力低于门槛时无法提交；高阶成制需先完成试行或同类前置政策,主管离职/叛逃、城市失守、预算断裂、建筑被毁或前置制度撤销会中止；保留部分沉没成本,AI按缺口驱动：粮食不足、兵员不足、军械短缺、商税过低、边防受压等情况提高对应政策权重,固定申请箱显示提出者、门槛、成本、工期、收益、代价、家族/兵种/城市影响；不强制弹窗暂停,新兵平均装备略差,见“具体效果”；施工时拆为人口/经济/兵员/装备/忠诚/AI状态机参数
P075_2,老兵优先配甲,成制,军械装备,老兵优先配甲·定制,63,8,314,15.7,装备品质、军械库存、耐久维修与配发顺序,在试行基础上扩大覆盖：老兵优良装备获得率+10%,贵族,提高贵族权力,由对应官员职位+特性提出；能力低于门槛时无法提交；高阶成制需先完成试行或同类前置政策,主管离职/叛逃、城市失守、预算断裂、建筑被毁或前置制度撤销会中止；保留部分沉没成本,AI按缺口驱动：粮食不足、兵员不足、军械短缺、商税过低、边防受压等情况提高对应政策权重,固定申请箱显示提出者、门槛、成本、工期、收益、代价、家族/兵种/城市影响；不强制弹窗暂停,新兵平均装备略差,见“具体效果”；施工时拆为人口/经济/兵员/装备/忠诚/AI状态机参数
P076_1,军官装备津贴,试行,军械装备,军官装备津贴·议行,60,7,225,11.2,装备品质、军械库存、耐久维修与配发顺序,军官精良装备上限+1档,官员,增加劳役,由对应官员职位+特性提出；能力低于门槛时无法提交；高阶成制需先完成试行或同类前置政策,主管离职/叛逃、城市失守、预算断裂、建筑被毁或前置制度撤销会中止；保留部分沉没成本,AI按缺口驱动：粮食不足、兵员不足、军械短缺、商税过低、边防受压等情况提高对应政策权重,固定申请箱显示提出者、门槛、成本、工期、收益、代价、家族/兵种/城市影响；不强制弹窗暂停,军官维护费增加,见“具体效果”；施工时拆为人口/经济/兵员/装备/忠诚/AI状态机参数
P076_2,军官装备津贴,成制,军械装备,军官装备津贴·定制,68,9,371,18.6,装备品质、军械库存、耐久维修与配发顺序,在试行基础上扩大覆盖：军官精良装备上限+1档,官员,增加劳役,由对应官员职位+特性提出；能力低于门槛时无法提交；高阶成制需先完成试行或同类前置政策,主管离职/叛逃、城市失守、预算断裂、建筑被毁或前置制度撤销会中止；保留部分沉没成本,AI按缺口驱动：粮食不足、兵员不足、军械短缺、商税过低、边防受压等情况提高对应政策权重,固定申请箱显示提出者、门槛、成本、工期、收益、代价、家族/兵种/城市影响；不强制弹窗暂停,军官维护费增加,见“具体效果”；施工时拆为人口/经济/兵员/装备/忠诚/AI状态机参数
P077_1,军械维修制,试行,军械装备,军械维修制·议行,65,8,260,13.0,装备品质、军械库存、耐久维修与配发顺序,平均装备耐久损耗-8%,将军,提高军费,由对应官员职位+特性提出；能力低于门槛时无法提交；高阶成制需先完成试行或同类前置政策,主管离职/叛逃、城市失守、预算断裂、建筑被毁或前置制度撤销会中止；保留部分沉没成本,AI按缺口驱动：粮食不足、兵员不足、军械短缺、商税过低、边防受压等情况提高对应政策权重,固定申请箱显示提出者、门槛、成本、工期、收益、代价、家族/兵种/城市影响；不强制弹窗暂停,维修停留时间增加,见“具体效果”；施工时拆为人口/经济/兵员/装备/忠诚/AI状态机参数
P077_2,军械维修制,成制,军械装备,军械维修制·定制,73,10,429,21.4,装备品质、军械库存、耐久维修与配发顺序,在试行基础上扩大覆盖：平均装备耐久损耗-8%,将军,提高军费,由对应官员职位+特性提出；能力低于门槛时无法提交；高阶成制需先完成试行或同类前置政策,主管离职/叛逃、城市失守、预算断裂、建筑被毁或前置制度撤销会中止；保留部分沉没成本,AI按缺口驱动：粮食不足、兵员不足、军械短缺、商税过低、边防受压等情况提高对应政策权重,固定申请箱显示提出者、门槛、成本、工期、收益、代价、家族/兵种/城市影响；不强制弹窗暂停,维修停留时间增加,见“具体效果”；施工时拆为人口/经济/兵员/装备/忠诚/AI状态机参数
P078_1,战损回收令,试行,军械装备,战损回收令·议行,70,2,295,14.8,装备品质、军械库存、耐久维修与配发顺序,战后可回收装备+12%,士兵,降低短期人口产出,由对应官员职位+特性提出；能力低于门槛时无法提交；高阶成制需先完成试行或同类前置政策,主管离职/叛逃、城市失守、预算断裂、建筑被毁或前置制度撤销会中止；保留部分沉没成本,AI按缺口驱动：粮食不足、兵员不足、军械短缺、商税过低、边防受压等情况提高对应政策权重,固定申请箱显示提出者、门槛、成本、工期、收益、代价、家族/兵种/城市影响；不强制弹窗暂停,战场清理时间增加,见“具体效果”；施工时拆为人口/经济/兵员/装备/忠诚/AI状态机参数
P078_2,战损回收令,成制,军械装备,战损回收令·定制,78,4,487,24.3,装备品质、军械库存、耐久维修与配发顺序,在试行基础上扩大覆盖：战后可回收装备+12%,士兵,降低短期人口产出,由对应官员职位+特性提出；能力低于门槛时无法提交；高阶成制需先完成试行或同类前置政策,主管离职/叛逃、城市失守、预算断裂、建筑被毁或前置制度撤销会中止；保留部分沉没成本,AI按缺口驱动：粮食不足、兵员不足、军械短缺、商税过低、边防受压等情况提高对应政策权重,固定申请箱显示提出者、门槛、成本、工期、收益、代价、家族/兵种/城市影响；不强制弹窗暂停,战场清理时间增加,见“具体效果”；施工时拆为人口/经济/兵员/装备/忠诚/AI状态机参数
P079_1,铁匠军需订单,试行,军械装备,铁匠军需订单·议行,75,3,330,16.5,装备品质、军械库存、耐久维修与配发顺序,铁匠军需订单稳定+10%,农民,增加国库支出,由对应官员职位+特性提出；能力低于门槛时无法提交；高阶成制需先完成试行或同类前置政策,主管离职/叛逃、城市失守、预算断裂、建筑被毁或前置制度撤销会中止；保留部分沉没成本,AI按缺口驱动：粮食不足、兵员不足、军械短缺、商税过低、边防受压等情况提高对应政策权重,固定申请箱显示提出者、门槛、成本、工期、收益、代价、家族/兵种/城市影响；不强制弹窗暂停,民用铁器价格可能上涨,见“具体效果”；施工时拆为人口/经济/兵员/装备/忠诚/AI状态机参数
P079_2,铁匠军需订单,成制,军械装备,铁匠军需订单·定制,83,5,544,27.2,装备品质、军械库存、耐久维修与配发顺序,在试行基础上扩大覆盖：铁匠军需订单稳定+10%,农民,增加国库支出,由对应官员职位+特性提出；能力低于门槛时无法提交；高阶成制需先完成试行或同类前置政策,主管离职/叛逃、城市失守、预算断裂、建筑被毁或前置制度撤销会中止；保留部分沉没成本,AI按缺口驱动：粮食不足、兵员不足、军械短缺、商税过低、边防受压等情况提高对应政策权重,固定申请箱显示提出者、门槛、成本、工期、收益、代价、家族/兵种/城市影响；不强制弹窗暂停,民用铁器价格可能上涨,见“具体效果”；施工时拆为人口/经济/兵员/装备/忠诚/AI状态机参数
P080_1,传奇装备登记,试行,军械装备,传奇装备登记·议行,80,4,365,18.2,装备品质、军械库存、耐久维修与配发顺序,传奇装备可追踪/继承/缴获,商人,压缩商税,由对应官员职位+特性提出；能力低于门槛时无法提交；高阶成制需先完成试行或同类前置政策,主管离职/叛逃、城市失守、预算断裂、建筑被毁或前置制度撤销会中止；保留部分沉没成本,AI按缺口驱动：粮食不足、兵员不足、军械短缺、商税过低、边防受压等情况提高对应政策权重,固定申请箱显示提出者、门槛、成本、工期、收益、代价、家族/兵种/城市影响；不强制弹窗暂停,管理成本极低但无直接产量,见“具体效果”；施工时拆为人口/经济/兵员/装备/忠诚/AI状态机参数
P080_2,传奇装备登记,成制,军械装备,传奇装备登记·定制,88,6,602,30.1,装备品质、军械库存、耐久维修与配发顺序,在试行基础上扩大覆盖：传奇装备可追踪/继承/缴获,商人,压缩商税,由对应官员职位+特性提出；能力低于门槛时无法提交；高阶成制需先完成试行或同类前置政策,主管离职/叛逃、城市失守、预算断裂、建筑被毁或前置制度撤销会中止；保留部分沉没成本,AI按缺口驱动：粮食不足、兵员不足、军械短缺、商税过低、边防受压等情况提高对应政策权重,固定申请箱显示提出者、门槛、成本、工期、收益、代价、家族/兵种/城市影响；不强制弹窗暂停,管理成本极低但无直接产量,见“具体效果”；施工时拆为人口/经济/兵员/装备/忠诚/AI状态机参数
P081_1,军马牧场制,试行,骑兵马政,军马牧场制·议行,35,5,400,20.0,军马数量、品质、骑兵补员和马匹疲劳,军马繁育+12%,贵族,提高贵族权力,由对应官员职位+特性提出；能力低于门槛时无法提交；高阶成制需先完成试行或同类前置政策,主管离职/叛逃、城市失守、预算断裂、建筑被毁或前置制度撤销会中止；保留部分沉没成本,AI按缺口驱动：粮食不足、兵员不足、军械短缺、商税过低、边防受压等情况提高对应政策权重,固定申请箱显示提出者、门槛、成本、工期、收益、代价、家族/兵种/城市影响；不强制弹窗暂停,牧场占地增加,见“具体效果”；施工时拆为人口/经济/兵员/装备/忠诚/AI状态机参数
P081_2,军马牧场制,成制,骑兵马政,军马牧场制·定制,43,7,660,33.0,军马数量、品质、骑兵补员和马匹疲劳,在试行基础上扩大覆盖：军马繁育+12%,贵族,提高贵族权力,由对应官员职位+特性提出；能力低于门槛时无法提交；高阶成制需先完成试行或同类前置政策,主管离职/叛逃、城市失守、预算断裂、建筑被毁或前置制度撤销会中止；保留部分沉没成本,AI按缺口驱动：粮食不足、兵员不足、军械短缺、商税过低、边防受压等情况提高对应政策权重,固定申请箱显示提出者、门槛、成本、工期、收益、代价、家族/兵种/城市影响；不强制弹窗暂停,牧场占地增加,见“具体效果”；施工时拆为人口/经济/兵员/装备/忠诚/AI状态机参数
P082_1,军马选育令,试行,骑兵马政,军马选育令·议行,40,6,435,21.8,军马数量、品质、骑兵补员和马匹疲劳,优良军马率+8%,官员,增加劳役,由对应官员职位+特性提出；能力低于门槛时无法提交；高阶成制需先完成试行或同类前置政策,主管离职/叛逃、城市失守、预算断裂、建筑被毁或前置制度撤销会中止；保留部分沉没成本,AI按缺口驱动：粮食不足、兵员不足、军械短缺、商税过低、边防受压等情况提高对应政策权重,固定申请箱显示提出者、门槛、成本、工期、收益、代价、家族/兵种/城市影响；不强制弹窗暂停,育种周期更长,见“具体效果”；施工时拆为人口/经济/兵员/装备/忠诚/AI状态机参数
P082_2,军马选育令,成制,骑兵马政,军马选育令·定制,48,8,718,35.9,军马数量、品质、骑兵补员和马匹疲劳,在试行基础上扩大覆盖：优良军马率+8%,官员,增加劳役,由对应官员职位+特性提出；能力低于门槛时无法提交；高阶成制需先完成试行或同类前置政策,主管离职/叛逃、城市失守、预算断裂、建筑被毁或前置制度撤销会中止；保留部分沉没成本,AI按缺口驱动：粮食不足、兵员不足、军械短缺、商税过低、边防受压等情况提高对应政策权重,固定申请箱显示提出者、门槛、成本、工期、收益、代价、家族/兵种/城市影响；不强制弹窗暂停,育种周期更长,见“具体效果”；施工时拆为人口/经济/兵员/装备/忠诚/AI状态机参数
P083_1,骑兵补马法,试行,骑兵马政,骑兵补马法·议行,45,7,470,23.5,军马数量、品质、骑兵补员和马匹疲劳,骑兵补马+10%,将军,提高军费,由对应官员职位+特性提出；能力低于门槛时无法提交；高阶成制需先完成试行或同类前置政策,主管离职/叛逃、城市失守、预算断裂、建筑被毁或前置制度撤销会中止；保留部分沉没成本,AI按缺口驱动：粮食不足、兵员不足、军械短缺、商税过低、边防受压等情况提高对应政策权重,固定申请箱显示提出者、门槛、成本、工期、收益、代价、家族/兵种/城市影响；不强制弹窗暂停,马匹库存下降更快,见“具体效果”；施工时拆为人口/经济/兵员/装备/忠诚/AI状态机参数
P083_2,骑兵补马法,成制,骑兵马政,骑兵补马法·定制,53,9,776,38.8,军马数量、品质、骑兵补员和马匹疲劳,在试行基础上扩大覆盖：骑兵补马+10%,将军,提高军费,由对应官员职位+特性提出；能力低于门槛时无法提交；高阶成制需先完成试行或同类前置政策,主管离职/叛逃、城市失守、预算断裂、建筑被毁或前置制度撤销会中止；保留部分沉没成本,AI按缺口驱动：粮食不足、兵员不足、军械短缺、商税过低、边防受压等情况提高对应政策权重,固定申请箱显示提出者、门槛、成本、工期、收益、代价、家族/兵种/城市影响；不强制弹窗暂停,马匹库存下降更快,见“具体效果”；施工时拆为人口/经济/兵员/装备/忠诚/AI状态机参数
P084_1,马具标准令,试行,骑兵马政,马具标准令·议行,50,8,505,25.2,军马数量、品质、骑兵补员和马匹疲劳,马具耐久+10%,士兵,降低短期人口产出,由对应官员职位+特性提出；能力低于门槛时无法提交；高阶成制需先完成试行或同类前置政策,主管离职/叛逃、城市失守、预算断裂、建筑被毁或前置制度撤销会中止；保留部分沉没成本,AI按缺口驱动：粮食不足、兵员不足、军械短缺、商税过低、边防受压等情况提高对应政策权重,固定申请箱显示提出者、门槛、成本、工期、收益、代价、家族/兵种/城市影响；不强制弹窗暂停,皮革/铁料需求增加,见“具体效果”；施工时拆为人口/经济/兵员/装备/忠诚/AI状态机参数
P084_2,马具标准令,成制,骑兵马政,马具标准令·定制,58,10,833,41.7,军马数量、品质、骑兵补员和马匹疲劳,在试行基础上扩大覆盖：马具耐久+10%,士兵,降低短期人口产出,由对应官员职位+特性提出；能力低于门槛时无法提交；高阶成制需先完成试行或同类前置政策,主管离职/叛逃、城市失守、预算断裂、建筑被毁或前置制度撤销会中止；保留部分沉没成本,AI按缺口驱动：粮食不足、兵员不足、军械短缺、商税过低、边防受压等情况提高对应政策权重,固定申请箱显示提出者、门槛、成本、工期、收益、代价、家族/兵种/城市影响；不强制弹窗暂停,皮革/铁料需求增加,见“具体效果”；施工时拆为人口/经济/兵员/装备/忠诚/AI状态机参数
P085_1,战马伤病处置,试行,骑兵马政,战马伤病处置·议行,55,2,120,6.0,军马数量、品质、骑兵补员和马匹疲劳,伤马存活+12%,农民,增加国库支出,由对应官员职位+特性提出；能力低于门槛时无法提交；高阶成制需先完成试行或同类前置政策,主管离职/叛逃、城市失守、预算断裂、建筑被毁或前置制度撤销会中止；保留部分沉没成本,AI按缺口驱动：粮食不足、兵员不足、军械短缺、商税过低、边防受压等情况提高对应政策权重,固定申请箱显示提出者、门槛、成本、工期、收益、代价、家族/兵种/城市影响；不强制弹窗暂停,医养成本增加,见“具体效果”；施工时拆为人口/经济/兵员/装备/忠诚/AI状态机参数
P085_2,战马伤病处置,成制,骑兵马政,战马伤病处置·定制,63,4,198,9.9,军马数量、品质、骑兵补员和马匹疲劳,在试行基础上扩大覆盖：伤马存活+12%,农民,增加国库支出,由对应官员职位+特性提出；能力低于门槛时无法提交；高阶成制需先完成试行或同类前置政策,主管离职/叛逃、城市失守、预算断裂、建筑被毁或前置制度撤销会中止；保留部分沉没成本,AI按缺口驱动：粮食不足、兵员不足、军械短缺、商税过低、边防受压等情况提高对应政策权重,固定申请箱显示提出者、门槛、成本、工期、收益、代价、家族/兵种/城市影响；不强制弹窗暂停,医养成本增加,见“具体效果”；施工时拆为人口/经济/兵员/装备/忠诚/AI状态机参数
P086_1,驮畜征用法,试行,骑兵马政,驮畜征用法·议行,60,3,155,7.8,军马数量、品质、骑兵补员和马匹疲劳,远征驮运能力+10%,商人,压缩商税,由对应官员职位+特性提出；能力低于门槛时无法提交；高阶成制需先完成试行或同类前置政策,主管离职/叛逃、城市失守、预算断裂、建筑被毁或前置制度撤销会中止；保留部分沉没成本,AI按缺口驱动：粮食不足、兵员不足、军械短缺、商税过低、边防受压等情况提高对应政策权重,固定申请箱显示提出者、门槛、成本、工期、收益、代价、家族/兵种/城市影响；不强制弹窗暂停,牲畜征用影响民生,见“具体效果”；施工时拆为人口/经济/兵员/装备/忠诚/AI状态机参数
P086_2,驮畜征用法,成制,骑兵马政,驮畜征用法·定制,68,5,256,12.8,军马数量、品质、骑兵补员和马匹疲劳,在试行基础上扩大覆盖：远征驮运能力+10%,商人,压缩商税,由对应官员职位+特性提出；能力低于门槛时无法提交；高阶成制需先完成试行或同类前置政策,主管离职/叛逃、城市失守、预算断裂、建筑被毁或前置制度撤销会中止；保留部分沉没成本,AI按缺口驱动：粮食不足、兵员不足、军械短缺、商税过低、边防受压等情况提高对应政策权重,固定申请箱显示提出者、门槛、成本、工期、收益、代价、家族/兵种/城市影响；不强制弹窗暂停,牲畜征用影响民生,见“具体效果”；施工时拆为人口/经济/兵员/装备/忠诚/AI状态机参数
P087_1,骑兵轮训制,试行,骑兵马政,骑兵轮训制·议行,65,4,190,9.5,军马数量、品质、骑兵补员和马匹疲劳,骑兵训练经验+8%,贵族,提高贵族权力,由对应官员职位+特性提出；能力低于门槛时无法提交；高阶成制需先完成试行或同类前置政策,主管离职/叛逃、城市失守、预算断裂、建筑被毁或前置制度撤销会中止；保留部分沉没成本,AI按缺口驱动：粮食不足、兵员不足、军械短缺、商税过低、边防受压等情况提高对应政策权重,固定申请箱显示提出者、门槛、成本、工期、收益、代价、家族/兵种/城市影响；不强制弹窗暂停,训练成本增加,见“具体效果”；施工时拆为人口/经济/兵员/装备/忠诚/AI状态机参数
P087_2,骑兵轮训制,成制,骑兵马政,骑兵轮训制·定制,73,6,314,15.7,军马数量、品质、骑兵补员和马匹疲劳,在试行基础上扩大覆盖：骑兵训练经验+8%,贵族,提高贵族权力,由对应官员职位+特性提出；能力低于门槛时无法提交；高阶成制需先完成试行或同类前置政策,主管离职/叛逃、城市失守、预算断裂、建筑被毁或前置制度撤销会中止；保留部分沉没成本,AI按缺口驱动：粮食不足、兵员不足、军械短缺、商税过低、边防受压等情况提高对应政策权重,固定申请箱显示提出者、门槛、成本、工期、收益、代价、家族/兵种/城市影响；不强制弹窗暂停,训练成本增加,见“具体效果”；施工时拆为人口/经济/兵员/装备/忠诚/AI状态机参数
P088_1,马场冬储令,试行,骑兵马政,马场冬储令·议行,70,5,225,11.2,军马数量、品质、骑兵补员和马匹疲劳,冬季马匹死亡-12%,官员,增加劳役,由对应官员职位+特性提出；能力低于门槛时无法提交；高阶成制需先完成试行或同类前置政策,主管离职/叛逃、城市失守、预算断裂、建筑被毁或前置制度撤销会中止；保留部分沉没成本,AI按缺口驱动：粮食不足、兵员不足、军械短缺、商税过低、边防受压等情况提高对应政策权重,固定申请箱显示提出者、门槛、成本、工期、收益、代价、家族/兵种/城市影响；不强制弹窗暂停,饲料储备需求增加,见“具体效果”；施工时拆为人口/经济/兵员/装备/忠诚/AI状态机参数
P088_2,马场冬储令,成制,骑兵马政,马场冬储令·定制,78,7,371,18.6,军马数量、品质、骑兵补员和马匹疲劳,在试行基础上扩大覆盖：冬季马匹死亡-12%,官员,增加劳役,由对应官员职位+特性提出；能力低于门槛时无法提交；高阶成制需先完成试行或同类前置政策,主管离职/叛逃、城市失守、预算断裂、建筑被毁或前置制度撤销会中止；保留部分沉没成本,AI按缺口驱动：粮食不足、兵员不足、军械短缺、商税过低、边防受压等情况提高对应政策权重,固定申请箱显示提出者、门槛、成本、工期、收益、代价、家族/兵种/城市影响；不强制弹窗暂停,饲料储备需求增加,见“具体效果”；施工时拆为人口/经济/兵员/装备/忠诚/AI状态机参数
P089_1,军马交易许可,试行,骑兵马政,军马交易许可·议行,75,6,260,13.0,军马数量、品质、骑兵补员和马匹疲劳,军马市场供给+8%,将军,提高军费,由对应官员职位+特性提出；能力低于门槛时无法提交；高阶成制需先完成试行或同类前置政策,主管离职/叛逃、城市失守、预算断裂、建筑被毁或前置制度撤销会中止；保留部分沉没成本,AI按缺口驱动：粮食不足、兵员不足、军械短缺、商税过低、边防受压等情况提高对应政策权重,固定申请箱显示提出者、门槛、成本、工期、收益、代价、家族/兵种/城市影响；不强制弹窗暂停,商人议价权增加,见“具体效果”；施工时拆为人口/经济/兵员/装备/忠诚/AI状态机参数
P089_2,军马交易许可,成制,骑兵马政,军马交易许可·定制,83,8,429,21.4,军马数量、品质、骑兵补员和马匹疲劳,在试行基础上扩大覆盖：军马市场供给+8%,将军,提高军费,由对应官员职位+特性提出；能力低于门槛时无法提交；高阶成制需先完成试行或同类前置政策,主管离职/叛逃、城市失守、预算断裂、建筑被毁或前置制度撤销会中止；保留部分沉没成本,AI按缺口驱动：粮食不足、兵员不足、军械短缺、商税过低、边防受压等情况提高对应政策权重,固定申请箱显示提出者、门槛、成本、工期、收益、代价、家族/兵种/城市影响；不强制弹窗暂停,商人议价权增加,见“具体效果”；施工时拆为人口/经济/兵员/装备/忠诚/AI状态机参数
P090_1,名马征购令,试行,骑兵马政,名马征购令·议行,80,7,295,14.8,军马数量、品质、骑兵补员和马匹疲劳,名马出现率+3%,士兵,降低短期人口产出,由对应官员职位+特性提出；能力低于门槛时无法提交；高阶成制需先完成试行或同类前置政策,主管离职/叛逃、城市失守、预算断裂、建筑被毁或前置制度撤销会中止；保留部分沉没成本,AI按缺口驱动：粮食不足、兵员不足、军械短缺、商税过低、边防受压等情况提高对应政策权重,固定申请箱显示提出者、门槛、成本、工期、收益、代价、家族/兵种/城市影响；不强制弹窗暂停,采购价格大幅提高,见“具体效果”；施工时拆为人口/经济/兵员/装备/忠诚/AI状态机参数
P090_2,名马征购令,成制,骑兵马政,名马征购令·定制,88,9,487,24.3,军马数量、品质、骑兵补员和马匹疲劳,在试行基础上扩大覆盖：名马出现率+3%,士兵,降低短期人口产出,由对应官员职位+特性提出；能力低于门槛时无法提交；高阶成制需先完成试行或同类前置政策,主管离职/叛逃、城市失守、预算断裂、建筑被毁或前置制度撤销会中止；保留部分沉没成本,AI按缺口驱动：粮食不足、兵员不足、军械短缺、商税过低、边防受压等情况提高对应政策权重,固定申请箱显示提出者、门槛、成本、工期、收益、代价、家族/兵种/城市影响；不强制弹窗暂停,采购价格大幅提高,见“具体效果”；施工时拆为人口/经济/兵员/装备/忠诚/AI状态机参数
P091_1,军粮定额法,试行,军粮后勤,军粮定额法·议行,35,8,330,16.5,粮耗、运输、驿站、前线补给和辎重安全,口粮浪费-8%,农民,增加国库支出,由对应官员职位+特性提出；能力低于门槛时无法提交；高阶成制需先完成试行或同类前置政策,主管离职/叛逃、城市失守、预算断裂、建筑被毁或前置制度撤销会中止；保留部分沉没成本,AI按缺口驱动：粮食不足、兵员不足、军械短缺、商税过低、边防受压等情况提高对应政策权重,固定申请箱显示提出者、门槛、成本、工期、收益、代价、家族/兵种/城市影响；不强制弹窗暂停,配给管理成本增加,见“具体效果”；施工时拆为人口/经济/兵员/装备/忠诚/AI状态机参数
P091_2,军粮定额法,成制,军粮后勤,军粮定额法·定制,43,10,544,27.2,粮耗、运输、驿站、前线补给和辎重安全,在试行基础上扩大覆盖：口粮浪费-8%,农民,增加国库支出,由对应官员职位+特性提出；能力低于门槛时无法提交；高阶成制需先完成试行或同类前置政策,主管离职/叛逃、城市失守、预算断裂、建筑被毁或前置制度撤销会中止；保留部分沉没成本,AI按缺口驱动：粮食不足、兵员不足、军械短缺、商税过低、边防受压等情况提高对应政策权重,固定申请箱显示提出者、门槛、成本、工期、收益、代价、家族/兵种/城市影响；不强制弹窗暂停,配给管理成本增加,见“具体效果”；施工时拆为人口/经济/兵员/装备/忠诚/AI状态机参数
P092_1,前线粮台制,试行,军粮后勤,前线粮台制·议行,40,2,365,18.2,粮耗、运输、驿站、前线补给和辎重安全,前线补给半径+10%,商人,压缩商税,由对应官员职位+特性提出；能力低于门槛时无法提交；高阶成制需先完成试行或同类前置政策,主管离职/叛逃、城市失守、预算断裂、建筑被毁或前置制度撤销会中止；保留部分沉没成本,AI按缺口驱动：粮食不足、兵员不足、军械短缺、商税过低、边防受压等情况提高对应政策权重,固定申请箱显示提出者、门槛、成本、工期、收益、代价、家族/兵种/城市影响；不强制弹窗暂停,粮台需要守军,见“具体效果”；施工时拆为人口/经济/兵员/装备/忠诚/AI状态机参数
P092_2,前线粮台制,成制,军粮后勤,前线粮台制·定制,48,4,602,30.1,粮耗、运输、驿站、前线补给和辎重安全,在试行基础上扩大覆盖：前线补给半径+10%,商人,压缩商税,由对应官员职位+特性提出；能力低于门槛时无法提交；高阶成制需先完成试行或同类前置政策,主管离职/叛逃、城市失守、预算断裂、建筑被毁或前置制度撤销会中止；保留部分沉没成本,AI按缺口驱动：粮食不足、兵员不足、军械短缺、商税过低、边防受压等情况提高对应政策权重,固定申请箱显示提出者、门槛、成本、工期、收益、代价、家族/兵种/城市影响；不强制弹窗暂停,粮台需要守军,见“具体效果”；施工时拆为人口/经济/兵员/装备/忠诚/AI状态机参数
P093_1,辎重编队法,试行,军粮后勤,辎重编队法·议行,45,3,400,20.0,粮耗、运输、驿站、前线补给和辎重安全,辎重拥堵-10%,贵族,提高贵族权力,由对应官员职位+特性提出；能力低于门槛时无法提交；高阶成制需先完成试行或同类前置政策,主管离职/叛逃、城市失守、预算断裂、建筑被毁或前置制度撤销会中止；保留部分沉没成本,AI按缺口驱动：粮食不足、兵员不足、军械短缺、商税过低、边防受压等情况提高对应政策权重,固定申请箱显示提出者、门槛、成本、工期、收益、代价、家族/兵种/城市影响；不强制弹窗暂停,护卫编制增加,见“具体效果”；施工时拆为人口/经济/兵员/装备/忠诚/AI状态机参数
P093_2,辎重编队法,成制,军粮后勤,辎重编队法·定制,53,5,660,33.0,粮耗、运输、驿站、前线补给和辎重安全,在试行基础上扩大覆盖：辎重拥堵-10%,贵族,提高贵族权力,由对应官员职位+特性提出；能力低于门槛时无法提交；高阶成制需先完成试行或同类前置政策,主管离职/叛逃、城市失守、预算断裂、建筑被毁或前置制度撤销会中止；保留部分沉没成本,AI按缺口驱动：粮食不足、兵员不足、军械短缺、商税过低、边防受压等情况提高对应政策权重,固定申请箱显示提出者、门槛、成本、工期、收益、代价、家族/兵种/城市影响；不强制弹窗暂停,护卫编制增加,见“具体效果”；施工时拆为人口/经济/兵员/装备/忠诚/AI状态机参数
P094_1,驿站军运令,试行,军粮后勤,驿站军运令·议行,50,4,435,21.8,粮耗、运输、驿站、前线补给和辎重安全,道路补给速度+8%,官员,增加劳役,由对应官员职位+特性提出；能力低于门槛时无法提交；高阶成制需先完成试行或同类前置政策,主管离职/叛逃、城市失守、预算断裂、建筑被毁或前置制度撤销会中止；保留部分沉没成本,AI按缺口驱动：粮食不足、兵员不足、军械短缺、商税过低、边防受压等情况提高对应政策权重,固定申请箱显示提出者、门槛、成本、工期、收益、代价、家族/兵种/城市影响；不强制弹窗暂停,驿站维护增加,见“具体效果”；施工时拆为人口/经济/兵员/装备/忠诚/AI状态机参数
P094_2,驿站军运令,成制,军粮后勤,驿站军运令·定制,58,6,718,35.9,粮耗、运输、驿站、前线补给和辎重安全,在试行基础上扩大覆盖：道路补给速度+8%,官员,增加劳役,由对应官员职位+特性提出；能力低于门槛时无法提交；高阶成制需先完成试行或同类前置政策,主管离职/叛逃、城市失守、预算断裂、建筑被毁或前置制度撤销会中止；保留部分沉没成本,AI按缺口驱动：粮食不足、兵员不足、军械短缺、商税过低、边防受压等情况提高对应政策权重,固定申请箱显示提出者、门槛、成本、工期、收益、代价、家族/兵种/城市影响；不强制弹窗暂停,驿站维护增加,见“具体效果”；施工时拆为人口/经济/兵员/装备/忠诚/AI状态机参数
P095_1,分仓随军制,试行,军粮后勤,分仓随军制·议行,55,5,470,23.5,粮耗、运输、驿站、前线补给和辎重安全,单仓被袭损失-12%,将军,提高军费,由对应官员职位+特性提出；能力低于门槛时无法提交；高阶成制需先完成试行或同类前置政策,主管离职/叛逃、城市失守、预算断裂、建筑被毁或前置制度撤销会中止；保留部分沉没成本,AI按缺口驱动：粮食不足、兵员不足、军械短缺、商税过低、边防受压等情况提高对应政策权重,固定申请箱显示提出者、门槛、成本、工期、收益、代价、家族/兵种/城市影响；不强制弹窗暂停,小仓数量增加,见“具体效果”；施工时拆为人口/经济/兵员/装备/忠诚/AI状态机参数
P095_2,分仓随军制,成制,军粮后勤,分仓随军制·定制,63,7,776,38.8,粮耗、运输、驿站、前线补给和辎重安全,在试行基础上扩大覆盖：单仓被袭损失-12%,将军,提高军费,由对应官员职位+特性提出；能力低于门槛时无法提交；高阶成制需先完成试行或同类前置政策,主管离职/叛逃、城市失守、预算断裂、建筑被毁或前置制度撤销会中止；保留部分沉没成本,AI按缺口驱动：粮食不足、兵员不足、军械短缺、商税过低、边防受压等情况提高对应政策权重,固定申请箱显示提出者、门槛、成本、工期、收益、代价、家族/兵种/城市影响；不强制弹窗暂停,小仓数量增加,见“具体效果”；施工时拆为人口/经济/兵员/装备/忠诚/AI状态机参数
P096_1,护粮兵编制,试行,军粮后勤,护粮兵编制·议行,60,6,505,25.2,粮耗、运输、驿站、前线补给和辎重安全,辎重遇袭存活+10%,士兵,降低短期人口产出,由对应官员职位+特性提出；能力低于门槛时无法提交；高阶成制需先完成试行或同类前置政策,主管离职/叛逃、城市失守、预算断裂、建筑被毁或前置制度撤销会中止；保留部分沉没成本,AI按缺口驱动：粮食不足、兵员不足、军械短缺、商税过低、边防受压等情况提高对应政策权重,固定申请箱显示提出者、门槛、成本、工期、收益、代价、家族/兵种/城市影响；不强制弹窗暂停,主战兵力被分流,见“具体效果”；施工时拆为人口/经济/兵员/装备/忠诚/AI状态机参数
P096_2,护粮兵编制,成制,军粮后勤,护粮兵编制·定制,68,8,833,41.7,粮耗、运输、驿站、前线补给和辎重安全,在试行基础上扩大覆盖：辎重遇袭存活+10%,士兵,降低短期人口产出,由对应官员职位+特性提出；能力低于门槛时无法提交；高阶成制需先完成试行或同类前置政策,主管离职/叛逃、城市失守、预算断裂、建筑被毁或前置制度撤销会中止；保留部分沉没成本,AI按缺口驱动：粮食不足、兵员不足、军械短缺、商税过低、边防受压等情况提高对应政策权重,固定申请箱显示提出者、门槛、成本、工期、收益、代价、家族/兵种/城市影响；不强制弹窗暂停,主战兵力被分流,见“具体效果”；施工时拆为人口/经济/兵员/装备/忠诚/AI状态机参数
P097_1,战地采购令,试行,军粮后勤,战地采购令·议行,65,7,120,6.0,粮耗、运输、驿站、前线补给和辎重安全,友境采购效率+10%,农民,增加国库支出,由对应官员职位+特性提出；能力低于门槛时无法提交；高阶成制需先完成试行或同类前置政策,主管离职/叛逃、城市失守、预算断裂、建筑被毁或前置制度撤销会中止；保留部分沉没成本,AI按缺口驱动：粮食不足、兵员不足、军械短缺、商税过低、边防受压等情况提高对应政策权重,固定申请箱显示提出者、门槛、成本、工期、收益、代价、家族/兵种/城市影响；不强制弹窗暂停,金币消耗+6%,见“具体效果”；施工时拆为人口/经济/兵员/装备/忠诚/AI状态机参数
P097_2,战地采购令,成制,军粮后勤,战地采购令·定制,73,9,198,9.9,粮耗、运输、驿站、前线补给和辎重安全,在试行基础上扩大覆盖：友境采购效率+10%,农民,增加国库支出,由对应官员职位+特性提出；能力低于门槛时无法提交；高阶成制需先完成试行或同类前置政策,主管离职/叛逃、城市失守、预算断裂、建筑被毁或前置制度撤销会中止；保留部分沉没成本,AI按缺口驱动：粮食不足、兵员不足、军械短缺、商税过低、边防受压等情况提高对应政策权重,固定申请箱显示提出者、门槛、成本、工期、收益、代价、家族/兵种/城市影响；不强制弹窗暂停,金币消耗+6%,见“具体效果”；施工时拆为人口/经济/兵员/装备/忠诚/AI状态机参数
P098_1,道路军管法,试行,军粮后勤,道路军管法·议行,70,8,155,7.8,粮耗、运输、驿站、前线补给和辎重安全,行军道路优先级更合理,商人,压缩商税,由对应官员职位+特性提出；能力低于门槛时无法提交；高阶成制需先完成试行或同类前置政策,主管离职/叛逃、城市失守、预算断裂、建筑被毁或前置制度撤销会中止；保留部分沉没成本,AI按缺口驱动：粮食不足、兵员不足、军械短缺、商税过低、边防受压等情况提高对应政策权重,固定申请箱显示提出者、门槛、成本、工期、收益、代价、家族/兵种/城市影响；不强制弹窗暂停,民用道路短期受限,见“具体效果”；施工时拆为人口/经济/兵员/装备/忠诚/AI状态机参数
P098_2,道路军管法,成制,军粮后勤,道路军管法·定制,78,10,256,12.8,粮耗、运输、驿站、前线补给和辎重安全,在试行基础上扩大覆盖：行军道路优先级更合理,商人,压缩商税,由对应官员职位+特性提出；能力低于门槛时无法提交；高阶成制需先完成试行或同类前置政策,主管离职/叛逃、城市失守、预算断裂、建筑被毁或前置制度撤销会中止；保留部分沉没成本,AI按缺口驱动：粮食不足、兵员不足、军械短缺、商税过低、边防受压等情况提高对应政策权重,固定申请箱显示提出者、门槛、成本、工期、收益、代价、家族/兵种/城市影响；不强制弹窗暂停,民用道路短期受限,见“具体效果”；施工时拆为人口/经济/兵员/装备/忠诚/AI状态机参数
P099_1,渡桥预置令,试行,军粮后勤,渡桥预置令·议行,75,2,190,9.5,粮耗、运输、驿站、前线补给和辎重安全,渡河等待-10%,贵族,提高贵族权力,由对应官员职位+特性提出；能力低于门槛时无法提交；高阶成制需先完成试行或同类前置政策,主管离职/叛逃、城市失守、预算断裂、建筑被毁或前置制度撤销会中止；保留部分沉没成本,AI按缺口驱动：粮食不足、兵员不足、军械短缺、商税过低、边防受压等情况提高对应政策权重,固定申请箱显示提出者、门槛、成本、工期、收益、代价、家族/兵种/城市影响；不强制弹窗暂停,桥料预置成本增加,见“具体效果”；施工时拆为人口/经济/兵员/装备/忠诚/AI状态机参数
P099_2,渡桥预置令,成制,军粮后勤,渡桥预置令·定制,83,4,314,15.7,粮耗、运输、驿站、前线补给和辎重安全,在试行基础上扩大覆盖：渡河等待-10%,贵族,提高贵族权力,由对应官员职位+特性提出；能力低于门槛时无法提交；高阶成制需先完成试行或同类前置政策,主管离职/叛逃、城市失守、预算断裂、建筑被毁或前置制度撤销会中止；保留部分沉没成本,AI按缺口驱动：粮食不足、兵员不足、军械短缺、商税过低、边防受压等情况提高对应政策权重,固定申请箱显示提出者、门槛、成本、工期、收益、代价、家族/兵种/城市影响；不强制弹窗暂停,桥料预置成本增加,见“具体效果”；施工时拆为人口/经济/兵员/装备/忠诚/AI状态机参数
P100_1,远征整补法,试行,军粮后勤,远征整补法·议行,80,3,225,11.2,粮耗、运输、驿站、前线补给和辎重安全,远征疲劳恢复+10%,官员,增加劳役,由对应官员职位+特性提出；能力低于门槛时无法提交；高阶成制需先完成试行或同类前置政策,主管离职/叛逃、城市失守、预算断裂、建筑被毁或前置制度撤销会中止；保留部分沉没成本,AI按缺口驱动：粮食不足、兵员不足、军械短缺、商税过低、边防受压等情况提高对应政策权重,固定申请箱显示提出者、门槛、成本、工期、收益、代价、家族/兵种/城市影响；不强制弹窗暂停,行军会多停留整补,见“具体效果”；施工时拆为人口/经济/兵员/装备/忠诚/AI状态机参数
P100_2,远征整补法,成制,军粮后勤,远征整补法·定制,88,5,371,18.6,粮耗、运输、驿站、前线补给和辎重安全,在试行基础上扩大覆盖：远征疲劳恢复+10%,官员,增加劳役,由对应官员职位+特性提出；能力低于门槛时无法提交；高阶成制需先完成试行或同类前置政策,主管离职/叛逃、城市失守、预算断裂、建筑被毁或前置制度撤销会中止；保留部分沉没成本,AI按缺口驱动：粮食不足、兵员不足、军械短缺、商税过低、边防受压等情况提高对应政策权重,固定申请箱显示提出者、门槛、成本、工期、收益、代价、家族/兵种/城市影响；不强制弹窗暂停,行军会多停留整补,见“具体效果”；施工时拆为人口/经济/兵员/装备/忠诚/AI状态机参数
P101_1,环城墙计划,试行,城防营造,环城墙计划·议行,35,4,260,13.0,城墙、塔楼、城门、壕沟与守城纵深,城墙覆盖率+12%,将军,提高军费,由对应官员职位+特性提出；能力低于门槛时无法提交；高阶成制需先完成试行或同类前置政策,主管离职/叛逃、城市失守、预算断裂、建筑被毁或前置制度撤销会中止；保留部分沉没成本,AI按缺口驱动：粮食不足、兵员不足、军械短缺、商税过低、边防受压等情况提高对应政策权重,固定申请箱显示提出者、门槛、成本、工期、收益、代价、家族/兵种/城市影响；不强制弹窗暂停,施工周期和维护增加,见“具体效果”；施工时拆为人口/经济/兵员/装备/忠诚/AI状态机参数
P101_2,环城墙计划,成制,城防营造,环城墙计划·定制,43,6,429,21.4,城墙、塔楼、城门、壕沟与守城纵深,在试行基础上扩大覆盖：城墙覆盖率+12%,将军,提高军费,由对应官员职位+特性提出；能力低于门槛时无法提交；高阶成制需先完成试行或同类前置政策,主管离职/叛逃、城市失守、预算断裂、建筑被毁或前置制度撤销会中止；保留部分沉没成本,AI按缺口驱动：粮食不足、兵员不足、军械短缺、商税过低、边防受压等情况提高对应政策权重,固定申请箱显示提出者、门槛、成本、工期、收益、代价、家族/兵种/城市影响；不强制弹窗暂停,施工周期和维护增加,见“具体效果”；施工时拆为人口/经济/兵员/装备/忠诚/AI状态机参数
P102_1,城门分区防御,试行,城防营造,城门分区防御·议行,40,5,295,14.8,城墙、塔楼、城门、壕沟与守城纵深,城门失守连锁风险-12%,士兵,降低短期人口产出,由对应官员职位+特性提出；能力低于门槛时无法提交；高阶成制需先完成试行或同类前置政策,主管离职/叛逃、城市失守、预算断裂、建筑被毁或前置制度撤销会中止；保留部分沉没成本,AI按缺口驱动：粮食不足、兵员不足、军械短缺、商税过低、边防受压等情况提高对应政策权重,固定申请箱显示提出者、门槛、成本、工期、收益、代价、家族/兵种/城市影响；不强制弹窗暂停,城门驻军需求增加,见“具体效果”；施工时拆为人口/经济/兵员/装备/忠诚/AI状态机参数
P102_2,城门分区防御,成制,城防营造,城门分区防御·定制,48,7,487,24.3,城墙、塔楼、城门、壕沟与守城纵深,在试行基础上扩大覆盖：城门失守连锁风险-12%,士兵,降低短期人口产出,由对应官员职位+特性提出；能力低于门槛时无法提交；高阶成制需先完成试行或同类前置政策,主管离职/叛逃、城市失守、预算断裂、建筑被毁或前置制度撤销会中止；保留部分沉没成本,AI按缺口驱动：粮食不足、兵员不足、军械短缺、商税过低、边防受压等情况提高对应政策权重,固定申请箱显示提出者、门槛、成本、工期、收益、代价、家族/兵种/城市影响；不强制弹窗暂停,城门驻军需求增加,见“具体效果”；施工时拆为人口/经济/兵员/装备/忠诚/AI状态机参数
P103_1,塔楼增建令,试行,城防营造,塔楼增建令·议行,45,6,330,16.5,城墙、塔楼、城门、壕沟与守城纵深,塔楼射界+10%,农民,增加国库支出,由对应官员职位+特性提出；能力低于门槛时无法提交；高阶成制需先完成试行或同类前置政策,主管离职/叛逃、城市失守、预算断裂、建筑被毁或前置制度撤销会中止；保留部分沉没成本,AI按缺口驱动：粮食不足、兵员不足、军械短缺、商税过低、边防受压等情况提高对应政策权重,固定申请箱显示提出者、门槛、成本、工期、收益、代价、家族/兵种/城市影响；不强制弹窗暂停,石木消耗增加,见“具体效果”；施工时拆为人口/经济/兵员/装备/忠诚/AI状态机参数
P103_2,塔楼增建令,成制,城防营造,塔楼增建令·定制,53,8,544,27.2,城墙、塔楼、城门、壕沟与守城纵深,在试行基础上扩大覆盖：塔楼射界+10%,农民,增加国库支出,由对应官员职位+特性提出；能力低于门槛时无法提交；高阶成制需先完成试行或同类前置政策,主管离职/叛逃、城市失守、预算断裂、建筑被毁或前置制度撤销会中止；保留部分沉没成本,AI按缺口驱动：粮食不足、兵员不足、军械短缺、商税过低、边防受压等情况提高对应政策权重,固定申请箱显示提出者、门槛、成本、工期、收益、代价、家族/兵种/城市影响；不强制弹窗暂停,石木消耗增加,见“具体效果”；施工时拆为人口/经济/兵员/装备/忠诚/AI状态机参数
P104_1,壕沟营造法,试行,城防营造,壕沟营造法·议行,50,7,365,18.2,城墙、塔楼、城门、壕沟与守城纵深,攻城接近速度-10%,商人,压缩商税,由对应官员职位+特性提出；能力低于门槛时无法提交；高阶成制需先完成试行或同类前置政策,主管离职/叛逃、城市失守、预算断裂、建筑被毁或前置制度撤销会中止；保留部分沉没成本,AI按缺口驱动：粮食不足、兵员不足、军械短缺、商税过低、边防受压等情况提高对应政策权重,固定申请箱显示提出者、门槛、成本、工期、收益、代价、家族/兵种/城市影响；不强制弹窗暂停,城外地块占用,见“具体效果”；施工时拆为人口/经济/兵员/装备/忠诚/AI状态机参数
P104_2,壕沟营造法,成制,城防营造,壕沟营造法·定制,58,9,602,30.1,城墙、塔楼、城门、壕沟与守城纵深,在试行基础上扩大覆盖：攻城接近速度-10%,商人,压缩商税,由对应官员职位+特性提出；能力低于门槛时无法提交；高阶成制需先完成试行或同类前置政策,主管离职/叛逃、城市失守、预算断裂、建筑被毁或前置制度撤销会中止；保留部分沉没成本,AI按缺口驱动：粮食不足、兵员不足、军械短缺、商税过低、边防受压等情况提高对应政策权重,固定申请箱显示提出者、门槛、成本、工期、收益、代价、家族/兵种/城市影响；不强制弹窗暂停,城外地块占用,见“具体效果”；施工时拆为人口/经济/兵员/装备/忠诚/AI状态机参数
P105_1,城墙巡检制,试行,城防营造,城墙巡检制·议行,55,8,400,20.0,城墙、塔楼、城门、壕沟与守城纵深,城墙破损发现+15%,贵族,提高贵族权力,由对应官员职位+特性提出；能力低于门槛时无法提交；高阶成制需先完成试行或同类前置政策,主管离职/叛逃、城市失守、预算断裂、建筑被毁或前置制度撤销会中止；保留部分沉没成本,AI按缺口驱动：粮食不足、兵员不足、军械短缺、商税过低、边防受压等情况提高对应政策权重,固定申请箱显示提出者、门槛、成本、工期、收益、代价、家族/兵种/城市影响；不强制弹窗暂停,日常维护费增加,见“具体效果”；施工时拆为人口/经济/兵员/装备/忠诚/AI状态机参数
P105_2,城墙巡检制,成制,城防营造,城墙巡检制·定制,63,10,660,33.0,城墙、塔楼、城门、壕沟与守城纵深,在试行基础上扩大覆盖：城墙破损发现+15%,贵族,提高贵族权力,由对应官员职位+特性提出；能力低于门槛时无法提交；高阶成制需先完成试行或同类前置政策,主管离职/叛逃、城市失守、预算断裂、建筑被毁或前置制度撤销会中止；保留部分沉没成本,AI按缺口驱动：粮食不足、兵员不足、军械短缺、商税过低、边防受压等情况提高对应政策权重,固定申请箱显示提出者、门槛、成本、工期、收益、代价、家族/兵种/城市影响；不强制弹窗暂停,日常维护费增加,见“具体效果”；施工时拆为人口/经济/兵员/装备/忠诚/AI状态机参数
P106_1,战时急修令,试行,城防营造,战时急修令·议行,60,2,435,21.8,城墙、塔楼、城门、壕沟与守城纵深,战时修复+15%,官员,增加劳役,由对应官员职位+特性提出；能力低于门槛时无法提交；高阶成制需先完成试行或同类前置政策,主管离职/叛逃、城市失守、预算断裂、建筑被毁或前置制度撤销会中止；保留部分沉没成本,AI按缺口驱动：粮食不足、兵员不足、军械短缺、商税过低、边防受压等情况提高对应政策权重,固定申请箱显示提出者、门槛、成本、工期、收益、代价、家族/兵种/城市影响；不强制弹窗暂停,需要预留工程劳力,见“具体效果”；施工时拆为人口/经济/兵员/装备/忠诚/AI状态机参数
P106_2,战时急修令,成制,城防营造,战时急修令·定制,68,4,718,35.9,城墙、塔楼、城门、壕沟与守城纵深,在试行基础上扩大覆盖：战时修复+15%,官员,增加劳役,由对应官员职位+特性提出；能力低于门槛时无法提交；高阶成制需先完成试行或同类前置政策,主管离职/叛逃、城市失守、预算断裂、建筑被毁或前置制度撤销会中止；保留部分沉没成本,AI按缺口驱动：粮食不足、兵员不足、军械短缺、商税过低、边防受压等情况提高对应政策权重,固定申请箱显示提出者、门槛、成本、工期、收益、代价、家族/兵种/城市影响；不强制弹窗暂停,需要预留工程劳力,见“具体效果”；施工时拆为人口/经济/兵员/装备/忠诚/AI状态机参数
P107_1,城防储料制,试行,城防营造,城防储料制·议行,65,3,470,23.5,城墙、塔楼、城门、壕沟与守城纵深,围城材料库存+12%,将军,提高军费,由对应官员职位+特性提出；能力低于门槛时无法提交；高阶成制需先完成试行或同类前置政策,主管离职/叛逃、城市失守、预算断裂、建筑被毁或前置制度撤销会中止；保留部分沉没成本,AI按缺口驱动：粮食不足、兵员不足、军械短缺、商税过低、边防受压等情况提高对应政策权重,固定申请箱显示提出者、门槛、成本、工期、收益、代价、家族/兵种/城市影响；不强制弹窗暂停,仓库占用增加,见“具体效果”；施工时拆为人口/经济/兵员/装备/忠诚/AI状态机参数
P107_2,城防储料制,成制,城防营造,城防储料制·定制,73,5,776,38.8,城墙、塔楼、城门、壕沟与守城纵深,在试行基础上扩大覆盖：围城材料库存+12%,将军,提高军费,由对应官员职位+特性提出；能力低于门槛时无法提交；高阶成制需先完成试行或同类前置政策,主管离职/叛逃、城市失守、预算断裂、建筑被毁或前置制度撤销会中止；保留部分沉没成本,AI按缺口驱动：粮食不足、兵员不足、军械短缺、商税过低、边防受压等情况提高对应政策权重,固定申请箱显示提出者、门槛、成本、工期、收益、代价、家族/兵种/城市影响；不强制弹窗暂停,仓库占用增加,见“具体效果”；施工时拆为人口/经济/兵员/装备/忠诚/AI状态机参数
P108_1,桥头堡计划,试行,城防营造,桥头堡计划·议行,70,4,505,25.2,城墙、塔楼、城门、壕沟与守城纵深,桥头防御+12%,士兵,降低短期人口产出,由对应官员职位+特性提出；能力低于门槛时无法提交；高阶成制需先完成试行或同类前置政策,主管离职/叛逃、城市失守、预算断裂、建筑被毁或前置制度撤销会中止；保留部分沉没成本,AI按缺口驱动：粮食不足、兵员不足、军械短缺、商税过低、边防受压等情况提高对应政策权重,固定申请箱显示提出者、门槛、成本、工期、收益、代价、家族/兵种/城市影响；不强制弹窗暂停,交通拥堵可能增加,见“具体效果”；施工时拆为人口/经济/兵员/装备/忠诚/AI状态机参数
P108_2,桥头堡计划,成制,城防营造,桥头堡计划·定制,78,6,833,41.7,城墙、塔楼、城门、壕沟与守城纵深,在试行基础上扩大覆盖：桥头防御+12%,士兵,降低短期人口产出,由对应官员职位+特性提出；能力低于门槛时无法提交；高阶成制需先完成试行或同类前置政策,主管离职/叛逃、城市失守、预算断裂、建筑被毁或前置制度撤销会中止；保留部分沉没成本,AI按缺口驱动：粮食不足、兵员不足、军械短缺、商税过低、边防受压等情况提高对应政策权重,固定申请箱显示提出者、门槛、成本、工期、收益、代价、家族/兵种/城市影响；不强制弹窗暂停,交通拥堵可能增加,见“具体效果”；施工时拆为人口/经济/兵员/装备/忠诚/AI状态机参数
P109_1,烽堠警戒网,试行,城防营造,烽堠警戒网·议行,75,5,120,6.0,城墙、塔楼、城门、壕沟与守城纵深,敌军预警提前+12%,农民,增加国库支出,由对应官员职位+特性提出；能力低于门槛时无法提交；高阶成制需先完成试行或同类前置政策,主管离职/叛逃、城市失守、预算断裂、建筑被毁或前置制度撤销会中止；保留部分沉没成本,AI按缺口驱动：粮食不足、兵员不足、军械短缺、商税过低、边防受压等情况提高对应政策权重,固定申请箱显示提出者、门槛、成本、工期、收益、代价、家族/兵种/城市影响；不强制弹窗暂停,哨塔维护增加,见“具体效果”；施工时拆为人口/经济/兵员/装备/忠诚/AI状态机参数
P109_2,烽堠警戒网,成制,城防营造,烽堠警戒网·定制,83,7,198,9.9,城墙、塔楼、城门、壕沟与守城纵深,在试行基础上扩大覆盖：敌军预警提前+12%,农民,增加国库支出,由对应官员职位+特性提出；能力低于门槛时无法提交；高阶成制需先完成试行或同类前置政策,主管离职/叛逃、城市失守、预算断裂、建筑被毁或前置制度撤销会中止；保留部分沉没成本,AI按缺口驱动：粮食不足、兵员不足、军械短缺、商税过低、边防受压等情况提高对应政策权重,固定申请箱显示提出者、门槛、成本、工期、收益、代价、家族/兵种/城市影响；不强制弹窗暂停,哨塔维护增加,见“具体效果”；施工时拆为人口/经济/兵员/装备/忠诚/AI状态机参数
P110_1,内城退守线,试行,城防营造,内城退守线·议行,80,6,155,7.8,城墙、塔楼、城门、壕沟与守城纵深,外墙失守后仍可组织第二线,商人,压缩商税,由对应官员职位+特性提出；能力低于门槛时无法提交；高阶成制需先完成试行或同类前置政策,主管离职/叛逃、城市失守、预算断裂、建筑被毁或前置制度撤销会中止；保留部分沉没成本,AI按缺口驱动：粮食不足、兵员不足、军械短缺、商税过低、边防受压等情况提高对应政策权重,固定申请箱显示提出者、门槛、成本、工期、收益、代价、家族/兵种/城市影响；不强制弹窗暂停,城内空间被军用设施占用,见“具体效果”；施工时拆为人口/经济/兵员/装备/忠诚/AI状态机参数
P110_2,内城退守线,成制,城防营造,内城退守线·定制,88,8,256,12.8,城墙、塔楼、城门、壕沟与守城纵深,在试行基础上扩大覆盖：外墙失守后仍可组织第二线,商人,压缩商税,由对应官员职位+特性提出；能力低于门槛时无法提交；高阶成制需先完成试行或同类前置政策,主管离职/叛逃、城市失守、预算断裂、建筑被毁或前置制度撤销会中止；保留部分沉没成本,AI按缺口驱动：粮食不足、兵员不足、军械短缺、商税过低、边防受压等情况提高对应政策权重,固定申请箱显示提出者、门槛、成本、工期、收益、代价、家族/兵种/城市影响；不强制弹窗暂停,城内空间被军用设施占用,见“具体效果”；施工时拆为人口/经济/兵员/装备/忠诚/AI状态机参数
P111_1,主干道整修令,试行,道路工程,主干道整修令·议行,35,7,190,9.5,行军/商旅路径、工程耐久与建造速度,主路行军/商旅速度+8%,贵族,提高贵族权力,由对应官员职位+特性提出；能力低于门槛时无法提交；高阶成制需先完成试行或同类前置政策,主管离职/叛逃、城市失守、预算断裂、建筑被毁或前置制度撤销会中止；保留部分沉没成本,AI按缺口驱动：粮食不足、兵员不足、军械短缺、商税过低、边防受压等情况提高对应政策权重,固定申请箱显示提出者、门槛、成本、工期、收益、代价、家族/兵种/城市影响；不强制弹窗暂停,维护费增加,见“具体效果”；施工时拆为人口/经济/兵员/装备/忠诚/AI状态机参数
P111_2,主干道整修令,成制,道路工程,主干道整修令·定制,43,9,314,15.7,行军/商旅路径、工程耐久与建造速度,在试行基础上扩大覆盖：主路行军/商旅速度+8%,贵族,提高贵族权力,由对应官员职位+特性提出；能力低于门槛时无法提交；高阶成制需先完成试行或同类前置政策,主管离职/叛逃、城市失守、预算断裂、建筑被毁或前置制度撤销会中止；保留部分沉没成本,AI按缺口驱动：粮食不足、兵员不足、军械短缺、商税过低、边防受压等情况提高对应政策权重,固定申请箱显示提出者、门槛、成本、工期、收益、代价、家族/兵种/城市影响；不强制弹窗暂停,维护费增加,见“具体效果”；施工时拆为人口/经济/兵员/装备/忠诚/AI状态机参数
P112_1,驿道扩建令,试行,道路工程,驿道扩建令·议行,40,8,225,11.2,行军/商旅路径、工程耐久与建造速度,驿站覆盖+12%,官员,增加劳役,由对应官员职位+特性提出；能力低于门槛时无法提交；高阶成制需先完成试行或同类前置政策,主管离职/叛逃、城市失守、预算断裂、建筑被毁或前置制度撤销会中止；保留部分沉没成本,AI按缺口驱动：粮食不足、兵员不足、军械短缺、商税过低、边防受压等情况提高对应政策权重,固定申请箱显示提出者、门槛、成本、工期、收益、代价、家族/兵种/城市影响；不强制弹窗暂停,驿卒/马匹成本增加,见“具体效果”；施工时拆为人口/经济/兵员/装备/忠诚/AI状态机参数
P112_2,驿道扩建令,成制,道路工程,驿道扩建令·定制,48,10,371,18.6,行军/商旅路径、工程耐久与建造速度,在试行基础上扩大覆盖：驿站覆盖+12%,官员,增加劳役,由对应官员职位+特性提出；能力低于门槛时无法提交；高阶成制需先完成试行或同类前置政策,主管离职/叛逃、城市失守、预算断裂、建筑被毁或前置制度撤销会中止；保留部分沉没成本,AI按缺口驱动：粮食不足、兵员不足、军械短缺、商税过低、边防受压等情况提高对应政策权重,固定申请箱显示提出者、门槛、成本、工期、收益、代价、家族/兵种/城市影响；不强制弹窗暂停,驿卒/马匹成本增加,见“具体效果”；施工时拆为人口/经济/兵员/装备/忠诚/AI状态机参数
P113_1,桥梁加固法,试行,道路工程,桥梁加固法·议行,45,2,260,13.0,行军/商旅路径、工程耐久与建造速度,桥梁耐久+12%,将军,提高军费,由对应官员职位+特性提出；能力低于门槛时无法提交；高阶成制需先完成试行或同类前置政策,主管离职/叛逃、城市失守、预算断裂、建筑被毁或前置制度撤销会中止；保留部分沉没成本,AI按缺口驱动：粮食不足、兵员不足、军械短缺、商税过低、边防受压等情况提高对应政策权重,固定申请箱显示提出者、门槛、成本、工期、收益、代价、家族/兵种/城市影响；不强制弹窗暂停,建材消耗增加,见“具体效果”；施工时拆为人口/经济/兵员/装备/忠诚/AI状态机参数
P113_2,桥梁加固法,成制,道路工程,桥梁加固法·定制,53,4,429,21.4,行军/商旅路径、工程耐久与建造速度,在试行基础上扩大覆盖：桥梁耐久+12%,将军,提高军费,由对应官员职位+特性提出；能力低于门槛时无法提交；高阶成制需先完成试行或同类前置政策,主管离职/叛逃、城市失守、预算断裂、建筑被毁或前置制度撤销会中止；保留部分沉没成本,AI按缺口驱动：粮食不足、兵员不足、军械短缺、商税过低、边防受压等情况提高对应政策权重,固定申请箱显示提出者、门槛、成本、工期、收益、代价、家族/兵种/城市影响；不强制弹窗暂停,建材消耗增加,见“具体效果”；施工时拆为人口/经济/兵员/装备/忠诚/AI状态机参数
P114_1,山口开路令,试行,道路工程,山口开路令·议行,50,3,295,14.8,行军/商旅路径、工程耐久与建造速度,山地绕路-10%,士兵,降低短期人口产出,由对应官员职位+特性提出；能力低于门槛时无法提交；高阶成制需先完成试行或同类前置政策,主管离职/叛逃、城市失守、预算断裂、建筑被毁或前置制度撤销会中止；保留部分沉没成本,AI按缺口驱动：粮食不足、兵员不足、军械短缺、商税过低、边防受压等情况提高对应政策权重,固定申请箱显示提出者、门槛、成本、工期、收益、代价、家族/兵种/城市影响；不强制弹窗暂停,施工时间较长,见“具体效果”；施工时拆为人口/经济/兵员/装备/忠诚/AI状态机参数
P114_2,山口开路令,成制,道路工程,山口开路令·定制,58,5,487,24.3,行军/商旅路径、工程耐久与建造速度,在试行基础上扩大覆盖：山地绕路-10%,士兵,降低短期人口产出,由对应官员职位+特性提出；能力低于门槛时无法提交；高阶成制需先完成试行或同类前置政策,主管离职/叛逃、城市失守、预算断裂、建筑被毁或前置制度撤销会中止；保留部分沉没成本,AI按缺口驱动：粮食不足、兵员不足、军械短缺、商税过低、边防受压等情况提高对应政策权重,固定申请箱显示提出者、门槛、成本、工期、收益、代价、家族/兵种/城市影响；不强制弹窗暂停,施工时间较长,见“具体效果”；施工时拆为人口/经济/兵员/装备/忠诚/AI状态机参数
P115_1,林区通道令,试行,道路工程,林区通道令·议行,55,4,330,16.5,行军/商旅路径、工程耐久与建造速度,森林行军惩罚-8%,农民,增加国库支出,由对应官员职位+特性提出；能力低于门槛时无法提交；高阶成制需先完成试行或同类前置政策,主管离职/叛逃、城市失守、预算断裂、建筑被毁或前置制度撤销会中止；保留部分沉没成本,AI按缺口驱动：粮食不足、兵员不足、军械短缺、商税过低、边防受压等情况提高对应政策权重,固定申请箱显示提出者、门槛、成本、工期、收益、代价、家族/兵种/城市影响；不强制弹窗暂停,木材采伐增加,见“具体效果”；施工时拆为人口/经济/兵员/装备/忠诚/AI状态机参数
P115_2,林区通道令,成制,道路工程,林区通道令·定制,63,6,544,27.2,行军/商旅路径、工程耐久与建造速度,在试行基础上扩大覆盖：森林行军惩罚-8%,农民,增加国库支出,由对应官员职位+特性提出；能力低于门槛时无法提交；高阶成制需先完成试行或同类前置政策,主管离职/叛逃、城市失守、预算断裂、建筑被毁或前置制度撤销会中止；保留部分沉没成本,AI按缺口驱动：粮食不足、兵员不足、军械短缺、商税过低、边防受压等情况提高对应政策权重,固定申请箱显示提出者、门槛、成本、工期、收益、代价、家族/兵种/城市影响；不强制弹窗暂停,木材采伐增加,见“具体效果”；施工时拆为人口/经济/兵员/装备/忠诚/AI状态机参数
P116_1,雨季道路维护,试行,道路工程,雨季道路维护·议行,60,5,365,18.2,行军/商旅路径、工程耐久与建造速度,泥泞道路惩罚-10%,商人,压缩商税,由对应官员职位+特性提出；能力低于门槛时无法提交；高阶成制需先完成试行或同类前置政策,主管离职/叛逃、城市失守、预算断裂、建筑被毁或前置制度撤销会中止；保留部分沉没成本,AI按缺口驱动：粮食不足、兵员不足、军械短缺、商税过低、边防受压等情况提高对应政策权重,固定申请箱显示提出者、门槛、成本、工期、收益、代价、家族/兵种/城市影响；不强制弹窗暂停,雨季维护费增加,见“具体效果”；施工时拆为人口/经济/兵员/装备/忠诚/AI状态机参数
P116_2,雨季道路维护,成制,道路工程,雨季道路维护·定制,68,7,602,30.1,行军/商旅路径、工程耐久与建造速度,在试行基础上扩大覆盖：泥泞道路惩罚-10%,商人,压缩商税,由对应官员职位+特性提出；能力低于门槛时无法提交；高阶成制需先完成试行或同类前置政策,主管离职/叛逃、城市失守、预算断裂、建筑被毁或前置制度撤销会中止；保留部分沉没成本,AI按缺口驱动：粮食不足、兵员不足、军械短缺、商税过低、边防受压等情况提高对应政策权重,固定申请箱显示提出者、门槛、成本、工期、收益、代价、家族/兵种/城市影响；不强制弹窗暂停,雨季维护费增加,见“具体效果”；施工时拆为人口/经济/兵员/装备/忠诚/AI状态机参数
P117_1,冬季扫雪令,试行,道路工程,冬季扫雪令·议行,65,6,400,20.0,行军/商旅路径、工程耐久与建造速度,雪地道路速度+8%,贵族,提高贵族权力,由对应官员职位+特性提出；能力低于门槛时无法提交；高阶成制需先完成试行或同类前置政策,主管离职/叛逃、城市失守、预算断裂、建筑被毁或前置制度撤销会中止；保留部分沉没成本,AI按缺口驱动：粮食不足、兵员不足、军械短缺、商税过低、边防受压等情况提高对应政策权重,固定申请箱显示提出者、门槛、成本、工期、收益、代价、家族/兵种/城市影响；不强制弹窗暂停,冬季劳役增加,见“具体效果”；施工时拆为人口/经济/兵员/装备/忠诚/AI状态机参数
P117_2,冬季扫雪令,成制,道路工程,冬季扫雪令·定制,73,8,660,33.0,行军/商旅路径、工程耐久与建造速度,在试行基础上扩大覆盖：雪地道路速度+8%,贵族,提高贵族权力,由对应官员职位+特性提出；能力低于门槛时无法提交；高阶成制需先完成试行或同类前置政策,主管离职/叛逃、城市失守、预算断裂、建筑被毁或前置制度撤销会中止；保留部分沉没成本,AI按缺口驱动：粮食不足、兵员不足、军械短缺、商税过低、边防受压等情况提高对应政策权重,固定申请箱显示提出者、门槛、成本、工期、收益、代价、家族/兵种/城市影响；不强制弹窗暂停,冬季劳役增加,见“具体效果”；施工时拆为人口/经济/兵员/装备/忠诚/AI状态机参数
P118_1,商路护路制,试行,道路工程,商路护路制·议行,70,7,435,21.8,行军/商旅路径、工程耐久与建造速度,商队遇袭率-8%,官员,增加劳役,由对应官员职位+特性提出；能力低于门槛时无法提交；高阶成制需先完成试行或同类前置政策,主管离职/叛逃、城市失守、预算断裂、建筑被毁或前置制度撤销会中止；保留部分沉没成本,AI按缺口驱动：粮食不足、兵员不足、军械短缺、商税过低、边防受压等情况提高对应政策权重,固定申请箱显示提出者、门槛、成本、工期、收益、代价、家族/兵种/城市影响；不强制弹窗暂停,护路成本增加,见“具体效果”；施工时拆为人口/经济/兵员/装备/忠诚/AI状态机参数
P118_2,商路护路制,成制,道路工程,商路护路制·定制,78,9,718,35.9,行军/商旅路径、工程耐久与建造速度,在试行基础上扩大覆盖：商队遇袭率-8%,官员,增加劳役,由对应官员职位+特性提出；能力低于门槛时无法提交；高阶成制需先完成试行或同类前置政策,主管离职/叛逃、城市失守、预算断裂、建筑被毁或前置制度撤销会中止；保留部分沉没成本,AI按缺口驱动：粮食不足、兵员不足、军械短缺、商税过低、边防受压等情况提高对应政策权重,固定申请箱显示提出者、门槛、成本、工期、收益、代价、家族/兵种/城市影响；不强制弹窗暂停,护路成本增加,见“具体效果”；施工时拆为人口/经济/兵员/装备/忠诚/AI状态机参数
P119_1,工程劳役轮班,试行,道路工程,工程劳役轮班·议行,75,8,470,23.5,行军/商旅路径、工程耐久与建造速度,工程疲劳-8%,将军,提高军费,由对应官员职位+特性提出；能力低于门槛时无法提交；高阶成制需先完成试行或同类前置政策,主管离职/叛逃、城市失守、预算断裂、建筑被毁或前置制度撤销会中止；保留部分沉没成本,AI按缺口驱动：粮食不足、兵员不足、军械短缺、商税过低、边防受压等情况提高对应政策权重,固定申请箱显示提出者、门槛、成本、工期、收益、代价、家族/兵种/城市影响；不强制弹窗暂停,工期略延长,见“具体效果”；施工时拆为人口/经济/兵员/装备/忠诚/AI状态机参数
P119_2,工程劳役轮班,成制,道路工程,工程劳役轮班·定制,83,10,776,38.8,行军/商旅路径、工程耐久与建造速度,在试行基础上扩大覆盖：工程疲劳-8%,将军,提高军费,由对应官员职位+特性提出；能力低于门槛时无法提交；高阶成制需先完成试行或同类前置政策,主管离职/叛逃、城市失守、预算断裂、建筑被毁或前置制度撤销会中止；保留部分沉没成本,AI按缺口驱动：粮食不足、兵员不足、军械短缺、商税过低、边防受压等情况提高对应政策权重,固定申请箱显示提出者、门槛、成本、工期、收益、代价、家族/兵种/城市影响；不强制弹窗暂停,工期略延长,见“具体效果”；施工时拆为人口/经济/兵员/装备/忠诚/AI状态机参数
P120_1,公共建筑耐久制,试行,道路工程,公共建筑耐久制·议行,80,2,505,25.2,行军/商旅路径、工程耐久与建造速度,建筑耐久平均+8%,士兵,降低短期人口产出,由对应官员职位+特性提出；能力低于门槛时无法提交；高阶成制需先完成试行或同类前置政策,主管离职/叛逃、城市失守、预算断裂、建筑被毁或前置制度撤销会中止；保留部分沉没成本,AI按缺口驱动：粮食不足、兵员不足、军械短缺、商税过低、边防受压等情况提高对应政策权重,固定申请箱显示提出者、门槛、成本、工期、收益、代价、家族/兵种/城市影响；不强制弹窗暂停,维护检查成本增加,见“具体效果”；施工时拆为人口/经济/兵员/装备/忠诚/AI状态机参数
P120_2,公共建筑耐久制,成制,道路工程,公共建筑耐久制·定制,88,4,833,41.7,行军/商旅路径、工程耐久与建造速度,在试行基础上扩大覆盖：建筑耐久平均+8%,士兵,降低短期人口产出,由对应官员职位+特性提出；能力低于门槛时无法提交；高阶成制需先完成试行或同类前置政策,主管离职/叛逃、城市失守、预算断裂、建筑被毁或前置制度撤销会中止；保留部分沉没成本,AI按缺口驱动：粮食不足、兵员不足、军械短缺、商税过低、边防受压等情况提高对应政策权重,固定申请箱显示提出者、门槛、成本、工期、收益、代价、家族/兵种/城市影响；不强制弹窗暂停,维护检查成本增加,见“具体效果”；施工时拆为人口/经济/兵员/装备/忠诚/AI状态机参数
P121_1,城内巡防制,试行,治安民生,城内巡防制·议行,35,3,120,6.0,治安、民心、医疗、抚恤与战后恢复,城内抢劫-12%,农民,增加国库支出,由对应官员职位+特性提出；能力低于门槛时无法提交；高阶成制需先完成试行或同类前置政策,主管离职/叛逃、城市失守、预算断裂、建筑被毁或前置制度撤销会中止；保留部分沉没成本,AI按缺口驱动：粮食不足、兵员不足、军械短缺、商税过低、边防受压等情况提高对应政策权重,固定申请箱显示提出者、门槛、成本、工期、收益、代价、家族/兵种/城市影响；不强制弹窗暂停,巡防开支增加,见“具体效果”；施工时拆为人口/经济/兵员/装备/忠诚/AI状态机参数
P121_2,城内巡防制,成制,治安民生,城内巡防制·定制,43,5,198,9.9,治安、民心、医疗、抚恤与战后恢复,在试行基础上扩大覆盖：城内抢劫-12%,农民,增加国库支出,由对应官员职位+特性提出；能力低于门槛时无法提交；高阶成制需先完成试行或同类前置政策,主管离职/叛逃、城市失守、预算断裂、建筑被毁或前置制度撤销会中止；保留部分沉没成本,AI按缺口驱动：粮食不足、兵员不足、军械短缺、商税过低、边防受压等情况提高对应政策权重,固定申请箱显示提出者、门槛、成本、工期、收益、代价、家族/兵种/城市影响；不强制弹窗暂停,巡防开支增加,见“具体效果”；施工时拆为人口/经济/兵员/装备/忠诚/AI状态机参数
P122_1,盗匪清剿令,试行,治安民生,盗匪清剿令·议行,40,4,155,7.8,治安、民心、医疗、抚恤与战后恢复,盗匪刷新/恢复-12%,商人,压缩商税,由对应官员职位+特性提出；能力低于门槛时无法提交；高阶成制需先完成试行或同类前置政策,主管离职/叛逃、城市失守、预算断裂、建筑被毁或前置制度撤销会中止；保留部分沉没成本,AI按缺口驱动：粮食不足、兵员不足、军械短缺、商税过低、边防受压等情况提高对应政策权重,固定申请箱显示提出者、门槛、成本、工期、收益、代价、家族/兵种/城市影响；不强制弹窗暂停,需要军警劳力,见“具体效果”；施工时拆为人口/经济/兵员/装备/忠诚/AI状态机参数
P122_2,盗匪清剿令,成制,治安民生,盗匪清剿令·定制,48,6,256,12.8,治安、民心、医疗、抚恤与战后恢复,在试行基础上扩大覆盖：盗匪刷新/恢复-12%,商人,压缩商税,由对应官员职位+特性提出；能力低于门槛时无法提交；高阶成制需先完成试行或同类前置政策,主管离职/叛逃、城市失守、预算断裂、建筑被毁或前置制度撤销会中止；保留部分沉没成本,AI按缺口驱动：粮食不足、兵员不足、军械短缺、商税过低、边防受压等情况提高对应政策权重,固定申请箱显示提出者、门槛、成本、工期、收益、代价、家族/兵种/城市影响；不强制弹窗暂停,需要军警劳力,见“具体效果”；施工时拆为人口/经济/兵员/装备/忠诚/AI状态机参数
P123_1,灾民赈济法,试行,治安民生,灾民赈济法·议行,45,5,190,9.5,治安、民心、医疗、抚恤与战后恢复,灾民死亡-15%,贵族,提高贵族权力,由对应官员职位+特性提出；能力低于门槛时无法提交；高阶成制需先完成试行或同类前置政策,主管离职/叛逃、城市失守、预算断裂、建筑被毁或前置制度撤销会中止；保留部分沉没成本,AI按缺口驱动：粮食不足、兵员不足、军械短缺、商税过低、边防受压等情况提高对应政策权重,固定申请箱显示提出者、门槛、成本、工期、收益、代价、家族/兵种/城市影响；不强制弹窗暂停,国库支出增加,见“具体效果”；施工时拆为人口/经济/兵员/装备/忠诚/AI状态机参数
P123_2,灾民赈济法,成制,治安民生,灾民赈济法·定制,53,7,314,15.7,治安、民心、医疗、抚恤与战后恢复,在试行基础上扩大覆盖：灾民死亡-15%,贵族,提高贵族权力,由对应官员职位+特性提出；能力低于门槛时无法提交；高阶成制需先完成试行或同类前置政策,主管离职/叛逃、城市失守、预算断裂、建筑被毁或前置制度撤销会中止；保留部分沉没成本,AI按缺口驱动：粮食不足、兵员不足、军械短缺、商税过低、边防受压等情况提高对应政策权重,固定申请箱显示提出者、门槛、成本、工期、收益、代价、家族/兵种/城市影响；不强制弹窗暂停,国库支出增加,见“具体效果”；施工时拆为人口/经济/兵员/装备/忠诚/AI状态机参数
P124_1,医馆扶持令,试行,治安民生,医馆扶持令·议行,50,6,225,11.2,治安、民心、医疗、抚恤与战后恢复,疾病恢复+10%,官员,增加劳役,由对应官员职位+特性提出；能力低于门槛时无法提交；高阶成制需先完成试行或同类前置政策,主管离职/叛逃、城市失守、预算断裂、建筑被毁或前置制度撤销会中止；保留部分沉没成本,AI按缺口驱动：粮食不足、兵员不足、军械短缺、商税过低、边防受压等情况提高对应政策权重,固定申请箱显示提出者、门槛、成本、工期、收益、代价、家族/兵种/城市影响；不强制弹窗暂停,医疗开支增加,见“具体效果”；施工时拆为人口/经济/兵员/装备/忠诚/AI状态机参数
P124_2,医馆扶持令,成制,治安民生,医馆扶持令·定制,58,8,371,18.6,治安、民心、医疗、抚恤与战后恢复,在试行基础上扩大覆盖：疾病恢复+10%,官员,增加劳役,由对应官员职位+特性提出；能力低于门槛时无法提交；高阶成制需先完成试行或同类前置政策,主管离职/叛逃、城市失守、预算断裂、建筑被毁或前置制度撤销会中止；保留部分沉没成本,AI按缺口驱动：粮食不足、兵员不足、军械短缺、商税过低、边防受压等情况提高对应政策权重,固定申请箱显示提出者、门槛、成本、工期、收益、代价、家族/兵种/城市影响；不强制弹窗暂停,医疗开支增加,见“具体效果”；施工时拆为人口/经济/兵员/装备/忠诚/AI状态机参数
P125_1,粮价救济法,试行,治安民生,粮价救济法·议行,55,7,260,13.0,治安、民心、医疗、抚恤与战后恢复,极端粮价民心惩罚-10%,将军,提高军费,由对应官员职位+特性提出；能力低于门槛时无法提交；高阶成制需先完成试行或同类前置政策,主管离职/叛逃、城市失守、预算断裂、建筑被毁或前置制度撤销会中止；保留部分沉没成本,AI按缺口驱动：粮食不足、兵员不足、军械短缺、商税过低、边防受压等情况提高对应政策权重,固定申请箱显示提出者、门槛、成本、工期、收益、代价、家族/兵种/城市影响；不强制弹窗暂停,补贴国库支出增加,见“具体效果”；施工时拆为人口/经济/兵员/装备/忠诚/AI状态机参数
P125_2,粮价救济法,成制,治安民生,粮价救济法·定制,63,9,429,21.4,治安、民心、医疗、抚恤与战后恢复,在试行基础上扩大覆盖：极端粮价民心惩罚-10%,将军,提高军费,由对应官员职位+特性提出；能力低于门槛时无法提交；高阶成制需先完成试行或同类前置政策,主管离职/叛逃、城市失守、预算断裂、建筑被毁或前置制度撤销会中止；保留部分沉没成本,AI按缺口驱动：粮食不足、兵员不足、军械短缺、商税过低、边防受压等情况提高对应政策权重,固定申请箱显示提出者、门槛、成本、工期、收益、代价、家族/兵种/城市影响；不强制弹窗暂停,补贴国库支出增加,见“具体效果”；施工时拆为人口/经济/兵员/装备/忠诚/AI状态机参数
P126_1,夜禁调整令,试行,治安民生,夜禁调整令·议行,60,8,295,14.8,治安、民心、医疗、抚恤与战后恢复,夜间犯罪-8%,士兵,降低短期人口产出,由对应官员职位+特性提出；能力低于门槛时无法提交；高阶成制需先完成试行或同类前置政策,主管离职/叛逃、城市失守、预算断裂、建筑被毁或前置制度撤销会中止；保留部分沉没成本,AI按缺口驱动：粮食不足、兵员不足、军械短缺、商税过低、边防受压等情况提高对应政策权重,固定申请箱显示提出者、门槛、成本、工期、收益、代价、家族/兵种/城市影响；不强制弹窗暂停,商业夜间活动-4%,见“具体效果”；施工时拆为人口/经济/兵员/装备/忠诚/AI状态机参数
P126_2,夜禁调整令,成制,治安民生,夜禁调整令·定制,68,10,487,24.3,治安、民心、医疗、抚恤与战后恢复,在试行基础上扩大覆盖：夜间犯罪-8%,士兵,降低短期人口产出,由对应官员职位+特性提出；能力低于门槛时无法提交；高阶成制需先完成试行或同类前置政策,主管离职/叛逃、城市失守、预算断裂、建筑被毁或前置制度撤销会中止；保留部分沉没成本,AI按缺口驱动：粮食不足、兵员不足、军械短缺、商税过低、边防受压等情况提高对应政策权重,固定申请箱显示提出者、门槛、成本、工期、收益、代价、家族/兵种/城市影响；不强制弹窗暂停,商业夜间活动-4%,见“具体效果”；施工时拆为人口/经济/兵员/装备/忠诚/AI状态机参数
P127_1,市场纠纷调解,试行,治安民生,市场纠纷调解·议行,65,2,330,16.5,治安、民心、医疗、抚恤与战后恢复,商民冲突-10%,农民,增加国库支出,由对应官员职位+特性提出；能力低于门槛时无法提交；高阶成制需先完成试行或同类前置政策,主管离职/叛逃、城市失守、预算断裂、建筑被毁或前置制度撤销会中止；保留部分沉没成本,AI按缺口驱动：粮食不足、兵员不足、军械短缺、商税过低、边防受压等情况提高对应政策权重,固定申请箱显示提出者、门槛、成本、工期、收益、代价、家族/兵种/城市影响；不强制弹窗暂停,调解官员负担增加,见“具体效果”；施工时拆为人口/经济/兵员/装备/忠诚/AI状态机参数
P127_2,市场纠纷调解,成制,治安民生,市场纠纷调解·定制,73,4,544,27.2,治安、民心、医疗、抚恤与战后恢复,在试行基础上扩大覆盖：商民冲突-10%,农民,增加国库支出,由对应官员职位+特性提出；能力低于门槛时无法提交；高阶成制需先完成试行或同类前置政策,主管离职/叛逃、城市失守、预算断裂、建筑被毁或前置制度撤销会中止；保留部分沉没成本,AI按缺口驱动：粮食不足、兵员不足、军械短缺、商税过低、边防受压等情况提高对应政策权重,固定申请箱显示提出者、门槛、成本、工期、收益、代价、家族/兵种/城市影响；不强制弹窗暂停,调解官员负担增加,见“具体效果”；施工时拆为人口/经济/兵员/装备/忠诚/AI状态机参数
P128_1,伤兵抚恤制,试行,治安民生,伤兵抚恤制·议行,70,3,365,18.2,治安、民心、医疗、抚恤与战后恢复,重伤兵忠诚+8%,商人,压缩商税,由对应官员职位+特性提出；能力低于门槛时无法提交；高阶成制需先完成试行或同类前置政策,主管离职/叛逃、城市失守、预算断裂、建筑被毁或前置制度撤销会中止；保留部分沉没成本,AI按缺口驱动：粮食不足、兵员不足、军械短缺、商税过低、边防受压等情况提高对应政策权重,固定申请箱显示提出者、门槛、成本、工期、收益、代价、家族/兵种/城市影响；不强制弹窗暂停,军费开支增加,见“具体效果”；施工时拆为人口/经济/兵员/装备/忠诚/AI状态机参数
P128_2,伤兵抚恤制,成制,治安民生,伤兵抚恤制·定制,78,5,602,30.1,治安、民心、医疗、抚恤与战后恢复,在试行基础上扩大覆盖：重伤兵忠诚+8%,商人,压缩商税,由对应官员职位+特性提出；能力低于门槛时无法提交；高阶成制需先完成试行或同类前置政策,主管离职/叛逃、城市失守、预算断裂、建筑被毁或前置制度撤销会中止；保留部分沉没成本,AI按缺口驱动：粮食不足、兵员不足、军械短缺、商税过低、边防受压等情况提高对应政策权重,固定申请箱显示提出者、门槛、成本、工期、收益、代价、家族/兵种/城市影响；不强制弹窗暂停,军费开支增加,见“具体效果”；施工时拆为人口/经济/兵员/装备/忠诚/AI状态机参数
P129_1,阵亡家属抚恤,试行,治安民生,阵亡家属抚恤·议行,75,4,400,20.0,治安、民心、医疗、抚恤与战后恢复,阵亡家属民心+10%,贵族,提高贵族权力,由对应官员职位+特性提出；能力低于门槛时无法提交；高阶成制需先完成试行或同类前置政策,主管离职/叛逃、城市失守、预算断裂、建筑被毁或前置制度撤销会中止；保留部分沉没成本,AI按缺口驱动：粮食不足、兵员不足、军械短缺、商税过低、边防受压等情况提高对应政策权重,固定申请箱显示提出者、门槛、成本、工期、收益、代价、家族/兵种/城市影响；不强制弹窗暂停,长期抚恤支出增加,见“具体效果”；施工时拆为人口/经济/兵员/装备/忠诚/AI状态机参数
P129_2,阵亡家属抚恤,成制,治安民生,阵亡家属抚恤·定制,83,6,660,33.0,治安、民心、医疗、抚恤与战后恢复,在试行基础上扩大覆盖：阵亡家属民心+10%,贵族,提高贵族权力,由对应官员职位+特性提出；能力低于门槛时无法提交；高阶成制需先完成试行或同类前置政策,主管离职/叛逃、城市失守、预算断裂、建筑被毁或前置制度撤销会中止；保留部分沉没成本,AI按缺口驱动：粮食不足、兵员不足、军械短缺、商税过低、边防受压等情况提高对应政策权重,固定申请箱显示提出者、门槛、成本、工期、收益、代价、家族/兵种/城市影响；不强制弹窗暂停,长期抚恤支出增加,见“具体效果”；施工时拆为人口/经济/兵员/装备/忠诚/AI状态机参数
P130_1,战后重建令,试行,治安民生,战后重建令·议行,80,5,435,21.8,治安、民心、医疗、抚恤与战后恢复,战后建筑恢复+12%,官员,增加劳役,由对应官员职位+特性提出；能力低于门槛时无法提交；高阶成制需先完成试行或同类前置政策,主管离职/叛逃、城市失守、预算断裂、建筑被毁或前置制度撤销会中止；保留部分沉没成本,AI按缺口驱动：粮食不足、兵员不足、军械短缺、商税过低、边防受压等情况提高对应政策权重,固定申请箱显示提出者、门槛、成本、工期、收益、代价、家族/兵种/城市影响；不强制弹窗暂停,劳力从正常生产转移,见“具体效果”；施工时拆为人口/经济/兵员/装备/忠诚/AI状态机参数
P130_2,战后重建令,成制,治安民生,战后重建令·定制,88,7,718,35.9,治安、民心、医疗、抚恤与战后恢复,在试行基础上扩大覆盖：战后建筑恢复+12%,官员,增加劳役,由对应官员职位+特性提出；能力低于门槛时无法提交；高阶成制需先完成试行或同类前置政策,主管离职/叛逃、城市失守、预算断裂、建筑被毁或前置制度撤销会中止；保留部分沉没成本,AI按缺口驱动：粮食不足、兵员不足、军械短缺、商税过低、边防受压等情况提高对应政策权重,固定申请箱显示提出者、门槛、成本、工期、收益、代价、家族/兵种/城市影响；不强制弹窗暂停,劳力从正常生产转移,见“具体效果”；施工时拆为人口/经济/兵员/装备/忠诚/AI状态机参数
P131_1,边境哨站令,试行,外交边防,边境哨站令·议行,35,6,470,23.5,边境风险、盟军、贸易与侦察,边境预警+12%,将军,提高军费,由对应官员职位+特性提出；能力低于门槛时无法提交；高阶成制需先完成试行或同类前置政策,主管离职/叛逃、城市失守、预算断裂、建筑被毁或前置制度撤销会中止；保留部分沉没成本,AI按缺口驱动：粮食不足、兵员不足、军械短缺、商税过低、边防受压等情况提高对应政策权重,固定申请箱显示提出者、门槛、成本、工期、收益、代价、家族/兵种/城市影响；不强制弹窗暂停,哨所维护增加,见“具体效果”；施工时拆为人口/经济/兵员/装备/忠诚/AI状态机参数
P131_2,边境哨站令,成制,外交边防,边境哨站令·定制,43,8,776,38.8,边境风险、盟军、贸易与侦察,在试行基础上扩大覆盖：边境预警+12%,将军,提高军费,由对应官员职位+特性提出；能力低于门槛时无法提交；高阶成制需先完成试行或同类前置政策,主管离职/叛逃、城市失守、预算断裂、建筑被毁或前置制度撤销会中止；保留部分沉没成本,AI按缺口驱动：粮食不足、兵员不足、军械短缺、商税过低、边防受压等情况提高对应政策权重,固定申请箱显示提出者、门槛、成本、工期、收益、代价、家族/兵种/城市影响；不强制弹窗暂停,哨所维护增加,见“具体效果”；施工时拆为人口/经济/兵员/装备/忠诚/AI状态机参数
P132_1,互市开放令,试行,外交边防,互市开放令·议行,40,7,505,25.2,边境风险、盟军、贸易与侦察,边境贸易+10%,士兵,降低短期人口产出,由对应官员职位+特性提出；能力低于门槛时无法提交；高阶成制需先完成试行或同类前置政策,主管离职/叛逃、城市失守、预算断裂、建筑被毁或前置制度撤销会中止；保留部分沉没成本,AI按缺口驱动：粮食不足、兵员不足、军械短缺、商税过低、边防受压等情况提高对应政策权重,固定申请箱显示提出者、门槛、成本、工期、收益、代价、家族/兵种/城市影响；不强制弹窗暂停,走私风险+4%,见“具体效果”；施工时拆为人口/经济/兵员/装备/忠诚/AI状态机参数
P132_2,互市开放令,成制,外交边防,互市开放令·定制,48,9,833,41.7,边境风险、盟军、贸易与侦察,在试行基础上扩大覆盖：边境贸易+10%,士兵,降低短期人口产出,由对应官员职位+特性提出；能力低于门槛时无法提交；高阶成制需先完成试行或同类前置政策,主管离职/叛逃、城市失守、预算断裂、建筑被毁或前置制度撤销会中止；保留部分沉没成本,AI按缺口驱动：粮食不足、兵员不足、军械短缺、商税过低、边防受压等情况提高对应政策权重,固定申请箱显示提出者、门槛、成本、工期、收益、代价、家族/兵种/城市影响；不强制弹窗暂停,走私风险+4%,见“具体效果”；施工时拆为人口/经济/兵员/装备/忠诚/AI状态机参数
P133_1,盟国军粮互助,试行,外交边防,盟国军粮互助·议行,45,8,120,6.0,边境风险、盟军、贸易与侦察,盟军补给效率+10%,农民,增加国库支出,由对应官员职位+特性提出；能力低于门槛时无法提交；高阶成制需先完成试行或同类前置政策,主管离职/叛逃、城市失守、预算断裂、建筑被毁或前置制度撤销会中止；保留部分沉没成本,AI按缺口驱动：粮食不足、兵员不足、军械短缺、商税过低、边防受压等情况提高对应政策权重,固定申请箱显示提出者、门槛、成本、工期、收益、代价、家族/兵种/城市影响；不强制弹窗暂停,需承担互助义务,见“具体效果”；施工时拆为人口/经济/兵员/装备/忠诚/AI状态机参数
P133_2,盟国军粮互助,成制,外交边防,盟国军粮互助·定制,53,10,198,9.9,边境风险、盟军、贸易与侦察,在试行基础上扩大覆盖：盟军补给效率+10%,农民,增加国库支出,由对应官员职位+特性提出；能力低于门槛时无法提交；高阶成制需先完成试行或同类前置政策,主管离职/叛逃、城市失守、预算断裂、建筑被毁或前置制度撤销会中止；保留部分沉没成本,AI按缺口驱动：粮食不足、兵员不足、军械短缺、商税过低、边防受压等情况提高对应政策权重,固定申请箱显示提出者、门槛、成本、工期、收益、代价、家族/兵种/城市影响；不强制弹窗暂停,需承担互助义务,见“具体效果”；施工时拆为人口/经济/兵员/装备/忠诚/AI状态机参数
P134_1,边民通行证,试行,外交边防,边民通行证·议行,50,2,155,7.8,边境风险、盟军、贸易与侦察,误入边境冲突-12%,商人,压缩商税,由对应官员职位+特性提出；能力低于门槛时无法提交；高阶成制需先完成试行或同类前置政策,主管离职/叛逃、城市失守、预算断裂、建筑被毁或前置制度撤销会中止；保留部分沉没成本,AI按缺口驱动：粮食不足、兵员不足、军械短缺、商税过低、边防受压等情况提高对应政策权重,固定申请箱显示提出者、门槛、成本、工期、收益、代价、家族/兵种/城市影响；不强制弹窗暂停,行政检查增加,见“具体效果”；施工时拆为人口/经济/兵员/装备/忠诚/AI状态机参数
P134_2,边民通行证,成制,外交边防,边民通行证·定制,58,4,256,12.8,边境风险、盟军、贸易与侦察,在试行基础上扩大覆盖：误入边境冲突-12%,商人,压缩商税,由对应官员职位+特性提出；能力低于门槛时无法提交；高阶成制需先完成试行或同类前置政策,主管离职/叛逃、城市失守、预算断裂、建筑被毁或前置制度撤销会中止；保留部分沉没成本,AI按缺口驱动：粮食不足、兵员不足、军械短缺、商税过低、边防受压等情况提高对应政策权重,固定申请箱显示提出者、门槛、成本、工期、收益、代价、家族/兵种/城市影响；不强制弹窗暂停,行政检查增加,见“具体效果”；施工时拆为人口/经济/兵员/装备/忠诚/AI状态机参数
P135_1,商旅安全协定,试行,外交边防,商旅安全协定·议行,55,3,190,9.5,边境风险、盟军、贸易与侦察,商旅遇袭-8%,贵族,提高贵族权力,由对应官员职位+特性提出；能力低于门槛时无法提交；高阶成制需先完成试行或同类前置政策,主管离职/叛逃、城市失守、预算断裂、建筑被毁或前置制度撤销会中止；保留部分沉没成本,AI按缺口驱动：粮食不足、兵员不足、军械短缺、商税过低、边防受压等情况提高对应政策权重,固定申请箱显示提出者、门槛、成本、工期、收益、代价、家族/兵种/城市影响；不强制弹窗暂停,需要外交/护商支出,见“具体效果”；施工时拆为人口/经济/兵员/装备/忠诚/AI状态机参数
P135_2,商旅安全协定,成制,外交边防,商旅安全协定·定制,63,5,314,15.7,边境风险、盟军、贸易与侦察,在试行基础上扩大覆盖：商旅遇袭-8%,贵族,提高贵族权力,由对应官员职位+特性提出；能力低于门槛时无法提交；高阶成制需先完成试行或同类前置政策,主管离职/叛逃、城市失守、预算断裂、建筑被毁或前置制度撤销会中止；保留部分沉没成本,AI按缺口驱动：粮食不足、兵员不足、军械短缺、商税过低、边防受压等情况提高对应政策权重,固定申请箱显示提出者、门槛、成本、工期、收益、代价、家族/兵种/城市影响；不强制弹窗暂停,需要外交/护商支出,见“具体效果”；施工时拆为人口/经济/兵员/装备/忠诚/AI状态机参数
P136_1,战俘赎回制,试行,外交边防,战俘赎回制·议行,60,4,225,11.2,边境风险、盟军、贸易与侦察,高价值俘虏回收+10%,官员,增加劳役,由对应官员职位+特性提出；能力低于门槛时无法提交；高阶成制需先完成试行或同类前置政策,主管离职/叛逃、城市失守、预算断裂、建筑被毁或前置制度撤销会中止；保留部分沉没成本,AI按缺口驱动：粮食不足、兵员不足、军械短缺、商税过低、边防受压等情况提高对应政策权重,固定申请箱显示提出者、门槛、成本、工期、收益、代价、家族/兵种/城市影响；不强制弹窗暂停,赎金支出增加,见“具体效果”；施工时拆为人口/经济/兵员/装备/忠诚/AI状态机参数
P136_2,战俘赎回制,成制,外交边防,战俘赎回制·定制,68,6,371,18.6,边境风险、盟军、贸易与侦察,在试行基础上扩大覆盖：高价值俘虏回收+10%,官员,增加劳役,由对应官员职位+特性提出；能力低于门槛时无法提交；高阶成制需先完成试行或同类前置政策,主管离职/叛逃、城市失守、预算断裂、建筑被毁或前置制度撤销会中止；保留部分沉没成本,AI按缺口驱动：粮食不足、兵员不足、军械短缺、商税过低、边防受压等情况提高对应政策权重,固定申请箱显示提出者、门槛、成本、工期、收益、代价、家族/兵种/城市影响；不强制弹窗暂停,赎金支出增加,见“具体效果”；施工时拆为人口/经济/兵员/装备/忠诚/AI状态机参数
P137_1,边境缓冲区,试行,外交边防,边境缓冲区·议行,65,5,260,13.0,边境风险、盟军、贸易与侦察,边境突袭频率-8%,将军,提高军费,由对应官员职位+特性提出；能力低于门槛时无法提交；高阶成制需先完成试行或同类前置政策,主管离职/叛逃、城市失守、预算断裂、建筑被毁或前置制度撤销会中止；保留部分沉没成本,AI按缺口驱动：粮食不足、兵员不足、军械短缺、商税过低、边防受压等情况提高对应政策权重,固定申请箱显示提出者、门槛、成本、工期、收益、代价、家族/兵种/城市影响；不强制弹窗暂停,部分土地利用受限,见“具体效果”；施工时拆为人口/经济/兵员/装备/忠诚/AI状态机参数
P137_2,边境缓冲区,成制,外交边防,边境缓冲区·定制,73,7,429,21.4,边境风险、盟军、贸易与侦察,在试行基础上扩大覆盖：边境突袭频率-8%,将军,提高军费,由对应官员职位+特性提出；能力低于门槛时无法提交；高阶成制需先完成试行或同类前置政策,主管离职/叛逃、城市失守、预算断裂、建筑被毁或前置制度撤销会中止；保留部分沉没成本,AI按缺口驱动：粮食不足、兵员不足、军械短缺、商税过低、边防受压等情况提高对应政策权重,固定申请箱显示提出者、门槛、成本、工期、收益、代价、家族/兵种/城市影响；不强制弹窗暂停,部分土地利用受限,见“具体效果”；施工时拆为人口/经济/兵员/装备/忠诚/AI状态机参数
P138_1,共同防御条约,试行,外交边防,共同防御条约·议行,70,6,295,14.8,边境风险、盟军、贸易与侦察,盟国援军响应+10%,士兵,降低短期人口产出,由对应官员职位+特性提出；能力低于门槛时无法提交；高阶成制需先完成试行或同类前置政策,主管离职/叛逃、城市失守、预算断裂、建筑被毁或前置制度撤销会中止；保留部分沉没成本,AI按缺口驱动：粮食不足、兵员不足、军械短缺、商税过低、边防受压等情况提高对应政策权重,固定申请箱显示提出者、门槛、成本、工期、收益、代价、家族/兵种/城市影响；不强制弹窗暂停,战争义务加重,见“具体效果”；施工时拆为人口/经济/兵员/装备/忠诚/AI状态机参数
P138_2,共同防御条约,成制,外交边防,共同防御条约·定制,78,8,487,24.3,边境风险、盟军、贸易与侦察,在试行基础上扩大覆盖：盟国援军响应+10%,士兵,降低短期人口产出,由对应官员职位+特性提出；能力低于门槛时无法提交；高阶成制需先完成试行或同类前置政策,主管离职/叛逃、城市失守、预算断裂、建筑被毁或前置制度撤销会中止；保留部分沉没成本,AI按缺口驱动：粮食不足、兵员不足、军械短缺、商税过低、边防受压等情况提高对应政策权重,固定申请箱显示提出者、门槛、成本、工期、收益、代价、家族/兵种/城市影响；不强制弹窗暂停,战争义务加重,见“具体效果”；施工时拆为人口/经济/兵员/装备/忠诚/AI状态机参数
P139_1,停战期贸易令,试行,外交边防,停战期贸易令·议行,75,7,330,16.5,边境风险、盟军、贸易与侦察,停战期贸易恢复+12%,农民,增加国库支出,由对应官员职位+特性提出；能力低于门槛时无法提交；高阶成制需先完成试行或同类前置政策,主管离职/叛逃、城市失守、预算断裂、建筑被毁或前置制度撤销会中止；保留部分沉没成本,AI按缺口驱动：粮食不足、兵员不足、军械短缺、商税过低、边防受压等情况提高对应政策权重,固定申请箱显示提出者、门槛、成本、工期、收益、代价、家族/兵种/城市影响；不强制弹窗暂停,对敌戒备略降,见“具体效果”；施工时拆为人口/经济/兵员/装备/忠诚/AI状态机参数
P139_2,停战期贸易令,成制,外交边防,停战期贸易令·定制,83,9,544,27.2,边境风险、盟军、贸易与侦察,在试行基础上扩大覆盖：停战期贸易恢复+12%,农民,增加国库支出,由对应官员职位+特性提出；能力低于门槛时无法提交；高阶成制需先完成试行或同类前置政策,主管离职/叛逃、城市失守、预算断裂、建筑被毁或前置制度撤销会中止；保留部分沉没成本,AI按缺口驱动：粮食不足、兵员不足、军械短缺、商税过低、边防受压等情况提高对应政策权重,固定申请箱显示提出者、门槛、成本、工期、收益、代价、家族/兵种/城市影响；不强制弹窗暂停,对敌戒备略降,见“具体效果”；施工时拆为人口/经济/兵员/装备/忠诚/AI状态机参数
P140_1,敌境情报网,试行,外交边防,敌境情报网·议行,80,8,365,18.2,边境风险、盟军、贸易与侦察,敌境情报+12%,商人,压缩商税,由对应官员职位+特性提出；能力低于门槛时无法提交；高阶成制需先完成试行或同类前置政策,主管离职/叛逃、城市失守、预算断裂、建筑被毁或前置制度撤销会中止；保留部分沉没成本,AI按缺口驱动：粮食不足、兵员不足、军械短缺、商税过低、边防受压等情况提高对应政策权重,固定申请箱显示提出者、门槛、成本、工期、收益、代价、家族/兵种/城市影响；不强制弹窗暂停,间谍暴露会恶化关系,见“具体效果”；施工时拆为人口/经济/兵员/装备/忠诚/AI状态机参数
P140_2,敌境情报网,成制,外交边防,敌境情报网·定制,88,10,602,30.1,边境风险、盟军、贸易与侦察,在试行基础上扩大覆盖：敌境情报+12%,商人,压缩商税,由对应官员职位+特性提出；能力低于门槛时无法提交；高阶成制需先完成试行或同类前置政策,主管离职/叛逃、城市失守、预算断裂、建筑被毁或前置制度撤销会中止；保留部分沉没成本,AI按缺口驱动：粮食不足、兵员不足、军械短缺、商税过低、边防受压等情况提高对应政策权重,固定申请箱显示提出者、门槛、成本、工期、收益、代价、家族/兵种/城市影响；不强制弹窗暂停,间谍暴露会恶化关系,见“具体效果”；施工时拆为人口/经济/兵员/装备/忠诚/AI状态机参数
P141_1,战功核验制,试行,军功荣誉,战功核验制·议行,35,2,400,20.0,军心、晋升、威望、家族地位与老兵保留,虚报战功-15%；晋升质量+8%,贵族,提高贵族权力,由对应官员职位+特性提出；能力低于门槛时无法提交；高阶成制需先完成试行或同类前置政策,主管离职/叛逃、城市失守、预算断裂、建筑被毁或前置制度撤销会中止；保留部分沉没成本,AI按缺口驱动：粮食不足、兵员不足、军械短缺、商税过低、边防受压等情况提高对应政策权重,固定申请箱显示提出者、门槛、成本、工期、收益、代价、家族/兵种/城市影响；不强制弹窗暂停,核验时间增加,见“具体效果”；施工时拆为人口/经济/兵员/装备/忠诚/AI状态机参数
P141_2,战功核验制,成制,军功荣誉,战功核验制·定制,43,4,660,33.0,军心、晋升、威望、家族地位与老兵保留,在试行基础上扩大覆盖：虚报战功-15%；晋升质量+8%,贵族,提高贵族权力,由对应官员职位+特性提出；能力低于门槛时无法提交；高阶成制需先完成试行或同类前置政策,主管离职/叛逃、城市失守、预算断裂、建筑被毁或前置制度撤销会中止；保留部分沉没成本,AI按缺口驱动：粮食不足、兵员不足、军械短缺、商税过低、边防受压等情况提高对应政策权重,固定申请箱显示提出者、门槛、成本、工期、收益、代价、家族/兵种/城市影响；不强制弹窗暂停,核验时间增加,见“具体效果”；施工时拆为人口/经济/兵员/装备/忠诚/AI状态机参数
P142_1,军旗荣誉制,试行,军功荣誉,军旗荣誉制·议行,40,3,435,21.8,军心、晋升、威望、家族地位与老兵保留,军旗士气半径+8%,官员,增加劳役,由对应官员职位+特性提出；能力低于门槛时无法提交；高阶成制需先完成试行或同类前置政策,主管离职/叛逃、城市失守、预算断裂、建筑被毁或前置制度撤销会中止；保留部分沉没成本,AI按缺口驱动：粮食不足、兵员不足、军械短缺、商税过低、边防受压等情况提高对应政策权重,固定申请箱显示提出者、门槛、成本、工期、收益、代价、家族/兵种/城市影响；不强制弹窗暂停,丢旗士气冲击更大,见“具体效果”；施工时拆为人口/经济/兵员/装备/忠诚/AI状态机参数
P142_2,军旗荣誉制,成制,军功荣誉,军旗荣誉制·定制,48,5,718,35.9,军心、晋升、威望、家族地位与老兵保留,在试行基础上扩大覆盖：军旗士气半径+8%,官员,增加劳役,由对应官员职位+特性提出；能力低于门槛时无法提交；高阶成制需先完成试行或同类前置政策,主管离职/叛逃、城市失守、预算断裂、建筑被毁或前置制度撤销会中止；保留部分沉没成本,AI按缺口驱动：粮食不足、兵员不足、军械短缺、商税过低、边防受压等情况提高对应政策权重,固定申请箱显示提出者、门槛、成本、工期、收益、代价、家族/兵种/城市影响；不强制弹窗暂停,丢旗士气冲击更大,见“具体效果”；施工时拆为人口/经济/兵员/装备/忠诚/AI状态机参数
P143_1,名将表彰令,试行,军功荣誉,名将表彰令·议行,45,4,470,23.5,军心、晋升、威望、家族地位与老兵保留,名将威望+10%,将军,提高军费,由对应官员职位+特性提出；能力低于门槛时无法提交；高阶成制需先完成试行或同类前置政策,主管离职/叛逃、城市失守、预算断裂、建筑被毁或前置制度撤销会中止；保留部分沉没成本,AI按缺口驱动：粮食不足、兵员不足、军械短缺、商税过低、边防受压等情况提高对应政策权重,固定申请箱显示提出者、门槛、成本、工期、收益、代价、家族/兵种/城市影响；不强制弹窗暂停,政治影响力也增加,见“具体效果”；施工时拆为人口/经济/兵员/装备/忠诚/AI状态机参数
P143_2,名将表彰令,成制,军功荣誉,名将表彰令·定制,53,6,776,38.8,军心、晋升、威望、家族地位与老兵保留,在试行基础上扩大覆盖：名将威望+10%,将军,提高军费,由对应官员职位+特性提出；能力低于门槛时无法提交；高阶成制需先完成试行或同类前置政策,主管离职/叛逃、城市失守、预算断裂、建筑被毁或前置制度撤销会中止；保留部分沉没成本,AI按缺口驱动：粮食不足、兵员不足、军械短缺、商税过低、边防受压等情况提高对应政策权重,固定申请箱显示提出者、门槛、成本、工期、收益、代价、家族/兵种/城市影响；不强制弹窗暂停,政治影响力也增加,见“具体效果”；施工时拆为人口/经济/兵员/装备/忠诚/AI状态机参数
P144_1,老兵荣誉津贴,试行,军功荣誉,老兵荣誉津贴·议行,50,5,505,25.2,军心、晋升、威望、家族地位与老兵保留,老兵退伍率-10%,士兵,降低短期人口产出,由对应官员职位+特性提出；能力低于门槛时无法提交；高阶成制需先完成试行或同类前置政策,主管离职/叛逃、城市失守、预算断裂、建筑被毁或前置制度撤销会中止；保留部分沉没成本,AI按缺口驱动：粮食不足、兵员不足、军械短缺、商税过低、边防受压等情况提高对应政策权重,固定申请箱显示提出者、门槛、成本、工期、收益、代价、家族/兵种/城市影响；不强制弹窗暂停,荣誉津贴增加,见“具体效果”；施工时拆为人口/经济/兵员/装备/忠诚/AI状态机参数
P144_2,老兵荣誉津贴,成制,军功荣誉,老兵荣誉津贴·定制,58,7,833,41.7,军心、晋升、威望、家族地位与老兵保留,在试行基础上扩大覆盖：老兵退伍率-10%,士兵,降低短期人口产出,由对应官员职位+特性提出；能力低于门槛时无法提交；高阶成制需先完成试行或同类前置政策,主管离职/叛逃、城市失守、预算断裂、建筑被毁或前置制度撤销会中止；保留部分沉没成本,AI按缺口驱动：粮食不足、兵员不足、军械短缺、商税过低、边防受压等情况提高对应政策权重,固定申请箱显示提出者、门槛、成本、工期、收益、代价、家族/兵种/城市影响；不强制弹窗暂停,荣誉津贴增加,见“具体效果”；施工时拆为人口/经济/兵员/装备/忠诚/AI状态机参数
P145_1,战役纪功册,试行,军功荣誉,战役纪功册·议行,55,6,120,6.0,军心、晋升、威望、家族地位与老兵保留,战役经验保留+10%,农民,增加国库支出,由对应官员职位+特性提出；能力低于门槛时无法提交；高阶成制需先完成试行或同类前置政策,主管离职/叛逃、城市失守、预算断裂、建筑被毁或前置制度撤销会中止；保留部分沉没成本,AI按缺口驱动：粮食不足、兵员不足、军械短缺、商税过低、边防受压等情况提高对应政策权重,固定申请箱显示提出者、门槛、成本、工期、收益、代价、家族/兵种/城市影响；不强制弹窗暂停,无直接战斗加成,见“具体效果”；施工时拆为人口/经济/兵员/装备/忠诚/AI状态机参数
P145_2,战役纪功册,成制,军功荣誉,战役纪功册·定制,63,8,198,9.9,军心、晋升、威望、家族地位与老兵保留,在试行基础上扩大覆盖：战役经验保留+10%,农民,增加国库支出,由对应官员职位+特性提出；能力低于门槛时无法提交；高阶成制需先完成试行或同类前置政策,主管离职/叛逃、城市失守、预算断裂、建筑被毁或前置制度撤销会中止；保留部分沉没成本,AI按缺口驱动：粮食不足、兵员不足、军械短缺、商税过低、边防受压等情况提高对应政策权重,固定申请箱显示提出者、门槛、成本、工期、收益、代价、家族/兵种/城市影响；不强制弹窗暂停,无直接战斗加成,见“具体效果”；施工时拆为人口/经济/兵员/装备/忠诚/AI状态机参数
P146_1,阵亡将士祠,试行,军功荣誉,阵亡将士祠·议行,60,7,155,7.8,军心、晋升、威望、家族地位与老兵保留,阵亡家属忠诚+8%,商人,压缩商税,由对应官员职位+特性提出；能力低于门槛时无法提交；高阶成制需先完成试行或同类前置政策,主管离职/叛逃、城市失守、预算断裂、建筑被毁或前置制度撤销会中止；保留部分沉没成本,AI按缺口驱动：粮食不足、兵员不足、军械短缺、商税过低、边防受压等情况提高对应政策权重,固定申请箱显示提出者、门槛、成本、工期、收益、代价、家族/兵种/城市影响；不强制弹窗暂停,建设维护支出增加,见“具体效果”；施工时拆为人口/经济/兵员/装备/忠诚/AI状态机参数
P146_2,阵亡将士祠,成制,军功荣誉,阵亡将士祠·定制,68,9,256,12.8,军心、晋升、威望、家族地位与老兵保留,在试行基础上扩大覆盖：阵亡家属忠诚+8%,商人,压缩商税,由对应官员职位+特性提出；能力低于门槛时无法提交；高阶成制需先完成试行或同类前置政策,主管离职/叛逃、城市失守、预算断裂、建筑被毁或前置制度撤销会中止；保留部分沉没成本,AI按缺口驱动：粮食不足、兵员不足、军械短缺、商税过低、边防受压等情况提高对应政策权重,固定申请箱显示提出者、门槛、成本、工期、收益、代价、家族/兵种/城市影响；不强制弹窗暂停,建设维护支出增加,见“具体效果”；施工时拆为人口/经济/兵员/装备/忠诚/AI状态机参数
P147_1,特殊兵种授旗,试行,军功荣誉,特殊兵种授旗·议行,65,8,190,9.5,军心、晋升、威望、家族地位与老兵保留,特殊兵种士气+6%,贵族,提高贵族权力,由对应官员职位+特性提出；能力低于门槛时无法提交；高阶成制需先完成试行或同类前置政策,主管离职/叛逃、城市失守、预算断裂、建筑被毁或前置制度撤销会中止；保留部分沉没成本,AI按缺口驱动：粮食不足、兵员不足、军械短缺、商税过低、边防受压等情况提高对应政策权重,固定申请箱显示提出者、门槛、成本、工期、收益、代价、家族/兵种/城市影响；不强制弹窗暂停,精锐政治象征更强,见“具体效果”；施工时拆为人口/经济/兵员/装备/忠诚/AI状态机参数
P147_2,特殊兵种授旗,成制,军功荣誉,特殊兵种授旗·定制,73,10,314,15.7,军心、晋升、威望、家族地位与老兵保留,在试行基础上扩大覆盖：特殊兵种士气+6%,贵族,提高贵族权力,由对应官员职位+特性提出；能力低于门槛时无法提交；高阶成制需先完成试行或同类前置政策,主管离职/叛逃、城市失守、预算断裂、建筑被毁或前置制度撤销会中止；保留部分沉没成本,AI按缺口驱动：粮食不足、兵员不足、军械短缺、商税过低、边防受压等情况提高对应政策权重,固定申请箱显示提出者、门槛、成本、工期、收益、代价、家族/兵种/城市影响；不强制弹窗暂停,精锐政治象征更强,见“具体效果”；施工时拆为人口/经济/兵员/装备/忠诚/AI状态机参数
P148_1,军功晋爵细则,试行,军功荣誉,军功晋爵细则·议行,70,2,225,11.2,军心、晋升、威望、家族地位与老兵保留,军功入爵门槛明确,官员,增加劳役,由对应官员职位+特性提出；能力低于门槛时无法提交；高阶成制需先完成试行或同类前置政策,主管离职/叛逃、城市失守、预算断裂、建筑被毁或前置制度撤销会中止；保留部分沉没成本,AI按缺口驱动：粮食不足、兵员不足、军械短缺、商税过低、边防受压等情况提高对应政策权重,固定申请箱显示提出者、门槛、成本、工期、收益、代价、家族/兵种/城市影响；不强制弹窗暂停,传统贵族不满可能上升,见“具体效果”；施工时拆为人口/经济/兵员/装备/忠诚/AI状态机参数
P148_2,军功晋爵细则,成制,军功荣誉,军功晋爵细则·定制,78,4,371,18.6,军心、晋升、威望、家族地位与老兵保留,在试行基础上扩大覆盖：军功入爵门槛明确,官员,增加劳役,由对应官员职位+特性提出；能力低于门槛时无法提交；高阶成制需先完成试行或同类前置政策,主管离职/叛逃、城市失守、预算断裂、建筑被毁或前置制度撤销会中止；保留部分沉没成本,AI按缺口驱动：粮食不足、兵员不足、军械短缺、商税过低、边防受压等情况提高对应政策权重,固定申请箱显示提出者、门槛、成本、工期、收益、代价、家族/兵种/城市影响；不强制弹窗暂停,传统贵族不满可能上升,见“具体效果”；施工时拆为人口/经济/兵员/装备/忠诚/AI状态机参数
P149_1,败军整训令,试行,军功荣誉,败军整训令·议行,75,3,260,13.0,军心、晋升、威望、家族地位与老兵保留,败军重整+10%,将军,提高军费,由对应官员职位+特性提出；能力低于门槛时无法提交；高阶成制需先完成试行或同类前置政策,主管离职/叛逃、城市失守、预算断裂、建筑被毁或前置制度撤销会中止；保留部分沉没成本,AI按缺口驱动：粮食不足、兵员不足、军械短缺、商税过低、边防受压等情况提高对应政策权重,固定申请箱显示提出者、门槛、成本、工期、收益、代价、家族/兵种/城市影响；不强制弹窗暂停,短期无法再次出征,见“具体效果”；施工时拆为人口/经济/兵员/装备/忠诚/AI状态机参数
P149_2,败军整训令,成制,军功荣誉,败军整训令·定制,83,5,429,21.4,军心、晋升、威望、家族地位与老兵保留,在试行基础上扩大覆盖：败军重整+10%,将军,提高军费,由对应官员职位+特性提出；能力低于门槛时无法提交；高阶成制需先完成试行或同类前置政策,主管离职/叛逃、城市失守、预算断裂、建筑被毁或前置制度撤销会中止；保留部分沉没成本,AI按缺口驱动：粮食不足、兵员不足、军械短缺、商税过低、边防受压等情况提高对应政策权重,固定申请箱显示提出者、门槛、成本、工期、收益、代价、家族/兵种/城市影响；不强制弹窗暂停,短期无法再次出征,见“具体效果”；施工时拆为人口/经济/兵员/装备/忠诚/AI状态机参数
P150_1,军纪荣辱榜,试行,军功荣誉,军纪荣辱榜·议行,80,4,295,14.8,军心、晋升、威望、家族地位与老兵保留,军纪优秀部队士气+5,士兵,降低短期人口产出,由对应官员职位+特性提出；能力低于门槛时无法提交；高阶成制需先完成试行或同类前置政策,主管离职/叛逃、城市失守、预算断裂、建筑被毁或前置制度撤销会中止；保留部分沉没成本,AI按缺口驱动：粮食不足、兵员不足、军械短缺、商税过低、边防受压等情况提高对应政策权重,固定申请箱显示提出者、门槛、成本、工期、收益、代价、家族/兵种/城市影响；不强制弹窗暂停,公开惩戒会降低违规者家族好感,见“具体效果”；施工时拆为人口/经济/兵员/装备/忠诚/AI状态机参数
P150_2,军纪荣辱榜,成制,军功荣誉,军纪荣辱榜·定制,88,6,487,24.3,军心、晋升、威望、家族地位与老兵保留,在试行基础上扩大覆盖：军纪优秀部队士气+5,士兵,降低短期人口产出,由对应官员职位+特性提出；能力低于门槛时无法提交；高阶成制需先完成试行或同类前置政策,主管离职/叛逃、城市失守、预算断裂、建筑被毁或前置制度撤销会中止；保留部分沉没成本,AI按缺口驱动：粮食不足、兵员不足、军械短缺、商税过低、边防受压等情况提高对应政策权重,固定申请箱显示提出者、门槛、成本、工期、收益、代价、家族/兵种/城市影响；不强制弹窗暂停,公开惩戒会降低违规者家族好感,见“具体效果”；施工时拆为人口/经济/兵员/装备/忠诚/AI状态机参数
