ID,士兵特性,类别,主要效果,行为说明,获得方式,军官晋升,具体效果
ST001,短兵熟手,近战,命中/格挡,在近战相关状态机中改变个人判断、动作优先级或阈值；不会让士兵无条件获得超常战力。,出生小概率+训练+真实战斗经历；老兵特性主要依靠长期生存和战役积累,拥有“军官潜质”类特性、较高纪律/勇气/智力并积累战功后才进入军官候选；必须由上级推荐并由领主/军政系统批准,近战命中+5%
ST002,长兵熟手,近战,阵型稳定,在近战相关状态机中改变个人判断、动作优先级或阈值；不会让士兵无条件获得超常战力。,出生小概率+训练+真实战斗经历；老兵特性主要依靠长期生存和战役积累,拥有“军官潜质”类特性、较高纪律/勇气/智力并积累战功后才进入军官候选；必须由上级推荐并由领主/军政系统批准,长柄武器命中+5%
ST003,抢先出手,近战,体力,在近战相关状态机中改变个人判断、动作优先级或阈值；不会让士兵无条件获得超常战力。,出生小概率+训练+真实战斗经历；老兵特性主要依靠长期生存和战役积累,拥有“军官潜质”类特性、较高纪律/勇气/智力并积累战功后才进入军官候选；必须由上级推荐并由领主/军政系统批准,首次近战反应+8%
ST004,沉着格挡,近战,士气,在近战相关状态机中改变个人判断、动作优先级或阈值；不会让士兵无条件获得超常战力。,出生小概率+训练+真实战斗经历；老兵特性主要依靠长期生存和战役积累,拥有“军官潜质”类特性、较高纪律/勇气/智力并积累战功后才进入军官候选；必须由上级推荐并由领主/军政系统批准,格挡成功+6%
ST005,借势反击,近战,寻路/侦察,在近战相关状态机中改变个人判断、动作优先级或阈值；不会让士兵无条件获得超常战力。,出生小概率+训练+真实战斗经历；老兵特性主要依靠长期生存和战役积累,拥有“军官潜质”类特性、较高纪律/勇气/智力并积累战功后才进入军官候选；必须由上级推荐并由领主/军政系统批准,成功格挡后反击权重+10%
ST006,贴身缠斗,近战,追击/撤退,在近战相关状态机中改变个人判断、动作优先级或阈值；不会让士兵无条件获得超常战力。,出生小概率+训练+真实战斗经历；老兵特性主要依靠长期生存和战役积累,拥有“军官潜质”类特性、较高纪律/勇气/智力并积累战功后才进入军官候选；必须由上级推荐并由领主/军政系统批准,贴身时攻击间隔-5%
ST007,破盾老手,近战,受伤/恢复,在近战相关状态机中改变个人判断、动作优先级或阈值；不会让士兵无条件获得超常战力。,出生小概率+训练+真实战斗经历；老兵特性主要依靠长期生存和战役积累,拥有“军官潜质”类特性、较高纪律/勇气/智力并积累战功后才进入军官候选；必须由上级推荐并由领主/军政系统批准,对盾耐力伤害+8%
ST008,护身有方,近战,军官成长,在近战相关状态机中改变个人判断、动作优先级或阈值；不会让士兵无条件获得超常战力。,出生小概率+训练+真实战斗经历；老兵特性主要依靠长期生存和战役积累,拥有“军官潜质”类特性、较高纪律/勇气/智力并积累战功后才进入军官候选；必须由上级推荐并由领主/军政系统批准,被包夹时防御惩罚-6%
ST009,盾缘熟手,盾战,命中/格挡,在盾战相关状态机中改变个人判断、动作优先级或阈值；不会让士兵无条件获得超常战力。,出生小概率+训练+真实战斗经历；老兵特性主要依靠长期生存和战役积累,拥有“军官潜质”类特性、较高纪律/勇气/智力并积累战功后才进入军官候选；必须由上级推荐并由领主/军政系统批准,盾牌覆盖+6%
ST010,举盾稳健,盾战,阵型稳定,在盾战相关状态机中改变个人判断、动作优先级或阈值；不会让士兵无条件获得超常战力。,出生小概率+训练+真实战斗经历；老兵特性主要依靠长期生存和战役积累,拥有“军官潜质”类特性、较高纪律/勇气/智力并积累战功后才进入军官候选；必须由上级推荐并由领主/军政系统批准,远程来袭举盾反应+10%
ST011,盾墙补位,盾战,体力,在盾战相关状态机中改变个人判断、动作优先级或阈值；不会让士兵无条件获得超常战力。,出生小概率+训练+真实战斗经历；老兵特性主要依靠长期生存和战役积累,拥有“军官潜质”类特性、较高纪律/勇气/智力并积累战功后才进入军官候选；必须由上级推荐并由领主/军政系统批准,盾墙缺口补位+10%
ST012,护侧意识,盾战,士气,在盾战相关状态机中改变个人判断、动作优先级或阈值；不会让士兵无条件获得超常战力。,出生小概率+训练+真实战斗经历；老兵特性主要依靠长期生存和战役积累,拥有“军官潜质”类特性、较高纪律/勇气/智力并积累战功后才进入军官候选；必须由上级推荐并由领主/军政系统批准,侧向防御+6%
ST013,抗冲撞,盾战,寻路/侦察,在盾战相关状态机中改变个人判断、动作优先级或阈值；不会让士兵无条件获得超常战力。,出生小概率+训练+真实战斗经历；老兵特性主要依靠长期生存和战役积累,拥有“军官潜质”类特性、较高纪律/勇气/智力并积累战功后才进入军官候选；必须由上级推荐并由领主/军政系统批准,冲击稳定+8%
ST014,盾击熟练,盾战,追击/撤退,在盾战相关状态机中改变个人判断、动作优先级或阈值；不会让士兵无条件获得超常战力。,出生小概率+训练+真实战斗经历；老兵特性主要依靠长期生存和战役积累,拥有“军官潜质”类特性、较高纪律/勇气/智力并积累战功后才进入军官候选；必须由上级推荐并由领主/军政系统批准,盾击权重+8%
ST015,举盾耐久,盾战,受伤/恢复,在盾战相关状态机中改变个人判断、动作优先级或阈值；不会让士兵无条件获得超常战力。,出生小概率+训练+真实战斗经历；老兵特性主要依靠长期生存和战役积累,拥有“军官潜质”类特性、较高纪律/勇气/智力并积累战功后才进入军官候选；必须由上级推荐并由领主/军政系统批准,持盾体力消耗-8%
ST016,遮护同袍,盾战,军官成长,在盾战相关状态机中改变个人判断、动作优先级或阈值；不会让士兵无条件获得超常战力。,出生小概率+训练+真实战斗经历；老兵特性主要依靠长期生存和战役积累,拥有“军官潜质”类特性、较高纪律/勇气/智力并积累战功后才进入军官候选；必须由上级推荐并由领主/军政系统批准,邻兵受箭概率-5%
ST017,架枪熟练,枪矛,命中/格挡,在枪矛相关状态机中改变个人判断、动作优先级或阈值；不会让士兵无条件获得超常战力。,出生小概率+训练+真实战斗经历；老兵特性主要依靠长期生存和战役积累,拥有“军官潜质”类特性、较高纪律/勇气/智力并积累战功后才进入军官候选；必须由上级推荐并由领主/军政系统批准,架枪速度+10%
ST018,枪尾借力,枪矛,阵型稳定,在枪矛相关状态机中改变个人判断、动作优先级或阈值；不会让士兵无条件获得超常战力。,出生小概率+训练+真实战斗经历；老兵特性主要依靠长期生存和战役积累,拥有“军官潜质”类特性、较高纪律/勇气/智力并积累战功后才进入军官候选；必须由上级推荐并由领主/军政系统批准,枪矛推刺稳定+6%
ST019,拒骑老手,枪矛,体力,在枪矛相关状态机中改变个人判断、动作优先级或阈值；不会让士兵无条件获得超常战力。,出生小概率+训练+真实战斗经历；老兵特性主要依靠长期生存和战役积累,拥有“军官潜质”类特性、较高纪律/勇气/智力并积累战功后才进入军官候选；必须由上级推荐并由领主/军政系统批准,反骑冲击+8%
ST020,长槊稳手,枪矛,士气,在枪矛相关状态机中改变个人判断、动作优先级或阈值；不会让士兵无条件获得超常战力。,出生小概率+训练+真实战斗经历；老兵特性主要依靠长期生存和战役积累,拥有“军官潜质”类特性、较高纪律/勇气/智力并积累战功后才进入军官候选；必须由上级推荐并由领主/军政系统批准,长槊命中+5%
ST021,刺击精准,枪矛,寻路/侦察,在枪矛相关状态机中改变个人判断、动作优先级或阈值；不会让士兵无条件获得超常战力。,出生小概率+训练+真实战斗经历；老兵特性主要依靠长期生存和战役积累,拥有“军官潜质”类特性、较高纪律/勇气/智力并积累战功后才进入军官候选；必须由上级推荐并由领主/军政系统批准,刺击命中+6%
ST022,枪阵补位,枪矛,追击/撤退,在枪矛相关状态机中改变个人判断、动作优先级或阈值；不会让士兵无条件获得超常战力。,出生小概率+训练+真实战斗经历；老兵特性主要依靠长期生存和战役积累,拥有“军官潜质”类特性、较高纪律/勇气/智力并积累战功后才进入军官候选；必须由上级推荐并由领主/军政系统批准,枪阵补位+8%
ST023,转槊迅速,枪矛,受伤/恢复,在枪矛相关状态机中改变个人判断、动作优先级或阈值；不会让士兵无条件获得超常战力。,出生小概率+训练+真实战斗经历；老兵特性主要依靠长期生存和战役积累,拥有“军官潜质”类特性、较高纪律/勇气/智力并积累战功后才进入军官候选；必须由上级推荐并由领主/军政系统批准,转向速度+6%
ST024,持枪耐力,枪矛,军官成长,在枪矛相关状态机中改变个人判断、动作优先级或阈值；不会让士兵无条件获得超常战力。,出生小概率+训练+真实战斗经历；老兵特性主要依靠长期生存和战役积累,拥有“军官潜质”类特性、较高纪律/勇气/智力并积累战功后才进入军官候选；必须由上级推荐并由领主/军政系统批准,持枪体力消耗-8%
ST025,定息瞄准,弓射,命中/格挡,在弓射相关状态机中改变个人判断、动作优先级或阈值；不会让士兵无条件获得超常战力。,出生小概率+训练+真实战斗经历；老兵特性主要依靠长期生存和战役积累,拥有“军官潜质”类特性、较高纪律/勇气/智力并积累战功后才进入军官候选；必须由上级推荐并由领主/军政系统批准,弓命中+5%
ST026,远射熟手,弓射,阵型稳定,在弓射相关状态机中改变个人判断、动作优先级或阈值；不会让士兵无条件获得超常战力。,出生小概率+训练+真实战斗经历；老兵特性主要依靠长期生存和战役积累,拥有“军官潜质”类特性、较高纪律/勇气/智力并积累战功后才进入军官候选；必须由上级推荐并由领主/军政系统批准,极限射程误差-8%
ST027,近射果断,弓射,体力,在弓射相关状态机中改变个人判断、动作优先级或阈值；不会让士兵无条件获得超常战力。,出生小概率+训练+真实战斗经历；老兵特性主要依靠长期生存和战役积累,拥有“军官潜质”类特性、较高纪律/勇气/智力并积累战功后才进入军官候选；必须由上级推荐并由领主/军政系统批准,近射命中+6%
ST028,齐射听令,弓射,士气,在弓射相关状态机中改变个人判断、动作优先级或阈值；不会让士兵无条件获得超常战力。,出生小概率+训练+真实战斗经历；老兵特性主要依靠长期生存和战役积累,拥有“军官潜质”类特性、较高纪律/勇气/智力并积累战功后才进入军官候选；必须由上级推荐并由领主/军政系统批准,齐射延迟-8%
ST029,换位迅速,弓射,寻路/侦察,在弓射相关状态机中改变个人判断、动作优先级或阈值；不会让士兵无条件获得超常战力。,出生小概率+训练+真实战斗经历；老兵特性主要依靠长期生存和战役积累,拥有“军官潜质”类特性、较高纪律/勇气/智力并积累战功后才进入军官候选；必须由上级推荐并由领主/军政系统批准,换位时间-8%
ST030,节箭,弓射,追击/撤退,在弓射相关状态机中改变个人判断、动作优先级或阈值；不会让士兵无条件获得超常战力。,出生小概率+训练+真实战斗经历；老兵特性主要依靠长期生存和战役积累,拥有“军官潜质”类特性、较高纪律/勇气/智力并积累战功后才进入军官候选；必须由上级推荐并由领主/军政系统批准,箭耗-8%
ST031,高地射手,弓射,受伤/恢复,在弓射相关状态机中改变个人判断、动作优先级或阈值；不会让士兵无条件获得超常战力。,出生小概率+训练+真实战斗经历；老兵特性主要依靠长期生存和战役积累,拥有“军官潜质”类特性、较高纪律/勇气/智力并积累战功后才进入军官候选；必须由上级推荐并由领主/军政系统批准,高地命中+6%
ST032,压制射击,弓射,军官成长,在弓射相关状态机中改变个人判断、动作优先级或阈值；不会让士兵无条件获得超常战力。,出生小概率+训练+真实战斗经历；老兵特性主要依靠长期生存和战役积累,拥有“军官潜质”类特性、较高纪律/勇气/智力并积累战功后才进入军官候选；必须由上级推荐并由领主/军政系统批准,压制士气+5%
ST033,上弦熟练,弩射,命中/格挡,在弩射相关状态机中改变个人判断、动作优先级或阈值；不会让士兵无条件获得超常战力。,出生小概率+训练+真实战斗经历；老兵特性主要依靠长期生存和战役积累,拥有“军官潜质”类特性、较高纪律/勇气/智力并积累战功后才进入军官候选；必须由上级推荐并由领主/军政系统批准,上弦时间-8%
ST034,弩矢精准,弩射,阵型稳定,在弩射相关状态机中改变个人判断、动作优先级或阈值；不会让士兵无条件获得超常战力。,出生小概率+训练+真实战斗经历；老兵特性主要依靠长期生存和战役积累,拥有“军官潜质”类特性、较高纪律/勇气/智力并积累战功后才进入军官候选；必须由上级推荐并由领主/军政系统批准,弩命中+5%
ST035,轮射听令,弩射,体力,在弩射相关状态机中改变个人判断、动作优先级或阈值；不会让士兵无条件获得超常战力。,出生小概率+训练+真实战斗经历；老兵特性主要依靠长期生存和战役积累,拥有“军官潜质”类特性、较高纪律/勇气/智力并积累战功后才进入军官候选；必须由上级推荐并由领主/军政系统批准,轮射空窗-8%
ST036,近距平射,弩射,士气,在弩射相关状态机中改变个人判断、动作优先级或阈值；不会让士兵无条件获得超常战力。,出生小概率+训练+真实战斗经历；老兵特性主要依靠长期生存和战役积累,拥有“军官潜质”类特性、较高纪律/勇气/智力并积累战功后才进入军官候选；必须由上级推荐并由领主/军政系统批准,近距穿甲+5%
ST037,重弩耐力,弩射,寻路/侦察,在弩射相关状态机中改变个人判断、动作优先级或阈值；不会让士兵无条件获得超常战力。,出生小概率+训练+真实战斗经历；老兵特性主要依靠长期生存和战役积累,拥有“军官潜质”类特性、较高纪律/勇气/智力并积累战功后才进入军官候选；必须由上级推荐并由领主/军政系统批准,重弩疲劳-8%
ST038,护弩意识,弩射,追击/撤退,在弩射相关状态机中改变个人判断、动作优先级或阈值；不会让士兵无条件获得超常战力。,出生小概率+训练+真实战斗经历；老兵特性主要依靠长期生存和战役积累,拥有“军官潜质”类特性、较高纪律/勇气/智力并积累战功后才进入军官候选；必须由上级推荐并由领主/军政系统批准,近战接近时后撤反应+8%
ST039,弩阵换位,弩射,受伤/恢复,在弩射相关状态机中改变个人判断、动作优先级或阈值；不会让士兵无条件获得超常战力。,出生小概率+训练+真实战斗经历；老兵特性主要依靠长期生存和战役积累,拥有“军官潜质”类特性、较高纪律/勇气/智力并积累战功后才进入军官候选；必须由上级推荐并由领主/军政系统批准,换位时间-6%
ST040,箭槽管理,弩射,军官成长,在弩射相关状态机中改变个人判断、动作优先级或阈值；不会让士兵无条件获得超常战力。,出生小概率+训练+真实战斗经历；老兵特性主要依靠长期生存和战役积累,拥有“军官潜质”类特性、较高纪律/勇气/智力并积累战功后才进入军官候选；必须由上级推荐并由领主/军政系统批准,箭矢浪费-8%
ST041,马背稳身,骑术,命中/格挡,在骑术相关状态机中改变个人判断、动作优先级或阈值；不会让士兵无条件获得超常战力。,出生小概率+训练+真实战斗经历；老兵特性主要依靠长期生存和战役积累,拥有“军官潜质”类特性、较高纪律/勇气/智力并积累战功后才进入军官候选；必须由上级推荐并由领主/军政系统批准,落马概率-10%
ST042,控马熟练,骑术,阵型稳定,在骑术相关状态机中改变个人判断、动作优先级或阈值；不会让士兵无条件获得超常战力。,出生小概率+训练+真实战斗经历；老兵特性主要依靠长期生存和战役积累,拥有“军官潜质”类特性、较高纪律/勇气/智力并积累战功后才进入军官候选；必须由上级推荐并由领主/军政系统批准,战马转向+6%
ST043,冲锋不乱,骑术,体力,在骑术相关状态机中改变个人判断、动作优先级或阈值；不会让士兵无条件获得超常战力。,出生小概率+训练+真实战斗经历；老兵特性主要依靠长期生存和战役积累,拥有“军官潜质”类特性、较高纪律/勇气/智力并积累战功后才进入军官候选；必须由上级推荐并由领主/军政系统批准,冲锋队形损失-8%
ST044,骑射基础,骑术,士气,在骑术相关状态机中改变个人判断、动作优先级或阈值；不会让士兵无条件获得超常战力。,出生小概率+训练+真实战斗经历；老兵特性主要依靠长期生存和战役积累,拥有“军官潜质”类特性、较高纪律/勇气/智力并积累战功后才进入军官候选；必须由上级推荐并由领主/军政系统批准,骑射命中+5%
ST045,绕翼意识,骑术,寻路/侦察,在骑术相关状态机中改变个人判断、动作优先级或阈值；不会让士兵无条件获得超常战力。,出生小概率+训练+真实战斗经历；老兵特性主要依靠长期生存和战役积累,拥有“军官潜质”类特性、较高纪律/勇气/智力并积累战功后才进入军官候选；必须由上级推荐并由领主/军政系统批准,侧翼寻路+8%
ST046,追骑熟手,骑术,追击/撤退,在骑术相关状态机中改变个人判断、动作优先级或阈值；不会让士兵无条件获得超常战力。,出生小概率+训练+真实战斗经历；老兵特性主要依靠长期生存和战役积累,拥有“军官潜质”类特性、较高纪律/勇气/智力并积累战功后才进入军官候选；必须由上级推荐并由领主/军政系统批准,追击速度+6%
ST047,急停转向,骑术,受伤/恢复,在骑术相关状态机中改变个人判断、动作优先级或阈值；不会让士兵无条件获得超常战力。,出生小概率+训练+真实战斗经历；老兵特性主要依靠长期生存和战役积累,拥有“军官潜质”类特性、较高纪律/勇气/智力并积累战功后才进入军官候选；必须由上级推荐并由领主/军政系统批准,急停转向+8%
ST048,护马惜力,骑术,军官成长,在骑术相关状态机中改变个人判断、动作优先级或阈值；不会让士兵无条件获得超常战力。,出生小概率+训练+真实战斗经历；老兵特性主要依靠长期生存和战役积累,拥有“军官潜质”类特性、较高纪律/勇气/智力并积累战功后才进入军官候选；必须由上级推荐并由领主/军政系统批准,马匹疲劳-6%
ST049,长途耐行,体力,命中/格挡,在体力相关状态机中改变个人判断、动作优先级或阈值；不会让士兵无条件获得超常战力。,出生小概率+训练+真实战斗经历；老兵特性主要依靠长期生存和战役积累,拥有“军官潜质”类特性、较高纪律/勇气/智力并积累战功后才进入军官候选；必须由上级推荐并由领主/军政系统批准,行军疲劳-8%
ST050,短冲爆发,体力,阵型稳定,在体力相关状态机中改变个人判断、动作优先级或阈值；不会让士兵无条件获得超常战力。,出生小概率+训练+真实战斗经历；老兵特性主要依靠长期生存和战役积累,拥有“军官潜质”类特性、较高纪律/勇气/智力并积累战功后才进入军官候选；必须由上级推荐并由领主/军政系统批准,冲刺持续+8%
ST051,耐寒行军,体力,体力,在体力相关状态机中改变个人判断、动作优先级或阈值；不会让士兵无条件获得超常战力。,出生小概率+训练+真实战斗经历；老兵特性主要依靠长期生存和战役积累,拥有“军官潜质”类特性、较高纪律/勇气/智力并积累战功后才进入军官候选；必须由上级推荐并由领主/军政系统批准,寒冷疲劳-8%
ST052,耐热行军,体力,士气,在体力相关状态机中改变个人判断、动作优先级或阈值；不会让士兵无条件获得超常战力。,出生小概率+训练+真实战斗经历；老兵特性主要依靠长期生存和战役积累,拥有“军官潜质”类特性、较高纪律/勇气/智力并积累战功后才进入军官候选；必须由上级推荐并由领主/军政系统批准,炎热疲劳-8%
ST053,耐饥行军,体力,寻路/侦察,在体力相关状态机中改变个人判断、动作优先级或阈值；不会让士兵无条件获得超常战力。,出生小概率+训练+真实战斗经历；老兵特性主要依靠长期生存和战役积累,拥有“军官潜质”类特性、较高纪律/勇气/智力并积累战功后才进入军官候选；必须由上级推荐并由领主/军政系统批准,饥饿战力惩罚-6%
ST054,恢复迅速,体力,追击/撤退,在体力相关状态机中改变个人判断、动作优先级或阈值；不会让士兵无条件获得超常战力。,出生小概率+训练+真实战斗经历；老兵特性主要依靠长期生存和战役积累,拥有“军官潜质”类特性、较高纪律/勇气/智力并积累战功后才进入军官候选；必须由上级推荐并由领主/军政系统批准,脱战恢复+8%
ST055,负重习惯,体力,受伤/恢复,在体力相关状态机中改变个人判断、动作优先级或阈值；不会让士兵无条件获得超常战力。,出生小概率+训练+真实战斗经历；老兵特性主要依靠长期生存和战役积累,拥有“军官潜质”类特性、较高纪律/勇气/智力并积累战功后才进入军官候选；必须由上级推荐并由领主/军政系统批准,负重惩罚-8%
ST056,连续作战,体力,军官成长,在体力相关状态机中改变个人判断、动作优先级或阈值；不会让士兵无条件获得超常战力。,出生小概率+训练+真实战斗经历；老兵特性主要依靠长期生存和战役积累,拥有“军官潜质”类特性、较高纪律/勇气/智力并积累战功后才进入军官候选；必须由上级推荐并由领主/军政系统批准,连续作战疲劳-8%
ST057,临阵不乱,士气,命中/格挡,在士气相关状态机中改变个人判断、动作优先级或阈值；不会让士兵无条件获得超常战力。,出生小概率+训练+真实战斗经历；老兵特性主要依靠长期生存和战役积累,拥有“军官潜质”类特性、较高纪律/勇气/智力并积累战功后才进入军官候选；必须由上级推荐并由领主/军政系统批准,受伤士气-8%
ST058,见血不惊,士气,阵型稳定,在士气相关状态机中改变个人判断、动作优先级或阈值；不会让士兵无条件获得超常战力。,出生小概率+训练+真实战斗经历；老兵特性主要依靠长期生存和战役积累,拥有“军官潜质”类特性、较高纪律/勇气/智力并积累战功后才进入军官候选；必须由上级推荐并由领主/军政系统批准,见友军死亡士气-8%
ST059,闻鼓奋战,士气,体力,在士气相关状态机中改变个人判断、动作优先级或阈值；不会让士兵无条件获得超常战力。,出生小概率+训练+真实战斗经历；老兵特性主要依靠长期生存和战役积累,拥有“军官潜质”类特性、较高纪律/勇气/智力并积累战功后才进入军官候选；必须由上级推荐并由领主/军政系统批准,鼓声士气+4
ST060,识旗听令,士气,士气,在士气相关状态机中改变个人判断、动作优先级或阈值；不会让士兵无条件获得超常战力。,出生小概率+训练+真实战斗经历；老兵特性主要依靠长期生存和战役积累,拥有“军官潜质”类特性、较高纪律/勇气/智力并积累战功后才进入军官候选；必须由上级推荐并由领主/军政系统批准,军旗范围收益+8%
ST061,同袍相护,士气,寻路/侦察,在士气相关状态机中改变个人判断、动作优先级或阈值；不会让士兵无条件获得超常战力。,出生小概率+训练+真实战斗经历；老兵特性主要依靠长期生存和战役积累,拥有“军官潜质”类特性、较高纪律/勇气/智力并积累战功后才进入军官候选；必须由上级推荐并由领主/军政系统批准,邻兵士气+3%
ST062,主将近卫心态,士气,追击/撤退,在士气相关状态机中改变个人判断、动作优先级或阈值；不会让士兵无条件获得超常战力。,出生小概率+训练+真实战斗经历；老兵特性主要依靠长期生存和战役积累,拥有“军官潜质”类特性、较高纪律/勇气/智力并积累战功后才进入军官候选；必须由上级推荐并由领主/军政系统批准,主将附近士气+5
ST063,不轻溃退,士气,受伤/恢复,在士气相关状态机中改变个人判断、动作优先级或阈值；不会让士兵无条件获得超常战力。,出生小概率+训练+真实战斗经历；老兵特性主要依靠长期生存和战役积累,拥有“军官潜质”类特性、较高纪律/勇气/智力并积累战功后才进入军官候选；必须由上级推荐并由领主/军政系统批准,溃败阈值-8%
ST064,死守意志,士气,军官成长,在士气相关状态机中改变个人判断、动作优先级或阈值；不会让士兵无条件获得超常战力。,出生小概率+训练+真实战斗经历；老兵特性主要依靠长期生存和战役积累,拥有“军官潜质”类特性、较高纪律/勇气/智力并积累战功后才进入军官候选；必须由上级推荐并由领主/军政系统批准,死守场景士气+8
ST065,守位严谨,纪律,命中/格挡,在纪律相关状态机中改变个人判断、动作优先级或阈值；不会让士兵无条件获得超常战力。,出生小概率+训练+真实战斗经历；老兵特性主要依靠长期生存和战役积累,拥有“军官潜质”类特性、较高纪律/勇气/智力并积累战功后才进入军官候选；必须由上级推荐并由领主/军政系统批准,守位偏差-10%
ST066,不贪追击,纪律,阵型稳定,在纪律相关状态机中改变个人判断、动作优先级或阈值；不会让士兵无条件获得超常战力。,出生小概率+训练+真实战斗经历；老兵特性主要依靠长期生存和战役积累,拥有“军官潜质”类特性、较高纪律/勇气/智力并积累战功后才进入军官候选；必须由上级推荐并由领主/军政系统批准,追击距离-12%
ST067,不擅离队,纪律,体力,在纪律相关状态机中改变个人判断、动作优先级或阈值；不会让士兵无条件获得超常战力。,出生小概率+训练+真实战斗经历；老兵特性主要依靠长期生存和战役积累,拥有“军官潜质”类特性、较高纪律/勇气/智力并积累战功后才进入军官候选；必须由上级推荐并由领主/军政系统批准,脱队概率-12%
ST068,听令迅速,纪律,士气,在纪律相关状态机中改变个人判断、动作优先级或阈值；不会让士兵无条件获得超常战力。,出生小概率+训练+真实战斗经历；老兵特性主要依靠长期生存和战役积累,拥有“军官潜质”类特性、较高纪律/勇气/智力并积累战功后才进入军官候选；必须由上级推荐并由领主/军政系统批准,命令反应+8%
ST069,禁掠自持,纪律,寻路/侦察,在纪律相关状态机中改变个人判断、动作优先级或阈值；不会让士兵无条件获得超常战力。,出生小概率+训练+真实战斗经历；老兵特性主要依靠长期生存和战役积累,拥有“军官潜质”类特性、较高纪律/勇气/智力并积累战功后才进入军官候选；必须由上级推荐并由领主/军政系统批准,擅自掠夺-15%
ST070,军饷敏感,纪律,追击/撤退,在纪律相关状态机中改变个人判断、动作优先级或阈值；不会让士兵无条件获得超常战力。,出生小概率+训练+真实战斗经历；老兵特性主要依靠长期生存和战役积累,拥有“军官潜质”类特性、较高纪律/勇气/智力并积累战功后才进入军官候选；必须由上级推荐并由领主/军政系统批准,欠饷士气惩罚+8%
ST071,军纪习惯,纪律,受伤/恢复,在纪律相关状态机中改变个人判断、动作优先级或阈值；不会让士兵无条件获得超常战力。,出生小概率+训练+真实战斗经历；老兵特性主要依靠长期生存和战役积累,拥有“军官潜质”类特性、较高纪律/勇气/智力并积累战功后才进入军官候选；必须由上级推荐并由领主/军政系统批准,训练纪律成长+8%
ST072,守夜可靠,纪律,军官成长,在纪律相关状态机中改变个人判断、动作优先级或阈值；不会让士兵无条件获得超常战力。,出生小概率+训练+真实战斗经历；老兵特性主要依靠长期生存和战役积累,拥有“军官潜质”类特性、较高纪律/勇气/智力并积累战功后才进入军官候选；必须由上级推荐并由领主/军政系统批准,夜间警戒+8%
ST073,识足迹,侦察,命中/格挡,在侦察相关状态机中改变个人判断、动作优先级或阈值；不会让士兵无条件获得超常战力。,出生小概率+训练+真实战斗经历；老兵特性主要依靠长期生存和战役积累,拥有“军官潜质”类特性、较高纪律/勇气/智力并积累战功后才进入军官候选；必须由上级推荐并由领主/军政系统批准,足迹发现+10%
ST074,听声辨位,侦察,阵型稳定,在侦察相关状态机中改变个人判断、动作优先级或阈值；不会让士兵无条件获得超常战力。,出生小概率+训练+真实战斗经历；老兵特性主要依靠长期生存和战役积累,拥有“军官潜质”类特性、较高纪律/勇气/智力并积累战功后才进入军官候选；必须由上级推荐并由领主/军政系统批准,伏兵听觉发现+8%
ST075,夜眼好,侦察,体力,在侦察相关状态机中改变个人判断、动作优先级或阈值；不会让士兵无条件获得超常战力。,出生小概率+训练+真实战斗经历；老兵特性主要依靠长期生存和战役积累,拥有“军官潜质”类特性、较高纪律/勇气/智力并积累战功后才进入军官候选；必须由上级推荐并由领主/军政系统批准,夜间视野+8%
ST076,林地寻路,侦察,士气,在侦察相关状态机中改变个人判断、动作优先级或阈值；不会让士兵无条件获得超常战力。,出生小概率+训练+真实战斗经历；老兵特性主要依靠长期生存和战役积累,拥有“军官潜质”类特性、较高纪律/勇气/智力并积累战功后才进入军官候选；必须由上级推荐并由领主/军政系统批准,林地寻路+8%
ST077,山路寻径,侦察,寻路/侦察,在侦察相关状态机中改变个人判断、动作优先级或阈值；不会让士兵无条件获得超常战力。,出生小概率+训练+真实战斗经历；老兵特性主要依靠长期生存和战役积累,拥有“军官潜质”类特性、较高纪律/勇气/智力并积累战功后才进入军官候选；必须由上级推荐并由领主/军政系统批准,山地寻路+8%
ST078,河滩辨渡,侦察,追击/撤退,在侦察相关状态机中改变个人判断、动作优先级或阈值；不会让士兵无条件获得超常战力。,出生小概率+训练+真实战斗经历；老兵特性主要依靠长期生存和战役积累,拥有“军官潜质”类特性、较高纪律/勇气/智力并积累战功后才进入军官候选；必须由上级推荐并由领主/军政系统批准,渡口发现+10%
ST079,看烟识营,侦察,受伤/恢复,在侦察相关状态机中改变个人判断、动作优先级或阈值；不会让士兵无条件获得超常战力。,出生小概率+训练+真实战斗经历；老兵特性主要依靠长期生存和战役积累,拥有“军官潜质”类特性、较高纪律/勇气/智力并积累战功后才进入军官候选；必须由上级推荐并由领主/军政系统批准,敌营发现+8%
ST080,善藏身,侦察,军官成长,在侦察相关状态机中改变个人判断、动作优先级或阈值；不会让士兵无条件获得超常战力。,出生小概率+训练+真实战斗经历；老兵特性主要依靠长期生存和战役积累,拥有“军官潜质”类特性、较高纪律/勇气/智力并积累战功后才进入军官候选；必须由上级推荐并由领主/军政系统批准,隐蔽+8%
ST081,逐北老手,追击,命中/格挡,在追击相关状态机中改变个人判断、动作优先级或阈值；不会让士兵无条件获得超常战力。,出生小概率+训练+真实战斗经历；老兵特性主要依靠长期生存和战役积累,拥有“军官潜质”类特性、较高纪律/勇气/智力并积累战功后才进入军官候选；必须由上级推荐并由领主/军政系统批准,追击命中+5%
ST082,截逃意识,追击,阵型稳定,在追击相关状态机中改变个人判断、动作优先级或阈值；不会让士兵无条件获得超常战力。,出生小概率+训练+真实战斗经历；老兵特性主要依靠长期生存和战役积累,拥有“军官潜质”类特性、较高纪律/勇气/智力并积累战功后才进入军官候选；必须由上级推荐并由领主/军政系统批准,截逃反应+8%
ST083,追而不散,追击,体力,在追击相关状态机中改变个人判断、动作优先级或阈值；不会让士兵无条件获得超常战力。,出生小概率+训练+真实战斗经历；老兵特性主要依靠长期生存和战役积累,拥有“军官潜质”类特性、较高纪律/勇气/智力并积累战功后才进入军官候选；必须由上级推荐并由领主/军政系统批准,追击队形损失-8%
ST084,擒俘熟手,追击,士气,在追击相关状态机中改变个人判断、动作优先级或阈值；不会让士兵无条件获得超常战力。,出生小概率+训练+真实战斗经历；老兵特性主要依靠长期生存和战役积累,拥有“军官潜质”类特性、较高纪律/勇气/智力并积累战功后才进入军官候选；必须由上级推荐并由领主/军政系统批准,俘虏概率+8%
ST085,收缴迅速,追击,寻路/侦察,在追击相关状态机中改变个人判断、动作优先级或阈值；不会让士兵无条件获得超常战力。,出生小概率+训练+真实战斗经历；老兵特性主要依靠长期生存和战役积累,拥有“军官潜质”类特性、较高纪律/勇气/智力并积累战功后才进入军官候选；必须由上级推荐并由领主/军政系统批准,缴获速度+8%
ST086,防诈败,追击,追击/撤退,在追击相关状态机中改变个人判断、动作优先级或阈值；不会让士兵无条件获得超常战力。,出生小概率+训练+真实战斗经历；老兵特性主要依靠长期生存和战役积累,拥有“军官潜质”类特性、较高纪律/勇气/智力并积累战功后才进入军官候选；必须由上级推荐并由领主/军政系统批准,诈败识别+10%
ST087,追骑配合,追击,受伤/恢复,在追击相关状态机中改变个人判断、动作优先级或阈值；不会让士兵无条件获得超常战力。,出生小概率+训练+真实战斗经历；老兵特性主要依靠长期生存和战役积累,拥有“军官潜质”类特性、较高纪律/勇气/智力并积累战功后才进入军官候选；必须由上级推荐并由领主/军政系统批准,骑兵追击协同+8%
ST088,止追听令,追击,军官成长,在追击相关状态机中改变个人判断、动作优先级或阈值；不会让士兵无条件获得超常战力。,出生小概率+训练+真实战斗经历；老兵特性主要依靠长期生存和战役积累,拥有“军官潜质”类特性、较高纪律/勇气/智力并积累战功后才进入军官候选；必须由上级推荐并由领主/军政系统批准,召回反应+10%
ST089,城头熟手,守城,命中/格挡,在守城相关状态机中改变个人判断、动作优先级或阈值；不会让士兵无条件获得超常战力。,出生小概率+训练+真实战斗经历；老兵特性主要依靠长期生存和战役积累,拥有“军官潜质”类特性、较高纪律/勇气/智力并积累战功后才进入军官候选；必须由上级推荐并由领主/军政系统批准,城头防御+6%
ST090,守门老卒,守城,阵型稳定,在守城相关状态机中改变个人判断、动作优先级或阈值；不会让士兵无条件获得超常战力。,出生小概率+训练+真实战斗经历；老兵特性主要依靠长期生存和战役积累,拥有“军官潜质”类特性、较高纪律/勇气/智力并积累战功后才进入军官候选；必须由上级推荐并由领主/军政系统批准,城门防御+8%
ST091,巷战经验,守城,体力,在守城相关状态机中改变个人判断、动作优先级或阈值；不会让士兵无条件获得超常战力。,出生小概率+训练+真实战斗经历；老兵特性主要依靠长期生存和战役积累,拥有“军官潜质”类特性、较高纪律/勇气/智力并积累战功后才进入军官候选；必须由上级推荐并由领主/军政系统批准,巷战命中+5%
ST092,投石熟练,守城,士气,在守城相关状态机中改变个人判断、动作优先级或阈值；不会让士兵无条件获得超常战力。,出生小概率+训练+真实战斗经历；老兵特性主要依靠长期生存和战役积累,拥有“军官潜质”类特性、较高纪律/勇气/智力并积累战功后才进入军官候选；必须由上级推荐并由领主/军政系统批准,投掷器械效率+8%
ST093,修墙助手,守城,寻路/侦察,在守城相关状态机中改变个人判断、动作优先级或阈值；不会让士兵无条件获得超常战力。,出生小概率+训练+真实战斗经历；老兵特性主要依靠长期生存和战役积累,拥有“军官潜质”类特性、较高纪律/勇气/智力并积累战功后才进入军官候选；必须由上级推荐并由领主/军政系统批准,战时修墙+8%
ST094,夜守可靠,守城,追击/撤退,在守城相关状态机中改变个人判断、动作优先级或阈值；不会让士兵无条件获得超常战力。,出生小概率+训练+真实战斗经历；老兵特性主要依靠长期生存和战役积累,拥有“军官潜质”类特性、较高纪律/勇气/智力并积累战功后才进入军官候选；必须由上级推荐并由领主/军政系统批准,夜间守城警戒+8%
ST095,缺口补位,守城,受伤/恢复,在守城相关状态机中改变个人判断、动作优先级或阈值；不会让士兵无条件获得超常战力。,出生小概率+训练+真实战斗经历；老兵特性主要依靠长期生存和战役积累,拥有“军官潜质”类特性、较高纪律/勇气/智力并积累战功后才进入军官候选；必须由上级推荐并由领主/军政系统批准,缺口补位+10%
ST096,火攻警觉,守城,军官成长,在守城相关状态机中改变个人判断、动作优先级或阈值；不会让士兵无条件获得超常战力。,出生小概率+训练+真实战斗经历；老兵特性主要依靠长期生存和战役积累,拥有“军官潜质”类特性、较高纪律/勇气/智力并积累战功后才进入军官候选；必须由上级推荐并由领主/军政系统批准,火攻预警+10%
ST097,挖壕熟练,工程,命中/格挡,在工程相关状态机中改变个人判断、动作优先级或阈值；不会让士兵无条件获得超常战力。,出生小概率+训练+真实战斗经历；老兵特性主要依靠长期生存和战役积累,拥有“军官潜质”类特性、较高纪律/勇气/智力并积累战功后才进入军官候选；必须由上级推荐并由领主/军政系统批准,挖壕速度+10%
ST098,搭桥熟练,工程,阵型稳定,在工程相关状态机中改变个人判断、动作优先级或阈值；不会让士兵无条件获得超常战力。,出生小概率+训练+真实战斗经历；老兵特性主要依靠长期生存和战役积累,拥有“军官潜质”类特性、较高纪律/勇气/智力并积累战功后才进入军官候选；必须由上级推荐并由领主/军政系统批准,搭桥速度+10%
ST099,伐木工兵,工程,体力,在工程相关状态机中改变个人判断、动作优先级或阈值；不会让士兵无条件获得超常战力。,出生小概率+训练+真实战斗经历；老兵特性主要依靠长期生存和战役积累,拥有“军官潜质”类特性、较高纪律/勇气/智力并积累战功后才进入军官候选；必须由上级推荐并由领主/军政系统批准,伐木效率+10%
ST100,搬运能手,工程,士气,在工程相关状态机中改变个人判断、动作优先级或阈值；不会让士兵无条件获得超常战力。,出生小概率+训练+真实战斗经历；老兵特性主要依靠长期生存和战役积累,拥有“军官潜质”类特性、较高纪律/勇气/智力并积累战功后才进入军官候选；必须由上级推荐并由领主/军政系统批准,搬运速度+8%
ST101,架梯熟练,工程,寻路/侦察,在工程相关状态机中改变个人判断、动作优先级或阈值；不会让士兵无条件获得超常战力。,出生小概率+训练+真实战斗经历；老兵特性主要依靠长期生存和战役积累,拥有“军官潜质”类特性、较高纪律/勇气/智力并积累战功后才进入军官候选；必须由上级推荐并由领主/军政系统批准,架梯速度+10%
ST102,修路熟练,工程,追击/撤退,在工程相关状态机中改变个人判断、动作优先级或阈值；不会让士兵无条件获得超常战力。,出生小概率+训练+真实战斗经历；老兵特性主要依靠长期生存和战役积累,拥有“军官潜质”类特性、较高纪律/勇气/智力并积累战功后才进入军官候选；必须由上级推荐并由领主/军政系统批准,修路速度+10%
ST103,拆障能手,工程,受伤/恢复,在工程相关状态机中改变个人判断、动作优先级或阈值；不会让士兵无条件获得超常战力。,出生小概率+训练+真实战斗经历；老兵特性主要依靠长期生存和战役积累,拥有“军官潜质”类特性、较高纪律/勇气/智力并积累战功后才进入军官候选；必须由上级推荐并由领主/军政系统批准,拆障速度+10%
ST104,营寨熟手,工程,军官成长,在工程相关状态机中改变个人判断、动作优先级或阈值；不会让士兵无条件获得超常战力。,出生小概率+训练+真实战斗经历；老兵特性主要依靠长期生存和战役积累,拥有“军官潜质”类特性、较高纪律/勇气/智力并积累战功后才进入军官候选；必须由上级推荐并由领主/军政系统批准,营寨施工+10%
ST105,止血经验,伤病,命中/格挡,在伤病相关状态机中改变个人判断、动作优先级或阈值；不会让士兵无条件获得超常战力。,出生小概率+训练+真实战斗经历；老兵特性主要依靠长期生存和战役积累,拥有“军官潜质”类特性、较高纪律/勇气/智力并积累战功后才进入军官候选；必须由上级推荐并由领主/军政系统批准,止血成功+10%
ST106,负伤不慌,伤病,阵型稳定,在伤病相关状态机中改变个人判断、动作优先级或阈值；不会让士兵无条件获得超常战力。,出生小概率+训练+真实战斗经历；老兵特性主要依靠长期生存和战役积累,拥有“军官潜质”类特性、较高纪律/勇气/智力并积累战功后才进入军官候选；必须由上级推荐并由领主/军政系统批准,负伤士气惩罚-8%
ST107,旧伤忍耐,伤病,体力,在伤病相关状态机中改变个人判断、动作优先级或阈值；不会让士兵无条件获得超常战力。,出生小概率+训练+真实战斗经历；老兵特性主要依靠长期生存和战役积累,拥有“军官潜质”类特性、较高纪律/勇气/智力并积累战功后才进入军官候选；必须由上级推荐并由领主/军政系统批准,旧伤战力惩罚-6%
ST108,伤后恢复快,伤病,士气,在伤病相关状态机中改变个人判断、动作优先级或阈值；不会让士兵无条件获得超常战力。,出生小概率+训练+真实战斗经历；老兵特性主要依靠长期生存和战役积累,拥有“军官潜质”类特性、较高纪律/勇气/智力并积累战功后才进入军官候选；必须由上级推荐并由领主/军政系统批准,伤后恢复+10%
ST109,护伤意识,伤病,寻路/侦察,在伤病相关状态机中改变个人判断、动作优先级或阈值；不会让士兵无条件获得超常战力。,出生小概率+训练+真实战斗经历；老兵特性主要依靠长期生存和战役积累,拥有“军官潜质”类特性、较高纪律/勇气/智力并积累战功后才进入军官候选；必须由上级推荐并由领主/军政系统批准,二次受伤风险-8%
ST110,易留暗伤,伤病,追击/撤退,在伤病相关状态机中改变个人判断、动作优先级或阈值；不会让士兵无条件获得超常战力。,出生小概率+训练+真实战斗经历；老兵特性主要依靠长期生存和战役积累,拥有“军官潜质”类特性、较高纪律/勇气/智力并积累战功后才进入军官候选；必须由上级推荐并由领主/军政系统批准,旧伤概率+8%
ST111,耐痛,伤病,受伤/恢复,在伤病相关状态机中改变个人判断、动作优先级或阈值；不会让士兵无条件获得超常战力。,出生小概率+训练+真实战斗经历；老兵特性主要依靠长期生存和战役积累,拥有“军官潜质”类特性、较高纪律/勇气/智力并积累战功后才进入军官候选；必须由上级推荐并由领主/军政系统批准,疼痛战力惩罚-8%
ST112,伤员互助,伤病,军官成长,在伤病相关状态机中改变个人判断、动作优先级或阈值；不会让士兵无条件获得超常战力。,出生小概率+训练+真实战斗经历；老兵特性主要依靠长期生存和战役积累,拥有“军官潜质”类特性、较高纪律/勇气/智力并积累战功后才进入军官候选；必须由上级推荐并由领主/军政系统批准,帮助伤员效率+8%
ST113,百战余生,老兵,命中/格挡,在老兵相关状态机中改变个人判断、动作优先级或阈值；不会让士兵无条件获得超常战力。,出生小概率+训练+真实战斗经历；老兵特性主要依靠长期生存和战役积累,拥有“军官潜质”类特性、较高纪律/勇气/智力并积累战功后才进入军官候选；必须由上级推荐并由领主/军政系统批准,恐惧抗性+8%
ST114,见势老辣,老兵,阵型稳定,在老兵相关状态机中改变个人判断、动作优先级或阈值；不会让士兵无条件获得超常战力。,出生小概率+训练+真实战斗经历；老兵特性主要依靠长期生存和战役积累,拥有“军官潜质”类特性、较高纪律/勇气/智力并积累战功后才进入军官候选；必须由上级推荐并由领主/军政系统批准,危险判断+8%
ST115,听令成习,老兵,体力,在老兵相关状态机中改变个人判断、动作优先级或阈值；不会让士兵无条件获得超常战力。,出生小概率+训练+真实战斗经历；老兵特性主要依靠长期生存和战役积累,拥有“军官潜质”类特性、较高纪律/勇气/智力并积累战功后才进入军官候选；必须由上级推荐并由领主/军政系统批准,命令熟练+8%
ST116,阵中识路,老兵,士气,在老兵相关状态机中改变个人判断、动作优先级或阈值；不会让士兵无条件获得超常战力。,出生小概率+训练+真实战斗经历；老兵特性主要依靠长期生存和战役积累,拥有“军官潜质”类特性、较高纪律/勇气/智力并积累战功后才进入军官候选；必须由上级推荐并由领主/军政系统批准,阵中寻位+8%
ST117,护新兵,老兵,寻路/侦察,在老兵相关状态机中改变个人判断、动作优先级或阈值；不会让士兵无条件获得超常战力。,出生小概率+训练+真实战斗经历；老兵特性主要依靠长期生存和战役积累,拥有“军官潜质”类特性、较高纪律/勇气/智力并积累战功后才进入军官候选；必须由上级推荐并由领主/军政系统批准,新兵士气+4%
ST118,保存体力,老兵,追击/撤退,在老兵相关状态机中改变个人判断、动作优先级或阈值；不会让士兵无条件获得超常战力。,出生小概率+训练+真实战斗经历；老兵特性主要依靠长期生存和战役积累,拥有“军官潜质”类特性、较高纪律/勇气/智力并积累战功后才进入军官候选；必须由上级推荐并由领主/军政系统批准,体力管理+8%
ST119,识别危局,老兵,受伤/恢复,在老兵相关状态机中改变个人判断、动作优先级或阈值；不会让士兵无条件获得超常战力。,出生小概率+训练+真实战斗经历；老兵特性主要依靠长期生存和战役积累,拥有“军官潜质”类特性、较高纪律/勇气/智力并积累战功后才进入军官候选；必须由上级推荐并由领主/军政系统批准,撤退判断+8%
ST120,战后自整,老兵,军官成长,在老兵相关状态机中改变个人判断、动作优先级或阈值；不会让士兵无条件获得超常战力。,出生小概率+训练+真实战斗经历；老兵特性主要依靠长期生存和战役积累,拥有“军官潜质”类特性、较高纪律/勇气/智力并积累战功后才进入军官候选；必须由上级推荐并由领主/军政系统批准,战后重整+10%
ST121,善带小队,军官潜质,命中/格挡,在军官潜质相关状态机中改变个人判断、动作优先级或阈值；不会让士兵无条件获得超常战力。,出生小概率+训练+真实战斗经历；老兵特性主要依靠长期生存和战役积累,拥有“军官潜质”类特性、较高纪律/勇气/智力并积累战功后才进入军官候选；必须由上级推荐并由领主/军政系统批准,小队凝聚+5%
ST122,受人服从,军官潜质,阵型稳定,在军官潜质相关状态机中改变个人判断、动作优先级或阈值；不会让士兵无条件获得超常战力。,出生小概率+训练+真实战斗经历；老兵特性主要依靠长期生存和战役积累,拥有“军官潜质”类特性、较高纪律/勇气/智力并积累战功后才进入军官候选；必须由上级推荐并由领主/军政系统批准,同袍服从+6%
ST123,声音洪亮,军官潜质,体力,在军官潜质相关状态机中改变个人判断、动作优先级或阈值；不会让士兵无条件获得超常战力。,出生小概率+训练+真实战斗经历；老兵特性主要依靠长期生存和战役积累,拥有“军官潜质”类特性、较高纪律/勇气/智力并积累战功后才进入军官候选；必须由上级推荐并由领主/军政系统批准,命令传播+8%
ST124,判断清楚,军官潜质,士气,在军官潜质相关状态机中改变个人判断、动作优先级或阈值；不会让士兵无条件获得超常战力。,出生小概率+训练+真实战斗经历；老兵特性主要依靠长期生存和战役积累,拥有“军官潜质”类特性、较高纪律/勇气/智力并积累战功后才进入军官候选；必须由上级推荐并由领主/军政系统批准,局部判断+8%
ST125,善记军令,军官潜质,寻路/侦察,在军官潜质相关状态机中改变个人判断、动作优先级或阈值；不会让士兵无条件获得超常战力。,出生小概率+训练+真实战斗经历；老兵特性主要依靠长期生存和战役积累,拥有“军官潜质”类特性、较高纪律/勇气/智力并积累战功后才进入军官候选；必须由上级推荐并由领主/军政系统批准,军令记忆+10%
ST126,敢担责任,军官潜质,追击/撤退,在军官潜质相关状态机中改变个人判断、动作优先级或阈值；不会让士兵无条件获得超常战力。,出生小概率+训练+真实战斗经历；老兵特性主要依靠长期生存和战役积累,拥有“军官潜质”类特性、较高纪律/勇气/智力并积累战功后才进入军官候选；必须由上级推荐并由领主/军政系统批准,军官候选权重+10%
ST127,会看阵势,军官潜质,受伤/恢复,在军官潜质相关状态机中改变个人判断、动作优先级或阈值；不会让士兵无条件获得超常战力。,出生小概率+训练+真实战斗经历；老兵特性主要依靠长期生存和战役积累,拥有“军官潜质”类特性、较高纪律/勇气/智力并积累战功后才进入军官候选；必须由上级推荐并由领主/军政系统批准,阵型理解+8%
ST128,有统帅苗头,军官潜质,军官成长,在军官潜质相关状态机中改变个人判断、动作优先级或阈值；不会让士兵无条件获得超常战力。,出生小概率+训练+真实战斗经历；老兵特性主要依靠长期生存和战役积累,拥有“军官潜质”类特性、较高纪律/勇气/智力并积累战功后才进入军官候选；必须由上级推荐并由领主/军政系统批准,统帅技能出现概率+8%
