阶段,名称,条件摘要,最低装备优先级,最低统帅潜力等级,说明
1,候补兵,完成登记但未正式入伍,0,0,晋升不会凭空生成装备、金币或士兵；军械、军资、人口和军营容量全部继续受真实系统约束
2,新兵,完成基础训练,1,0,晋升不会凭空生成装备、金币或士兵；军械、军资、人口和军营容量全部继续受真实系统约束
3,正规兵,训练+一次战斗或足够演训,2,0,晋升不会凭空生成装备、金币或士兵；军械、军资、人口和军营容量全部继续受真实系统约束
4,老兵,多次战斗且存活,3,1,晋升不会凭空生成装备、金币或士兵；军械、军资、人口和军营容量全部继续受真实系统约束
5,精锐,老兵+高战功+高纪律,4,1,晋升不会凭空生成装备、金币或士兵；军械、军资、人口和军营容量全部继续受真实系统约束
6,军士,精锐且具领导潜力,4,2,晋升不会凭空生成装备、金币或士兵；军械、军资、人口和军营容量全部继续受真实系统约束
7,副官候选,军士+统帅潜力特性,5,2,晋升不会凭空生成装备、金币或士兵；军械、军资、人口和军营容量全部继续受真实系统约束
8,副将,领主/将军批准，进入指挥链,5,3,晋升不会凭空生成装备、金币或士兵；军械、军资、人口和军营容量全部继续受真实系统约束
9,贵族军官候选,军功达到授爵门槛，提交申请,5,3,晋升不会凭空生成装备、金币或士兵；军械、军资、人口和军营容量全部继续受真实系统约束
10,独立将军,已授贵族身份+军营职位+领主批准,5,4,晋升不会凭空生成装备、金币或士兵；军械、军资、人口和军营容量全部继续受真实系统约束
