ID,特殊兵种名称,城市风格,类别,战场定位,主要解锁来源,将军条件,官员/政策条件,建筑条件,装备要求,单支上限,全国软上限,维护系数,核心行为,弱点,素材组合
SP001,金穗列枪卫,平原王领,步兵,步战核心,家族传统,擅长对应兵类的将军特性,军械标准化或轮训制度,高级军营,制式以上,24,72,1.25,保持阵线并自动补位,昂贵且补员慢,复用V6真实人物/装备/建筑像素素材；以头盔、披风、盾面、武器、马具、军旗与家族色做差异化；保持原APK像素比例
SP002,王畿锐士,平原王领,枪矛,反骑阵线,官员军制,统帅技能达到二阶,城市军营等级≥2,马厩+军营,优良以上,24,72,1.33,遭遇骑兵时自动收束枪阵,侧后方被突破后转向慢,复用V6真实人物/装备/建筑像素素材；以头盔、披风、盾面、武器、马具、军旗与家族色做差异化；保持原APK像素比例
SP003,长陇劲弓营,平原王领,远程,远程压制,复合条件,至少3次对应兵类实战,对应城市军制改革已批准,军械库+训练场,精良核心装备,20,60,1.41,优先寻找安全射界并轮射,近身后明显脆弱,复用V6真实人物/装备/建筑像素素材；以头盔、披风、盾面、武器、马具、军旗与家族色做差异化；保持原APK像素比例
SP004,丰仓宿卫,平原王领,骑兵,快速机动,将军特性,擅长对应兵类的将军特性,军械标准化或轮训制度,城防营地,制式为主+少量精良,18,54,1.49,沿侧翼高速机动但不过度脱队,长时间鏖战体力消耗大,复用V6真实人物/装备/建筑像素素材；以头盔、披风、盾面、武器、马具、军旗与家族色做差异化；保持原APK像素比例
SP005,驰道游骑,平原王领,侦察,伏击侦察,家族传统,统帅技能达到二阶,城市军营等级≥2,高级军营,制式以上,16,48,1.57,扩大侦察扇面并提高伏击权重,正面硬战能力较弱,复用V6真实人物/装备/建筑像素素材；以头盔、披风、盾面、武器、马具、军旗与家族色做差异化；保持原APK像素比例
SP006,河渠工战营,平原王领,守城,守城死战,官员军制,至少3次对应兵类实战,对应城市军制改革已批准,马厩+军营,优良以上,28,84,1.65,士气低时仍优先守住关键点,离开防御目标后价值下降,复用V6真实人物/装备/建筑像素素材；以头盔、披风、盾面、武器、马具、军旗与家族色做差异化；保持原APK像素比例
SP007,镇畿披甲军,平原王领,工程,工程攻坚,复合条件,擅长对应兵类的将军特性,军械标准化或轮训制度,军械库+训练场,精良核心装备,16,48,1.73,优先破坏门、桥、路障和城防设施,人数少、正面作战一般,复用V6真实人物/装备/建筑像素素材；以头盔、披风、盾面、武器、马具、军旗与家族色做差异化；保持原APK像素比例
SP008,瑞原长槊骑,平原王领,辅助,护粮后勤,将军特性,统帅技能达到二阶,城市军营等级≥2,城防营地,制式为主+少量精良,20,60,1.81,保持辎重与主力距离，优先护粮,作战属性低于主战兵,复用V6真实人物/装备/建筑像素素材；以头盔、披风、盾面、武器、马具、军旗与家族色做差异化；保持原APK像素比例
SP009,嘉禾护粮军,平原王领,精锐,亲卫精锐,家族传统,至少3次对应兵类实战,对应城市军制改革已批准,高级军营,制式以上,16,48,1.89,紧随主将，优先保护军旗与将军,伤亡后补员困难,复用V6真实人物/装备/建筑像素素材；以头盔、披风、盾面、武器、马具、军旗与家族色做差异化；保持原APK像素比例
SP010,王领旗卫,平原王领,骑兵,追击截断,官员军制,擅长对应兵类的将军特性,军械标准化或轮训制度,马厩+军营,优良以上,18,54,1.97,敌军溃败后截断撤退路线,追击过深有被反包围风险,复用V6真实人物/装备/建筑像素素材；以头盔、披风、盾面、武器、马具、军旗与家族色做差异化；保持原APK像素比例
SP011,磐岩盾卫,山岭堡城,步兵,步战核心,复合条件,擅长对应兵类的将军特性,军械标准化或轮训制度,高级军营,制式以上,24,72,1.25,保持阵线并自动补位,昂贵且补员慢,复用V6真实人物/装备/建筑像素素材；以头盔、披风、盾面、武器、马具、军旗与家族色做差异化；保持原APK像素比例
SP012,锁关槊卒,山岭堡城,枪矛,反骑阵线,将军特性,统帅技能达到二阶,城市军营等级≥2,马厩+军营,优良以上,24,72,1.33,遭遇骑兵时自动收束枪阵,侧后方被突破后转向慢,复用V6真实人物/装备/建筑像素素材；以头盔、披风、盾面、武器、马具、军旗与家族色做差异化；保持原APK像素比例
SP013,断崖强弩营,山岭堡城,远程,远程压制,家族传统,至少3次对应兵类实战,对应城市军制改革已批准,军械库+训练场,精良核心装备,20,60,1.41,优先寻找安全射界并轮射,近身后明显脆弱,复用V6真实人物/装备/建筑像素素材；以头盔、披风、盾面、武器、马具、军旗与家族色做差异化；保持原APK像素比例
SP014,铁门死士,山岭堡城,骑兵,快速机动,官员军制,擅长对应兵类的将军特性,军械标准化或轮训制度,城防营地,制式为主+少量精良,18,54,1.49,沿侧翼高速机动但不过度脱队,长时间鏖战体力消耗大,复用V6真实人物/装备/建筑像素素材；以头盔、披风、盾面、武器、马具、军旗与家族色做差异化；保持原APK像素比例
SP015,云岭伏锐,山岭堡城,侦察,伏击侦察,复合条件,统帅技能达到二阶,城市军营等级≥2,高级军营,制式以上,16,48,1.57,扩大侦察扇面并提高伏击权重,正面硬战能力较弱,复用V6真实人物/装备/建筑像素素材；以头盔、披风、盾面、武器、马具、军旗与家族色做差异化；保持原APK像素比例
SP016,山径猎骑,山岭堡城,守城,守城死战,将军特性,至少3次对应兵类实战,对应城市军制改革已批准,马厩+军营,优良以上,28,84,1.65,士气低时仍优先守住关键点,离开防御目标后价值下降,复用V6真实人物/装备/建筑像素素材；以头盔、披风、盾面、武器、马具、军旗与家族色做差异化；保持原APK像素比例
SP017,石垒重甲,山岭堡城,工程,工程攻坚,家族传统,擅长对应兵类的将军特性,军械标准化或轮训制度,军械库+训练场,精良核心装备,16,48,1.73,优先破坏门、桥、路障和城防设施,人数少、正面作战一般,复用V6真实人物/装备/建筑像素素材；以头盔、披风、盾面、武器、马具、军旗与家族色做差异化；保持原APK像素比例
SP018,矿道战工营,山岭堡城,辅助,护粮后勤,官员军制,统帅技能达到二阶,城市军营等级≥2,城防营地,制式为主+少量精良,20,60,1.81,保持辎重与主力距离，优先护粮,作战属性低于主战兵,复用V6真实人物/装备/建筑像素素材；以头盔、披风、盾面、武器、马具、军旗与家族色做差异化；保持原APK像素比例
SP019,虎隘守军,山岭堡城,精锐,亲卫精锐,复合条件,至少3次对应兵类实战,对应城市军制改革已批准,高级军营,制式以上,16,48,1.89,紧随主将，优先保护军旗与将军,伤亡后补员困难,复用V6真实人物/装备/建筑像素素材；以头盔、披风、盾面、武器、马具、军旗与家族色做差异化；保持原APK像素比例
SP020,苍崖亲卫,山岭堡城,骑兵,追击截断,将军特性,擅长对应兵类的将军特性,军械标准化或轮训制度,马厩+军营,优良以上,18,54,1.97,敌军溃败后截断撤退路线,追击过深有被反包围风险,复用V6真实人物/装备/建筑像素素材；以头盔、披风、盾面、武器、马具、军旗与家族色做差异化；保持原APK像素比例
SP021,清河强弩营,河谷商都,步兵,步战核心,家族传统,擅长对应兵类的将军特性,军械标准化或轮训制度,高级军营,制式以上,24,72,1.25,保持阵线并自动补位,昂贵且补员慢,复用V6真实人物/装备/建筑像素素材；以头盔、披风、盾面、武器、马具、军旗与家族色做差异化；保持原APK像素比例
SP022,金津桥卫,河谷商都,枪矛,反骑阵线,官员军制,统帅技能达到二阶,城市军营等级≥2,马厩+军营,优良以上,24,72,1.33,遭遇骑兵时自动收束枪阵,侧后方被突破后转向慢,复用V6真实人物/装备/建筑像素素材；以头盔、披风、盾面、武器、马具、军旗与家族色做差异化；保持原APK像素比例
SP023,商团铁卫,河谷商都,远程,远程压制,复合条件,至少3次对应兵类实战,对应城市军制改革已批准,军械库+训练场,精良核心装备,20,60,1.41,优先寻找安全射界并轮射,近身后明显脆弱,复用V6真实人物/装备/建筑像素素材；以头盔、披风、盾面、武器、马具、军旗与家族色做差异化；保持原APK像素比例
SP024,长桥枪阵,河谷商都,骑兵,快速机动,将军特性,擅长对应兵类的将军特性,军械标准化或轮训制度,城防营地,制式为主+少量精良,18,54,1.49,沿侧翼高速机动但不过度脱队,长时间鏖战体力消耗大,复用V6真实人物/装备/建筑像素素材；以头盔、披风、盾面、武器、马具、军旗与家族色做差异化；保持原APK像素比例
SP025,通川游骑,河谷商都,侦察,伏击侦察,家族传统,统帅技能达到二阶,城市军营等级≥2,高级军营,制式以上,16,48,1.57,扩大侦察扇面并提高伏击权重,正面硬战能力较弱,复用V6真实人物/装备/建筑像素素材；以头盔、披风、盾面、武器、马具、军旗与家族色做差异化；保持原APK像素比例
SP026,仓城守卫,河谷商都,守城,守城死战,官员军制,至少3次对应兵类实战,对应城市军制改革已批准,马厩+军营,优良以上,28,84,1.65,士气低时仍优先守住关键点,离开防御目标后价值下降,复用V6真实人物/装备/建筑像素素材；以头盔、披风、盾面、武器、马具、军旗与家族色做差异化；保持原APK像素比例
SP027,河运行军,河谷商都,工程,工程攻坚,复合条件,擅长对应兵类的将军特性,军械标准化或轮训制度,军械库+训练场,精良核心装备,16,48,1.73,优先破坏门、桥、路障和城防设施,人数少、正面作战一般,复用V6真实人物/装备/建筑像素素材；以头盔、披风、盾面、武器、马具、军旗与家族色做差异化；保持原APK像素比例
SP028,关税锐卒,河谷商都,辅助,护粮后勤,将军特性,统帅技能达到二阶,城市军营等级≥2,城防营地,制式为主+少量精良,20,60,1.81,保持辎重与主力距离，优先护粮,作战属性低于主战兵,复用V6真实人物/装备/建筑像素素材；以头盔、披风、盾面、武器、马具、军旗与家族色做差异化；保持原APK像素比例
SP029,汇川护商骑,河谷商都,精锐,亲卫精锐,家族传统,至少3次对应兵类实战,对应城市军制改革已批准,高级军营,制式以上,16,48,1.89,紧随主将，优先保护军旗与将军,伤亡后补员困难,复用V6真实人物/装备/建筑像素素材；以头盔、披风、盾面、武器、马具、军旗与家族色做差异化；保持原APK像素比例
SP030,澄江募勇团,河谷商都,骑兵,追击截断,官员军制,擅长对应兵类的将军特性,军械标准化或轮训制度,马厩+军营,优良以上,18,54,1.97,敌军溃败后截断撤退路线,追击过深有被反包围风险,复用V6真实人物/装备/建筑像素素材；以头盔、披风、盾面、武器、马具、军旗与家族色做差异化；保持原APK像素比例
SP031,玄松猎卫,森林猎镇,步兵,步战核心,复合条件,擅长对应兵类的将军特性,军械标准化或轮训制度,高级军营,制式以上,24,72,1.25,保持阵线并自动补位,昂贵且补员慢,复用V6真实人物/装备/建筑像素素材；以头盔、披风、盾面、武器、马具、军旗与家族色做差异化；保持原APK像素比例
SP032,苍林神射,森林猎镇,枪矛,反骑阵线,将军特性,统帅技能达到二阶,城市军营等级≥2,马厩+军营,优良以上,24,72,1.33,遭遇骑兵时自动收束枪阵,侧后方被突破后转向慢,复用V6真实人物/装备/建筑像素素材；以头盔、披风、盾面、武器、马具、军旗与家族色做差异化；保持原APK像素比例
SP033,踏叶游哨,森林猎镇,远程,远程压制,家族传统,至少3次对应兵类实战,对应城市军制改革已批准,军械库+训练场,精良核心装备,20,60,1.41,优先寻找安全射界并轮射,近身后明显脆弱,复用V6真实人物/装备/建筑像素素材；以头盔、披风、盾面、武器、马具、军旗与家族色做差异化；保持原APK像素比例
SP034,隐泉伏锐,森林猎镇,骑兵,快速机动,官员军制,擅长对应兵类的将军特性,军械标准化或轮训制度,城防营地,制式为主+少量精良,18,54,1.49,沿侧翼高速机动但不过度脱队,长时间鏖战体力消耗大,复用V6真实人物/装备/建筑像素素材；以头盔、披风、盾面、武器、马具、军旗与家族色做差异化；保持原APK像素比例
SP035,鹿鸣短刃卫,森林猎镇,侦察,伏击侦察,复合条件,统帅技能达到二阶,城市军营等级≥2,高级军营,制式以上,16,48,1.57,扩大侦察扇面并提高伏击权重,正面硬战能力较弱,复用V6真实人物/装备/建筑像素素材；以头盔、披风、盾面、武器、马具、军旗与家族色做差异化；保持原APK像素比例
SP036,松岚轻骑,森林猎镇,守城,守城死战,将军特性,至少3次对应兵类实战,对应城市军制改革已批准,马厩+军营,优良以上,28,84,1.65,士气低时仍优先守住关键点,离开防御目标后价值下降,复用V6真实人物/装备/建筑像素素材；以头盔、披风、盾面、武器、马具、军旗与家族色做差异化；保持原APK像素比例
SP037,百木长弓营,森林猎镇,工程,工程攻坚,家族传统,擅长对应兵类的将军特性,军械标准化或轮训制度,军械库+训练场,精良核心装备,16,48,1.73,优先破坏门、桥、路障和城防设施,人数少、正面作战一般,复用V6真实人物/装备/建筑像素素材；以头盔、披风、盾面、武器、马具、军旗与家族色做差异化；保持原APK像素比例
SP038,青藤护林军,森林猎镇,辅助,护粮后勤,官员军制,统帅技能达到二阶,城市军营等级≥2,城防营地,制式为主+少量精良,20,60,1.81,保持辎重与主力距离，优先护粮,作战属性低于主战兵,复用V6真实人物/装备/建筑像素素材；以头盔、披风、盾面、武器、马具、军旗与家族色做差异化；保持原APK像素比例
SP039,暮森猎枪卫,森林猎镇,精锐,亲卫精锐,复合条件,至少3次对应兵类实战,对应城市军制改革已批准,高级军营,制式以上,16,48,1.89,紧随主将，优先保护军旗与将军,伤亡后补员困难,复用V6真实人物/装备/建筑像素素材；以头盔、披风、盾面、武器、马具、军旗与家族色做差异化；保持原APK像素比例
SP040,深林影卫,森林猎镇,骑兵,追击截断,将军特性,擅长对应兵类的将军特性,军械标准化或轮训制度,马厩+军营,优良以上,18,54,1.97,敌军溃败后截断撤退路线,追击过深有被反包围风险,复用V6真实人物/装备/建筑像素素材；以头盔、披风、盾面、武器、马具、军旗与家族色做差异化；保持原APK像素比例
SP041,逐风骁骑,草原牧城,步兵,步战核心,家族传统,擅长对应兵类的将军特性,军械标准化或轮训制度,高级军营,制式以上,24,72,1.25,保持阵线并自动补位,昂贵且补员慢,复用V6真实人物/装备/建筑像素素材；以头盔、披风、盾面、武器、马具、军旗与家族色做差异化；保持原APK像素比例
SP042,白翎骑射卫,草原牧城,枪矛,反骑阵线,官员军制,统帅技能达到二阶,城市军营等级≥2,马厩+军营,优良以上,24,72,1.33,遭遇骑兵时自动收束枪阵,侧后方被突破后转向慢,复用V6真实人物/装备/建筑像素素材；以头盔、披风、盾面、武器、马具、军旗与家族色做差异化；保持原APK像素比例
SP043,长槊突骑营,草原牧城,远程,远程压制,复合条件,至少3次对应兵类实战,对应城市军制改革已批准,军械库+训练场,精良核心装备,20,60,1.41,优先寻找安全射界并轮射,近身后明显脆弱,复用V6真实人物/装备/建筑像素素材；以头盔、披风、盾面、武器、马具、军旗与家族色做差异化；保持原APK像素比例
SP044,鹰纛亲骑,草原牧城,骑兵,快速机动,将军特性,擅长对应兵类的将军特性,军械标准化或轮训制度,城防营地,制式为主+少量精良,18,54,1.49,沿侧翼高速机动但不过度脱队,长时间鏖战体力消耗大,复用V6真实人物/装备/建筑像素素材；以头盔、披风、盾面、武器、马具、军旗与家族色做差异化；保持原APK像素比例
SP045,苍穹游骑,草原牧城,侦察,伏击侦察,家族传统,统帅技能达到二阶,城市军营等级≥2,高级军营,制式以上,16,48,1.57,扩大侦察扇面并提高伏击权重,正面硬战能力较弱,复用V6真实人物/装备/建筑像素素材；以头盔、披风、盾面、武器、马具、军旗与家族色做差异化；保持原APK像素比例
SP046,牧野追骑,草原牧城,守城,守城死战,官员军制,至少3次对应兵类实战,对应城市军制改革已批准,马厩+军营,优良以上,28,84,1.65,士气低时仍优先守住关键点,离开防御目标后价值下降,复用V6真实人物/装备/建筑像素素材；以头盔、披风、盾面、武器、马具、军旗与家族色做差异化；保持原APK像素比例
SP047,赤草轻枪骑,草原牧城,工程,工程攻坚,复合条件,擅长对应兵类的将军特性,军械标准化或轮训制度,军械库+训练场,精良核心装备,16,48,1.73,优先破坏门、桥、路障和城防设施,人数少、正面作战一般,复用V6真实人物/装备/建筑像素素材；以头盔、披风、盾面、武器、马具、军旗与家族色做差异化；保持原APK像素比例
SP048,天野重骑,草原牧城,辅助,护粮后勤,将军特性,统帅技能达到二阶,城市军营等级≥2,城防营地,制式为主+少量精良,20,60,1.81,保持辎重与主力距离，优先护粮,作战属性低于主战兵,复用V6真实人物/装备/建筑像素素材；以头盔、披风、盾面、武器、马具、军旗与家族色做差异化；保持原APK像素比例
SP049,长风斥候骑,草原牧城,精锐,亲卫精锐,家族传统,至少3次对应兵类实战,对应城市军制改革已批准,高级军营,制式以上,16,48,1.89,紧随主将，优先保护军旗与将军,伤亡后补员困难,复用V6真实人物/装备/建筑像素素材；以头盔、披风、盾面、武器、马具、军旗与家族色做差异化；保持原APK像素比例
SP050,青牧宿骑,草原牧城,骑兵,追击截断,官员军制,擅长对应兵类的将军特性,军械标准化或轮训制度,马厩+军营,优良以上,18,54,1.97,敌军溃败后截断撤退路线,追击过深有被反包围风险,复用V6真实人物/装备/建筑像素素材；以头盔、披风、盾面、武器、马具、军旗与家族色做差异化；保持原APK像素比例
SP051,沧港劲弩卫,海港贸易城,步兵,步战核心,复合条件,擅长对应兵类的将军特性,军械标准化或轮训制度,高级军营,制式以上,24,72,1.25,保持阵线并自动补位,昂贵且补员慢,复用V6真实人物/装备/建筑像素素材；以头盔、披风、盾面、武器、马具、军旗与家族色做差异化；保持原APK像素比例
SP052,青帆刀卫,海港贸易城,枪矛,反骑阵线,将军特性,统帅技能达到二阶,城市军营等级≥2,马厩+军营,优良以上,24,72,1.33,遭遇骑兵时自动收束枪阵,侧后方被突破后转向慢,复用V6真实人物/装备/建筑像素素材；以头盔、披风、盾面、武器、马具、军旗与家族色做差异化；保持原APK像素比例
SP053,金湾枪阵,海港贸易城,远程,远程压制,家族传统,至少3次对应兵类实战,对应城市军制改革已批准,军械库+训练场,精良核心装备,20,60,1.41,优先寻找安全射界并轮射,近身后明显脆弱,复用V6真实人物/装备/建筑像素素材；以头盔、披风、盾面、武器、马具、军旗与家族色做差异化；保持原APK像素比例
SP054,海陵宿卫,海港贸易城,骑兵,快速机动,官员军制,擅长对应兵类的将军特性,军械标准化或轮训制度,城防营地,制式为主+少量精良,18,54,1.49,沿侧翼高速机动但不过度脱队,长时间鏖战体力消耗大,复用V6真实人物/装备/建筑像素素材；以头盔、披风、盾面、武器、马具、军旗与家族色做差异化；保持原APK像素比例
SP055,望潮募勇团,海港贸易城,侦察,伏击侦察,复合条件,统帅技能达到二阶,城市军营等级≥2,高级军营,制式以上,16,48,1.57,扩大侦察扇面并提高伏击权重,正面硬战能力较弱,复用V6真实人物/装备/建筑像素素材；以头盔、披风、盾面、武器、马具、军旗与家族色做差异化；保持原APK像素比例
SP056,潮门重弩营,海港贸易城,守城,守城死战,将军特性,至少3次对应兵类实战,对应城市军制改革已批准,马厩+军营,优良以上,28,84,1.65,士气低时仍优先守住关键点,离开防御目标后价值下降,复用V6真实人物/装备/建筑像素素材；以头盔、披风、盾面、武器、马具、军旗与家族色做差异化；保持原APK像素比例
SP057,远泊护商军,海港贸易城,工程,工程攻坚,家族传统,擅长对应兵类的将军特性,军械标准化或轮训制度,军械库+训练场,精良核心装备,16,48,1.73,优先破坏门、桥、路障和城防设施,人数少、正面作战一般,复用V6真实人物/装备/建筑像素素材；以头盔、披风、盾面、武器、马具、军旗与家族色做差异化；保持原APK像素比例
SP058,云帆巡骑,海港贸易城,辅助,护粮后勤,官员军制,统帅技能达到二阶,城市军营等级≥2,城防营地,制式为主+少量精良,20,60,1.81,保持辎重与主力距离，优先护粮,作战属性低于主战兵,复用V6真实人物/装备/建筑像素素材；以头盔、披风、盾面、武器、马具、军旗与家族色做差异化；保持原APK像素比例
SP059,东汐港卫,海港贸易城,精锐,亲卫精锐,复合条件,至少3次对应兵类实战,对应城市军制改革已批准,高级军营,制式以上,16,48,1.89,紧随主将，优先保护军旗与将军,伤亡后补员困难,复用V6真实人物/装备/建筑像素素材；以头盔、披风、盾面、武器、马具、军旗与家族色做差异化；保持原APK像素比例
SP060,临海旗军,海港贸易城,骑兵,追击截断,将军特性,擅长对应兵类的将军特性,军械标准化或轮训制度,马厩+军营,优良以上,18,54,1.97,敌军溃败后截断撤退路线,追击过深有被反包围风险,复用V6真实人物/装备/建筑像素素材；以头盔、披风、盾面、武器、马具、军旗与家族色做差异化；保持原APK像素比例
SP061,朔风甲卫,寒原边塞,步兵,步战核心,家族传统,擅长对应兵类的将军特性,军械标准化或轮训制度,高级军营,制式以上,24,72,1.25,保持阵线并自动补位,昂贵且补员慢,复用V6真实人物/装备/建筑像素素材；以头盔、披风、盾面、武器、马具、军旗与家族色做差异化；保持原APK像素比例
SP062,霜原长槊军,寒原边塞,枪矛,反骑阵线,官员军制,统帅技能达到二阶,城市军营等级≥2,马厩+军营,优良以上,24,72,1.33,遭遇骑兵时自动收束枪阵,侧后方被突破后转向慢,复用V6真实人物/装备/建筑像素素材；以头盔、披风、盾面、武器、马具、军旗与家族色做差异化；保持原APK像素比例
SP063,寒鸦游哨,寒原边塞,远程,远程压制,复合条件,至少3次对应兵类实战,对应城市军制改革已批准,军械库+训练场,精良核心装备,20,60,1.41,优先寻找安全射界并轮射,近身后明显脆弱,复用V6真实人物/装备/建筑像素素材；以头盔、披风、盾面、武器、马具、军旗与家族色做差异化；保持原APK像素比例
SP064,白岭强弓营,寒原边塞,骑兵,快速机动,将军特性,擅长对应兵类的将军特性,军械标准化或轮训制度,城防营地,制式为主+少量精良,18,54,1.49,沿侧翼高速机动但不过度脱队,长时间鏖战体力消耗大,复用V6真实人物/装备/建筑像素素材；以头盔、披风、盾面、武器、马具、军旗与家族色做差异化；保持原APK像素比例
SP065,北垒死守军,寒原边塞,侦察,伏击侦察,家族传统,统帅技能达到二阶,城市军营等级≥2,高级军营,制式以上,16,48,1.57,扩大侦察扇面并提高伏击权重,正面硬战能力较弱,复用V6真实人物/装备/建筑像素素材；以头盔、披风、盾面、武器、马具、军旗与家族色做差异化；保持原APK像素比例
SP066,雪原巡骑,寒原边塞,守城,守城死战,官员军制,至少3次对应兵类实战,对应城市军制改革已批准,马厩+军营,优良以上,28,84,1.65,士气低时仍优先守住关键点,离开防御目标后价值下降,复用V6真实人物/装备/建筑像素素材；以头盔、披风、盾面、武器、马具、军旗与家族色做差异化；保持原APK像素比例
SP067,冬堡护粮卫,寒原边塞,工程,工程攻坚,复合条件,擅长对应兵类的将军特性,军械标准化或轮训制度,军械库+训练场,精良核心装备,16,48,1.73,优先破坏门、桥、路障和城防设施,人数少、正面作战一般,复用V6真实人物/装备/建筑像素素材；以头盔、披风、盾面、武器、马具、军旗与家族色做差异化；保持原APK像素比例
SP068,苍雪宿卫,寒原边塞,辅助,护粮后勤,将军特性,统帅技能达到二阶,城市军营等级≥2,城防营地,制式为主+少量精良,20,60,1.81,保持辎重与主力距离，优先护粮,作战属性低于主战兵,复用V6真实人物/装备/建筑像素素材；以头盔、披风、盾面、武器、马具、军旗与家族色做差异化；保持原APK像素比例
SP069,玄冰重甲,寒原边塞,精锐,亲卫精锐,家族传统,至少3次对应兵类实战,对应城市军制改革已批准,高级军营,制式以上,16,48,1.89,紧随主将，优先保护军旗与将军,伤亡后补员困难,复用V6真实人物/装备/建筑像素素材；以头盔、披风、盾面、武器、马具、军旗与家族色做差异化；保持原APK像素比例
SP070,风雪猎骑,寒原边塞,骑兵,追击截断,官员军制,擅长对应兵类的将军特性,军械标准化或轮训制度,马厩+军营,优良以上,18,54,1.97,敌军溃败后截断撤退路线,追击过深有被反包围风险,复用V6真实人物/装备/建筑像素素材；以头盔、披风、盾面、武器、马具、军旗与家族色做差异化；保持原APK像素比例
SP071,沙海游骑,绿洲商镇,步兵,步战核心,复合条件,擅长对应兵类的将军特性,军械标准化或轮训制度,高级军营,制式以上,24,72,1.25,保持阵线并自动补位,昂贵且补员慢,复用V6真实人物/装备/建筑像素素材；以头盔、披风、盾面、武器、马具、军旗与家族色做差异化；保持原APK像素比例
SP072,青泉轻盾卫,绿洲商镇,枪矛,反骑阵线,将军特性,统帅技能达到二阶,城市军营等级≥2,马厩+军营,优良以上,24,72,1.33,遭遇骑兵时自动收束枪阵,侧后方被突破后转向慢,复用V6真实人物/装备/建筑像素素材；以头盔、披风、盾面、武器、马具、军旗与家族色做差异化；保持原APK像素比例
SP073,驼铃游哨,绿洲商镇,远程,远程压制,家族传统,至少3次对应兵类实战,对应城市军制改革已批准,军械库+训练场,精良核心装备,20,60,1.41,优先寻找安全射界并轮射,近身后明显脆弱,复用V6真实人物/装备/建筑像素素材；以头盔、披风、盾面、武器、马具、军旗与家族色做差异化；保持原APK像素比例
SP074,金漠劲弩营,绿洲商镇,骑兵,快速机动,官员军制,擅长对应兵类的将军特性,军械标准化或轮训制度,城防营地,制式为主+少量精良,18,54,1.49,沿侧翼高速机动但不过度脱队,长时间鏖战体力消耗大,复用V6真实人物/装备/建筑像素素材；以头盔、披风、盾面、武器、马具、军旗与家族色做差异化；保持原APK像素比例
SP075,玉泉枪卫,绿洲商镇,侦察,伏击侦察,复合条件,统帅技能达到二阶,城市军营等级≥2,高级军营,制式以上,16,48,1.57,扩大侦察扇面并提高伏击权重,正面硬战能力较弱,复用V6真实人物/装备/建筑像素素材；以头盔、披风、盾面、武器、马具、军旗与家族色做差异化；保持原APK像素比例
SP076,鸣沙骁骑,绿洲商镇,守城,守城死战,将军特性,至少3次对应兵类实战,对应城市军制改革已批准,马厩+军营,优良以上,28,84,1.65,士气低时仍优先守住关键点,离开防御目标后价值下降,复用V6真实人物/装备/建筑像素素材；以头盔、披风、盾面、武器、马具、军旗与家族色做差异化；保持原APK像素比例
SP077,黄原护商军,绿洲商镇,工程,工程攻坚,家族传统,擅长对应兵类的将军特性,军械标准化或轮训制度,军械库+训练场,精良核心装备,16,48,1.73,优先破坏门、桥、路障和城防设施,人数少、正面作战一般,复用V6真实人物/装备/建筑像素素材；以头盔、披风、盾面、武器、马具、军旗与家族色做差异化；保持原APK像素比例
SP078,石泉守卒,绿洲商镇,辅助,护粮后勤,官员军制,统帅技能达到二阶,城市军营等级≥2,城防营地,制式为主+少量精良,20,60,1.81,保持辎重与主力距离，优先护粮,作战属性低于主战兵,复用V6真实人物/装备/建筑像素素材；以头盔、披风、盾面、武器、马具、军旗与家族色做差异化；保持原APK像素比例
SP079,西泉投枪营,绿洲商镇,精锐,亲卫精锐,复合条件,至少3次对应兵类实战,对应城市军制改革已批准,高级军营,制式以上,16,48,1.89,紧随主将，优先保护军旗与将军,伤亡后补员困难,复用V6真实人物/装备/建筑像素素材；以头盔、披风、盾面、武器、马具、军旗与家族色做差异化；保持原APK像素比例
SP080,瀚泉亲骑,绿洲商镇,骑兵,追击截断,将军特性,擅长对应兵类的将军特性,军械标准化或轮训制度,马厩+军营,优良以上,18,54,1.97,敌军溃败后截断撤退路线,追击过深有被反包围风险,复用V6真实人物/装备/建筑像素素材；以头盔、披风、盾面、武器、马具、军旗与家族色做差异化；保持原APK像素比例
SP081,芦泽强弩卫,湖沼水乡,步兵,步战核心,家族传统,擅长对应兵类的将军特性,军械标准化或轮训制度,高级军营,制式以上,24,72,1.25,保持阵线并自动补位,昂贵且补员慢,复用V6真实人物/装备/建筑像素素材；以头盔、披风、盾面、武器、马具、军旗与家族色做差异化；保持原APK像素比例
SP082,碧浦桥卫,湖沼水乡,枪矛,反骑阵线,官员军制,统帅技能达到二阶,城市军营等级≥2,马厩+军营,优良以上,24,72,1.33,遭遇骑兵时自动收束枪阵,侧后方被突破后转向慢,复用V6真实人物/装备/建筑像素素材；以头盔、披风、盾面、武器、马具、军旗与家族色做差异化；保持原APK像素比例
SP083,云泽轻盾军,湖沼水乡,远程,远程压制,复合条件,至少3次对应兵类实战,对应城市军制改革已批准,军械库+训练场,精良核心装备,20,60,1.41,优先寻找安全射界并轮射,近身后明显脆弱,复用V6真实人物/装备/建筑像素素材；以头盔、披风、盾面、武器、马具、军旗与家族色做差异化；保持原APK像素比例
SP084,莲泽游哨,湖沼水乡,骑兵,快速机动,将军特性,擅长对应兵类的将军特性,军械标准化或轮训制度,城防营地,制式为主+少量精良,18,54,1.49,沿侧翼高速机动但不过度脱队,长时间鏖战体力消耗大,复用V6真实人物/装备/建筑像素素材；以头盔、披风、盾面、武器、马具、军旗与家族色做差异化；保持原APK像素比例
SP085,烟水伏锐,湖沼水乡,侦察,伏击侦察,家族传统,统帅技能达到二阶,城市军营等级≥2,高级军营,制式以上,16,48,1.57,扩大侦察扇面并提高伏击权重,正面硬战能力较弱,复用V6真实人物/装备/建筑像素素材；以头盔、披风、盾面、武器、马具、军旗与家族色做差异化；保持原APK像素比例
SP086,泽桥枪阵,湖沼水乡,守城,守城死战,官员军制,至少3次对应兵类实战,对应城市军制改革已批准,马厩+军营,优良以上,28,84,1.65,士气低时仍优先守住关键点,离开防御目标后价值下降,复用V6真实人物/装备/建筑像素素材；以头盔、披风、盾面、武器、马具、军旗与家族色做差异化；保持原APK像素比例
SP087,澄湖护粮卫,湖沼水乡,工程,工程攻坚,复合条件,擅长对应兵类的将军特性,军械标准化或轮训制度,军械库+训练场,精良核心装备,16,48,1.73,优先破坏门、桥、路障和城防设施,人数少、正面作战一般,复用V6真实人物/装备/建筑像素素材；以头盔、披风、盾面、武器、马具、军旗与家族色做差异化；保持原APK像素比例
SP088,水乡工战营,湖沼水乡,辅助,护粮后勤,将军特性,统帅技能达到二阶,城市军营等级≥2,城防营地,制式为主+少量精良,20,60,1.81,保持辎重与主力距离，优先护粮,作战属性低于主战兵,复用V6真实人物/装备/建筑像素素材；以头盔、披风、盾面、武器、马具、军旗与家族色做差异化；保持原APK像素比例
SP089,青湖弓卫,湖沼水乡,精锐,亲卫精锐,家族传统,至少3次对应兵类实战,对应城市军制改革已批准,高级军营,制式以上,16,48,1.89,紧随主将，优先保护军旗与将军,伤亡后补员困难,复用V6真实人物/装备/建筑像素素材；以头盔、披风、盾面、武器、马具、军旗与家族色做差异化；保持原APK像素比例
SP090,南汀浅骑,湖沼水乡,骑兵,追击截断,官员军制,擅长对应兵类的将军特性,军械标准化或轮训制度,马厩+军营,优良以上,18,54,1.97,敌军溃败后截断撤退路线,追击过深有被反包围风险,复用V6真实人物/装备/建筑像素素材；以头盔、披风、盾面、武器、马具、军旗与家族色做差异化；保持原APK像素比例
SP091,炉心重甲卫,矿山铸城,步兵,步战核心,复合条件,擅长对应兵类的将军特性,军械标准化或轮训制度,高级军营,制式以上,24,72,1.25,保持阵线并自动补位,昂贵且补员慢,复用V6真实人物/装备/建筑像素素材；以头盔、披风、盾面、武器、马具、军旗与家族色做差异化；保持原APK像素比例
SP092,乌金枪阵,矿山铸城,枪矛,反骑阵线,将军特性,统帅技能达到二阶,城市军营等级≥2,马厩+军营,优良以上,24,72,1.33,遭遇骑兵时自动收束枪阵,侧后方被突破后转向慢,复用V6真实人物/装备/建筑像素素材；以头盔、披风、盾面、武器、马具、军旗与家族色做差异化；保持原APK像素比例
SP093,玄铁盾卫,矿山铸城,远程,远程压制,家族传统,至少3次对应兵类实战,对应城市军制改革已批准,军械库+训练场,精良核心装备,20,60,1.41,优先寻找安全射界并轮射,近身后明显脆弱,复用V6真实人物/装备/建筑像素素材；以头盔、披风、盾面、武器、马具、军旗与家族色做差异化；保持原APK像素比例
SP094,钢弦劲弩营,矿山铸城,骑兵,快速机动,官员军制,擅长对应兵类的将军特性,军械标准化或轮训制度,城防营地,制式为主+少量精良,18,54,1.49,沿侧翼高速机动但不过度脱队,长时间鏖战体力消耗大,复用V6真实人物/装备/建筑像素素材；以头盔、披风、盾面、武器、马具、军旗与家族色做差异化；保持原APK像素比例
SP095,赤炉工战军,矿山铸城,侦察,伏击侦察,复合条件,统帅技能达到二阶,城市军营等级≥2,高级军营,制式以上,16,48,1.57,扩大侦察扇面并提高伏击权重,正面硬战能力较弱,复用V6真实人物/装备/建筑像素素材；以头盔、披风、盾面、武器、马具、军旗与家族色做差异化；保持原APK像素比例
SP096,锻城破阵甲士,矿山铸城,守城,守城死战,将军特性,至少3次对应兵类实战,对应城市军制改革已批准,马厩+军营,优良以上,28,84,1.65,士气低时仍优先守住关键点,离开防御目标后价值下降,复用V6真实人物/装备/建筑像素素材；以头盔、披风、盾面、武器、马具、军旗与家族色做差异化；保持原APK像素比例
SP097,黑石宿卫,矿山铸城,工程,工程攻坚,家族传统,擅长对应兵类的将军特性,军械标准化或轮训制度,军械库+训练场,精良核心装备,16,48,1.73,优先破坏门、桥、路障和城防设施,人数少、正面作战一般,复用V6真实人物/装备/建筑像素素材；以头盔、披风、盾面、武器、马具、军旗与家族色做差异化；保持原APK像素比例
SP098,铁岭亲军,矿山铸城,辅助,护粮后勤,官员军制,统帅技能达到二阶,城市军营等级≥2,城防营地,制式为主+少量精良,20,60,1.81,保持辎重与主力距离，优先护粮,作战属性低于主战兵,复用V6真实人物/装备/建筑像素素材；以头盔、披风、盾面、武器、马具、军旗与家族色做差异化；保持原APK像素比例
SP099,火岭长槊卫,矿山铸城,精锐,亲卫精锐,复合条件,至少3次对应兵类实战,对应城市军制改革已批准,高级军营,制式以上,16,48,1.89,紧随主将，优先保护军旗与将军,伤亡后补员困难,复用V6真实人物/装备/建筑像素素材；以头盔、披风、盾面、武器、马具、军旗与家族色做差异化；保持原APK像素比例
SP100,铜关重弩军,矿山铸城,骑兵,追击截断,将军特性,擅长对应兵类的将军特性,军械标准化或轮训制度,马厩+军营,优良以上,18,54,1.97,敌军溃败后截断撤退路线,追击过深有被反包围风险,复用V6真实人物/装备/建筑像素素材；以头盔、披风、盾面、武器、马具、军旗与家族色做差异化；保持原APK像素比例
SP101,龙骧近卫,王都核心城,步兵,步战核心,家族传统,擅长对应兵类的将军特性,军械标准化或轮训制度,高级军营,制式以上,24,72,1.25,保持阵线并自动补位,昂贵且补员慢,复用V6真实人物/装备/建筑像素素材；以头盔、披风、盾面、武器、马具、军旗与家族色做差异化；保持原APK像素比例
SP102,银盾宿卫,王都核心城,枪矛,反骑阵线,官员军制,统帅技能达到二阶,城市军营等级≥2,马厩+军营,优良以上,24,72,1.33,遭遇骑兵时自动收束枪阵,侧后方被突破后转向慢,复用V6真实人物/装备/建筑像素素材；以头盔、披风、盾面、武器、马具、军旗与家族色做差异化；保持原APK像素比例
SP103,朱羽亲军,王都核心城,远程,远程压制,复合条件,至少3次对应兵类实战,对应城市军制改革已批准,军械库+训练场,精良核心装备,20,60,1.41,优先寻找安全射界并轮射,近身后明显脆弱,复用V6真实人物/装备/建筑像素素材；以头盔、披风、盾面、武器、马具、军旗与家族色做差异化；保持原APK像素比例
SP104,金纹甲士,王都核心城,骑兵,快速机动,将军特性,擅长对应兵类的将军特性,军械标准化或轮训制度,城防营地,制式为主+少量精良,18,54,1.49,沿侧翼高速机动但不过度脱队,长时间鏖战体力消耗大,复用V6真实人物/装备/建筑像素素材；以头盔、披风、盾面、武器、马具、军旗与家族色做差异化；保持原APK像素比例
SP105,御前长槊卫,王都核心城,侦察,伏击侦察,家族传统,统帅技能达到二阶,城市军营等级≥2,高级军营,制式以上,16,48,1.57,扩大侦察扇面并提高伏击权重,正面硬战能力较弱,复用V6真实人物/装备/建筑像素素材；以头盔、披风、盾面、武器、马具、军旗与家族色做差异化；保持原APK像素比例
SP106,禁苑重骑,王都核心城,守城,守城死战,官员军制,至少3次对应兵类实战,对应城市军制改革已批准,马厩+军营,优良以上,28,84,1.65,士气低时仍优先守住关键点,离开防御目标后价值下降,复用V6真实人物/装备/建筑像素素材；以头盔、披风、盾面、武器、马具、军旗与家族色做差异化；保持原APK像素比例
SP107,王府劲弩营,王都核心城,工程,工程攻坚,复合条件,擅长对应兵类的将军特性,军械标准化或轮训制度,军械库+训练场,精良核心装备,16,48,1.73,优先破坏门、桥、路障和城防设施,人数少、正面作战一般,复用V6真实人物/装备/建筑像素素材；以头盔、披风、盾面、武器、马具、军旗与家族色做差异化；保持原APK像素比例
SP108,京巡锐士,王都核心城,辅助,护粮后勤,将军特性,统帅技能达到二阶,城市军营等级≥2,城防营地,制式为主+少量精良,20,60,1.81,保持辎重与主力距离，优先护粮,作战属性低于主战兵,复用V6真实人物/装备/建筑像素素材；以头盔、披风、盾面、武器、马具、军旗与家族色做差异化；保持原APK像素比例
SP109,承天旗卫,王都核心城,精锐,亲卫精锐,家族传统,至少3次对应兵类实战,对应城市军制改革已批准,高级军营,制式以上,16,48,1.89,紧随主将，优先保护军旗与将军,伤亡后补员困难,复用V6真实人物/装备/建筑像素素材；以头盔、披风、盾面、武器、马具、军旗与家族色做差异化；保持原APK像素比例
SP110,御马骁骑,王都核心城,骑兵,追击截断,官员军制,擅长对应兵类的将军特性,军械标准化或轮训制度,马厩+军营,优良以上,18,54,1.97,敌军溃败后截断撤退路线,追击过深有被反包围风险,复用V6真实人物/装备/建筑像素素材；以头盔、披风、盾面、武器、马具、军旗与家族色做差异化；保持原APK像素比例
SP111,靖边老卒营,边境混合城,步兵,步战核心,复合条件,擅长对应兵类的将军特性,军械标准化或轮训制度,高级军营,制式以上,24,72,1.25,保持阵线并自动补位,昂贵且补员慢,复用V6真实人物/装备/建筑像素素材；以头盔、披风、盾面、武器、马具、军旗与家族色做差异化；保持原APK像素比例
SP112,定远混编军,边境混合城,枪矛,反骑阵线,将军特性,统帅技能达到二阶,城市军营等级≥2,马厩+军营,优良以上,24,72,1.33,遭遇骑兵时自动收束枪阵,侧后方被突破后转向慢,复用V6真实人物/装备/建筑像素素材；以头盔、披风、盾面、武器、马具、军旗与家族色做差异化；保持原APK像素比例
SP113,平戍枪卫,边境混合城,远程,远程压制,家族传统,至少3次对应兵类实战,对应城市军制改革已批准,军械库+训练场,精良核心装备,20,60,1.41,优先寻找安全射界并轮射,近身后明显脆弱,复用V6真实人物/装备/建筑像素素材；以头盔、披风、盾面、武器、马具、军旗与家族色做差异化；保持原APK像素比例
SP114,怀远弩营,边境混合城,骑兵,快速机动,官员军制,擅长对应兵类的将军特性,军械标准化或轮训制度,城防营地,制式为主+少量精良,18,54,1.49,沿侧翼高速机动但不过度脱队,长时间鏖战体力消耗大,复用V6真实人物/装备/建筑像素素材；以头盔、披风、盾面、武器、马具、军旗与家族色做差异化；保持原APK像素比例
SP115,临关盾卫,边境混合城,侦察,伏击侦察,复合条件,统帅技能达到二阶,城市军营等级≥2,高级军营,制式以上,16,48,1.57,扩大侦察扇面并提高伏击权重,正面硬战能力较弱,复用V6真实人物/装备/建筑像素素材；以头盔、披风、盾面、武器、马具、军旗与家族色做差异化；保持原APK像素比例
SP116,镇边游骑,边境混合城,守城,守城死战,将军特性,至少3次对应兵类实战,对应城市军制改革已批准,马厩+军营,优良以上,28,84,1.65,士气低时仍优先守住关键点,离开防御目标后价值下降,复用V6真实人物/装备/建筑像素素材；以头盔、披风、盾面、武器、马具、军旗与家族色做差异化；保持原APK像素比例
SP117,野关斥候,边境混合城,工程,工程攻坚,家族传统,擅长对应兵类的将军特性,军械标准化或轮训制度,军械库+训练场,精良核心装备,16,48,1.73,优先破坏门、桥、路障和城防设施,人数少、正面作战一般,复用V6真实人物/装备/建筑像素素材；以头盔、披风、盾面、武器、马具、军旗与家族色做差异化；保持原APK像素比例
SP118,守川护粮军,边境混合城,辅助,护粮后勤,官员军制,统帅技能达到二阶,城市军营等级≥2,城防营地,制式为主+少量精良,20,60,1.81,保持辎重与主力距离，优先护粮,作战属性低于主战兵,复用V6真实人物/装备/建筑像素素材；以头盔、披风、盾面、武器、马具、军旗与家族色做差异化；保持原APK像素比例
SP119,静戍锐士,边境混合城,精锐,亲卫精锐,复合条件,至少3次对应兵类实战,对应城市军制改革已批准,高级军营,制式以上,16,48,1.89,紧随主将，优先保护军旗与将军,伤亡后补员困难,复用V6真实人物/装备/建筑像素素材；以头盔、披风、盾面、武器、马具、军旗与家族色做差异化；保持原APK像素比例
SP120,长垒亲军,边境混合城,骑兵,追击截断,将军特性,擅长对应兵类的将军特性,军械标准化或轮训制度,马厩+军营,优良以上,18,54,1.97,敌军溃败后截断撤退路线,追击过深有被反包围风险,复用V6真实人物/装备/建筑像素素材；以头盔、披风、盾面、武器、马具、军旗与家族色做差异化；保持原APK像素比例
