id,兵种名称,等级,类别,城市风格,是否特殊兵种,定位,解锁条件,标准装备,单兵招募金币,训练天数,月军饷,每日粮食,消耗军马,生命,攻击,防御,机动,体力,基础士气,战术小队上限,默认阵型,募兵来源,升级来源,装备品质规则,强项,弱点,AI使用,视觉组合
U001,乡兵,1,步兵,通用,False,低成本应急守卫,基础军营+对应训练设施,短矛+布衣,27,3,1.35,1.08,0,100,12,10,4,60,70,16,横队/盾墙,真实城市人口；招募后从劳动力人口转为军队人口,训练+真实战斗+生存+杀敌/协同功勋；不允许金币直接升级,默认制式；库存不足可降为普通/粗制；老兵、精锐、军官按优先级获得优良/精良；大师与传奇禁止批量配发,低成本应急守卫,怕重甲与骑兵,根据敌军兵种、地形、士气、补给和统帅技能决定是否投入；特殊兵种不得无脑全上,真实APK人物基础体 + 城市/家族色衣装层 + 实际武器/盾/甲 + 军衔标识；骑兵再叠加马匹、马具与骑姿帧；禁止仅换色冒充完全不同兵种
U002,里勇,1,步兵,通用,False,本地防守士气较高,基础军营+对应训练设施,长棍/短枪+布衣,27,3,1.35,1.08,0,100,12,10,4,60,70,16,横队/盾墙,真实城市人口；招募后从劳动力人口转为军队人口,训练+真实战斗+生存+杀敌/协同功勋；不允许金币直接升级,默认制式；库存不足可降为普通/粗制；老兵、精锐、军官按优先级获得优良/精良；大师与传奇禁止批量配发,本地防守士气较高,离城远时战力下降,根据敌军兵种、地形、士气、补给和统帅技能决定是否投入；特殊兵种不得无脑全上,真实APK人物基础体 + 城市/家族色衣装层 + 实际武器/盾/甲 + 军衔标识；骑兵再叠加马匹、马具与骑姿帧；禁止仅换色冒充完全不同兵种
U003,轻装步卒,1,步兵,通用,False,快速、便宜、追击,基础军营+对应训练设施,短剑/短矛+轻甲,27,3,1.35,1.08,0,100,12,10,4,60,70,16,横队/盾墙,真实城市人口；招募后从劳动力人口转为军队人口,训练+真实战斗+生存+杀敌/协同功勋；不允许金币直接升级,默认制式；库存不足可降为普通/粗制；老兵、精锐、军官按优先级获得优良/精良；大师与传奇禁止批量配发,快速、便宜、追击,正面对重步兵弱,根据敌军兵种、地形、士气、补给和统帅技能决定是否投入；特殊兵种不得无脑全上,真实APK人物基础体 + 城市/家族色衣装层 + 实际武器/盾/甲 + 军衔标识；骑兵再叠加马匹、马具与骑姿帧；禁止仅换色冒充完全不同兵种
U004,剑盾卫,2,步兵,通用,False,均衡近战和守线,基础军营+对应训练设施,长剑+圆盾+轻甲,39,4,1.9,1.16,0,108,14,12,4,64,75,16,横队/盾墙,真实城市人口；招募后从劳动力人口转为军队人口,训练+真实战斗+生存+杀敌/协同功勋；不允许金币直接升级,默认制式；库存不足可降为普通/粗制；老兵、精锐、军官按优先级获得优良/精良；大师与传奇禁止批量配发,均衡近战和守线,怕长枪密阵,根据敌军兵种、地形、士气、补给和统帅技能决定是否投入；特殊兵种不得无脑全上,真实APK人物基础体 + 城市/家族色衣装层 + 实际武器/盾/甲 + 军衔标识；骑兵再叠加马匹、马具与骑姿帧；禁止仅换色冒充完全不同兵种
U005,长枪卒,2,枪矛,通用,False,反骑和阵线,基础军营+对应训练设施,长枪+轻甲,39,4,1.9,1.16,0,103,15,11,3,66,73,16,枪阵/横队,真实城市人口；招募后从劳动力人口转为军队人口,训练+真实战斗+生存+杀敌/协同功勋；不允许金币直接升级,默认制式；库存不足可降为普通/粗制；老兵、精锐、军官按优先级获得优良/精良；大师与传奇禁止批量配发,反骑和阵线,侧翼被攻击时脆弱,根据敌军兵种、地形、士气、补给和统帅技能决定是否投入；特殊兵种不得无脑全上,真实APK人物基础体 + 城市/家族色衣装层 + 实际武器/盾/甲 + 军衔标识；骑兵再叠加马匹、马具与骑姿帧；禁止仅换色冒充完全不同兵种
U006,长槊兵,3,枪矛,通用,False,正面拒马、密阵,基础军营+对应训练设施,超长枪+轻甲,51,5,2.45,1.24,0,111,17,13,3,70,78,16,枪阵/横队,真实城市人口；招募后从劳动力人口转为军队人口,训练+真实战斗+生存+杀敌/协同功勋；不允许金币直接升级,默认制式；库存不足可降为普通/粗制；老兵、精锐、军官按优先级获得优良/精良；大师与传奇禁止批量配发,正面拒马、密阵,转向慢、追击差,根据敌军兵种、地形、士气、补给和统帅技能决定是否投入；特殊兵种不得无脑全上,真实APK人物基础体 + 城市/家族色衣装层 + 实际武器/盾/甲 + 军衔标识；骑兵再叠加马匹、马具与骑姿帧；禁止仅换色冒充完全不同兵种
U007,披甲步卒,3,步兵,通用,False,高防御和近战压迫,基础军营+对应训练设施,长剑/斧+重甲,51,5,2.45,1.24,0,116,16,14,4,68,80,16,横队/盾墙,真实城市人口；招募后从劳动力人口转为军队人口,训练+真实战斗+生存+杀敌/协同功勋；不允许金币直接升级,默认制式；库存不足可降为普通/粗制；老兵、精锐、军官按优先级获得优良/精良；大师与传奇禁止批量配发,高防御和近战压迫,速度慢、维护贵,根据敌军兵种、地形、士气、补给和统帅技能决定是否投入；特殊兵种不得无脑全上,真实APK人物基础体 + 城市/家族色衣装层 + 实际武器/盾/甲 + 军衔标识；骑兵再叠加马匹、马具与骑姿帧；禁止仅换色冒充完全不同兵种
U008,重盾卫,3,步兵,通用,False,格挡远程、稳线,基础军营+对应训练设施,大盾+短剑+中甲,51,5,2.45,1.24,0,116,16,14,4,68,80,16,横队/盾墙,真实城市人口；招募后从劳动力人口转为军队人口,训练+真实战斗+生存+杀敌/协同功勋；不允许金币直接升级,默认制式；库存不足可降为普通/粗制；老兵、精锐、军官按优先级获得优良/精良；大师与传奇禁止批量配发,格挡远程、稳线,攻击输出较低,根据敌军兵种、地形、士气、补给和统帅技能决定是否投入；特殊兵种不得无脑全上,真实APK人物基础体 + 城市/家族色衣装层 + 实际武器/盾/甲 + 军衔标识；骑兵再叠加马匹、马具与骑姿帧；禁止仅换色冒充完全不同兵种
U009,步弓手,1,远程,通用,False,训练快、机动,基础军营+对应训练设施,短弓+匕首,27,3,1.35,1.08,0,82,14,5,4,55,62,16,散开射线/后排齐射,真实城市人口；招募后从劳动力人口转为军队人口,训练+真实战斗+生存+杀敌/协同功勋；不允许金币直接升级,默认制式；库存不足可降为普通/粗制；老兵、精锐、军官按优先级获得优良/精良；大师与传奇禁止批量配发,训练快、机动,穿甲差,根据敌军兵种、地形、士气、补给和统帅技能决定是否投入；特殊兵种不得无脑全上,真实APK人物基础体 + 城市/家族色衣装层 + 实际武器/盾/甲 + 军衔标识；骑兵再叠加马匹、马具与骑姿帧；禁止仅换色冒充完全不同兵种
U010,长弓手,2,远程,通用,False,远射、压制,基础军营+对应训练设施,长弓+匕首,39,4,1.9,1.16,0,90,16,7,4,59,67,16,散开射线/后排齐射,真实城市人口；招募后从劳动力人口转为军队人口,训练+真实战斗+生存+杀敌/协同功勋；不允许金币直接升级,默认制式；库存不足可降为普通/粗制；老兵、精锐、军官按优先级获得优良/精良；大师与传奇禁止批量配发,远射、压制,近战弱,根据敌军兵种、地形、士气、补给和统帅技能决定是否投入；特殊兵种不得无脑全上,真实APK人物基础体 + 城市/家族色衣装层 + 实际武器/盾/甲 + 军衔标识；骑兵再叠加马匹、马具与骑姿帧；禁止仅换色冒充完全不同兵种
U011,步弩手,2,远程,通用,False,穿甲和守城,基础军营+对应训练设施,弩+短剑,39,4,1.9,1.16,0,90,16,7,4,59,67,16,散开射线/后排齐射,真实城市人口；招募后从劳动力人口转为军队人口,训练+真实战斗+生存+杀敌/协同功勋；不允许金币直接升级,默认制式；库存不足可降为普通/粗制；老兵、精锐、军官按优先级获得优良/精良；大师与传奇禁止批量配发,穿甲和守城,射速慢,根据敌军兵种、地形、士气、补给和统帅技能决定是否投入；特殊兵种不得无脑全上,真实APK人物基础体 + 城市/家族色衣装层 + 实际武器/盾/甲 + 军衔标识；骑兵再叠加马匹、马具与骑姿帧；禁止仅换色冒充完全不同兵种
U012,强弩手,3,远程,通用,False,高穿甲和据点火力,基础军营+对应训练设施,重弩+轻盾,51,5,2.45,1.24,0,98,18,9,4,63,72,16,散开射线/后排齐射,真实城市人口；招募后从劳动力人口转为军队人口,训练+真实战斗+生存+杀敌/协同功勋；不允许金币直接升级,默认制式；库存不足可降为普通/粗制；老兵、精锐、军官按优先级获得优良/精良；大师与传奇禁止批量配发,高穿甲和据点火力,移动慢,根据敌军兵种、地形、士气、补给和统帅技能决定是否投入；特殊兵种不得无脑全上,真实APK人物基础体 + 城市/家族色衣装层 + 实际武器/盾/甲 + 军衔标识；骑兵再叠加马匹、马具与骑姿帧；禁止仅换色冒充完全不同兵种
U013,投石乡兵,1,远程,通用,False,极低成本骚扰,基础军营+对应训练设施,投石索,27,3,1.35,1.08,0,82,14,5,4,55,62,16,散开射线/后排齐射,真实城市人口；招募后从劳动力人口转为军队人口,训练+真实战斗+生存+杀敌/协同功勋；不允许金币直接升级,默认制式；库存不足可降为普通/粗制；老兵、精锐、军官按优先级获得优良/精良；大师与传奇禁止批量配发,极低成本骚扰,射程和伤害不稳,根据敌军兵种、地形、士气、补给和统帅技能决定是否投入；特殊兵种不得无脑全上,真实APK人物基础体 + 城市/家族色衣装层 + 实际武器/盾/甲 + 军衔标识；骑兵再叠加马匹、马具与骑姿帧；禁止仅换色冒充完全不同兵种
U014,掷枪手,2,远程,通用,False,近中距离破阵,基础军营+对应训练设施,标枪+小盾,39,4,1.9,1.16,0,90,16,7,4,59,67,16,散开射线/后排齐射,真实城市人口；招募后从劳动力人口转为军队人口,训练+真实战斗+生存+杀敌/协同功勋；不允许金币直接升级,默认制式；库存不足可降为普通/粗制；老兵、精锐、军官按优先级获得优良/精良；大师与传奇禁止批量配发,近中距离破阵,弹药少,根据敌军兵种、地形、士气、补给和统帅技能决定是否投入；特殊兵种不得无脑全上,真实APK人物基础体 + 城市/家族色衣装层 + 实际武器/盾/甲 + 军衔标识；骑兵再叠加马匹、马具与骑姿帧；禁止仅换色冒充完全不同兵种
U015,游哨斥候,1,侦察,通用,False,侦察、反伏击,基础军营+对应训练设施,短弓/短刀+轻装,27,3,1.35,1.08,0,80,9,5,8,55,68,12,散兵,真实城市人口；招募后从劳动力人口转为军队人口,训练+真实战斗+生存+杀敌/协同功勋；不允许金币直接升级,默认制式；库存不足可降为普通/粗制；老兵、精锐、军官按优先级获得优良/精良；大师与传奇禁止批量配发,侦察、反伏击,正面战斗弱,根据敌军兵种、地形、士气、补给和统帅技能决定是否投入；特殊兵种不得无脑全上,真实APK人物基础体 + 城市/家族色衣装层 + 实际武器/盾/甲 + 军衔标识；骑兵再叠加马匹、马具与骑姿帧；禁止仅换色冒充完全不同兵种
U016,随军工兵,1,工程,通用,False,修路、架桥、攻城施工,基础军营+对应训练设施,工具+短刀,27,3,1.35,1.08,0,88,8,6,3,60,60,16,纵队/施工队,真实城市人口；招募后从劳动力人口转为军队人口,训练+真实战斗+生存+杀敌/协同功勋；不允许金币直接升级,默认制式；库存不足可降为普通/粗制；老兵、精锐、军官按优先级获得优良/精良；大师与传奇禁止批量配发,修路、架桥、攻城施工,需要护卫,根据敌军兵种、地形、士气、补给和统帅技能决定是否投入；特殊兵种不得无脑全上,真实APK人物基础体 + 城市/家族色衣装层 + 实际武器/盾/甲 + 军衔标识；骑兵再叠加马匹、马具与骑姿帧；禁止仅换色冒充完全不同兵种
U017,辎重护卒,1,辅助,通用,False,保护运输队,基础军营+对应训练设施,短枪+盾,27,3,1.35,1.08,0,85,7,6,4,58,62,16,纵队,真实城市人口；招募后从劳动力人口转为军队人口,训练+真实战斗+生存+杀敌/协同功勋；不允许金币直接升级,默认制式；库存不足可降为普通/粗制；老兵、精锐、军官按优先级获得优良/精良；大师与传奇禁止批量配发,保护运输队,战场机动一般,根据敌军兵种、地形、士气、补给和统帅技能决定是否投入；特殊兵种不得无脑全上,真实APK人物基础体 + 城市/家族色衣装层 + 实际武器/盾/甲 + 军衔标识；骑兵再叠加马匹、马具与骑姿帧；禁止仅换色冒充完全不同兵种
U018,执旗手,2,辅助,通用,False,局部士气与集结,基础军营+对应训练设施,旗帜+短剑,39,4,1.9,1.16,0,93,9,8,4,62,67,16,纵队,真实城市人口；招募后从劳动力人口转为军队人口,训练+真实战斗+生存+杀敌/协同功勋；不允许金币直接升级,默认制式；库存不足可降为普通/粗制；老兵、精锐、军官按优先级获得优良/精良；大师与传奇禁止批量配发,局部士气与集结,被击倒会造成士气打击,根据敌军兵种、地形、士气、补给和统帅技能决定是否投入；特殊兵种不得无脑全上,真实APK人物基础体 + 城市/家族色衣装层 + 实际武器/盾/甲 + 军衔标识；骑兵再叠加马匹、马具与骑姿帧；禁止仅换色冒充完全不同兵种
U019,号令兵,2,辅助,通用,False,命令传播和重新集结,基础军营+对应训练设施,号角+短刀,39,4,1.9,1.16,0,93,9,8,4,62,67,16,纵队,真实城市人口；招募后从劳动力人口转为军队人口,训练+真实战斗+生存+杀敌/协同功勋；不允许金币直接升级,默认制式；库存不足可降为普通/粗制；老兵、精锐、军官按优先级获得优良/精良；大师与传奇禁止批量配发,命令传播和重新集结,战斗能力低,根据敌军兵种、地形、士气、补给和统帅技能决定是否投入；特殊兵种不得无脑全上,真实APK人物基础体 + 城市/家族色衣装层 + 实际武器/盾/甲 + 军衔标识；骑兵再叠加马匹、马具与骑姿帧；禁止仅换色冒充完全不同兵种
U020,医营护卫,2,辅助,通用,False,减少战后伤亡,基础军营+对应训练设施,短剑+医疗包,39,4,1.9,1.16,0,93,9,8,4,62,67,16,纵队,真实城市人口；招募后从劳动力人口转为军队人口,训练+真实战斗+生存+杀敌/协同功勋；不允许金币直接升级,默认制式；库存不足可降为普通/粗制；老兵、精锐、军官按优先级获得优良/精良；大师与传奇禁止批量配发,减少战后伤亡,战斗能力低,根据敌军兵种、地形、士气、补给和统帅技能决定是否投入；特殊兵种不得无脑全上,真实APK人物基础体 + 城市/家族色衣装层 + 实际武器/盾/甲 + 军衔标识；骑兵再叠加马匹、马具与骑姿帧；禁止仅换色冒充完全不同兵种
U021,轻骑哨,2,骑兵,通用,False,侦察、追击、袭扰,基础军营+对应训练设施,短矛/刀+轻马,51,4,2.4,1.36,1,113,17,11,8,72,80,12,楔形/横队,真实城市人口；招募后从劳动力人口转为军队人口,训练+真实战斗+生存+杀敌/协同功勋；不允许金币直接升级,默认制式；库存不足可降为普通/粗制；老兵、精锐、军官按优先级获得优良/精良；大师与传奇禁止批量配发,侦察、追击、袭扰,正面冲枪阵弱,根据敌军兵种、地形、士气、补给和统帅技能决定是否投入；特殊兵种不得无脑全上,真实APK人物基础体 + 城市/家族色衣装层 + 实际武器/盾/甲 + 军衔标识；骑兵再叠加马匹、马具与骑姿帧；禁止仅换色冒充完全不同兵种
U022,骑射手,3,骑兵,通用,False,机动射击、骚扰,基础军营+对应训练设施,短弓+轻马,63,5,2.95,1.44,1,121,19,13,8,76,85,12,楔形/横队,真实城市人口；招募后从劳动力人口转为军队人口,训练+真实战斗+生存+杀敌/协同功勋；不允许金币直接升级,默认制式；库存不足可降为普通/粗制；老兵、精锐、军官按优先级获得优良/精良；大师与传奇禁止批量配发,机动射击、骚扰,重甲正面战弱,根据敌军兵种、地形、士气、补给和统帅技能决定是否投入；特殊兵种不得无脑全上,真实APK人物基础体 + 城市/家族色衣装层 + 实际武器/盾/甲 + 军衔标识；骑兵再叠加马匹、马具与骑姿帧；禁止仅换色冒充完全不同兵种
U023,长槊骑,3,骑兵,通用,False,冲锋和追击,基础军营+对应训练设施,骑枪+中甲马,63,5,2.95,1.44,1,121,19,13,8,76,85,12,楔形/横队,真实城市人口；招募后从劳动力人口转为军队人口,训练+真实战斗+生存+杀敌/协同功勋；不允许金币直接升级,默认制式；库存不足可降为普通/粗制；老兵、精锐、军官按优先级获得优良/精良；大师与传奇禁止批量配发,冲锋和追击,地形限制大,根据敌军兵种、地形、士气、补给和统帅技能决定是否投入；特殊兵种不得无脑全上,真实APK人物基础体 + 城市/家族色衣装层 + 实际武器/盾/甲 + 军衔标识；骑兵再叠加马匹、马具与骑姿帧；禁止仅换色冒充完全不同兵种
U024,披甲重骑,4,骑兵,通用,False,高冲击突破,基础军营+对应训练设施,重甲+长枪+战马,75,6,3.5,1.52,1,129,21,15,8,80,90,10,楔形/横队,真实城市人口；招募后从劳动力人口转为军队人口,训练+真实战斗+生存+杀敌/协同功勋；不允许金币直接升级,默认制式；库存不足可降为普通/粗制；老兵、精锐、军官按优先级获得优良/精良；大师与传奇禁止批量配发,高冲击突破,昂贵、恢复慢,根据敌军兵种、地形、士气、补给和统帅技能决定是否投入；特殊兵种不得无脑全上,真实APK人物基础体 + 城市/家族色衣装层 + 实际武器/盾/甲 + 军衔标识；骑兵再叠加马匹、马具与骑姿帧；禁止仅换色冒充完全不同兵种
U025,城守卫,2,守城,通用,False,城墙和城门防守,基础军营+对应训练设施,长枪/弩+盾,39,4,1.9,1.16,0,113,13,15,3,72,77,16,城墙分队/门区密阵,真实城市人口；招募后从劳动力人口转为军队人口,训练+真实战斗+生存+杀敌/协同功勋；不允许金币直接升级,默认制式；库存不足可降为普通/粗制；老兵、精锐、军官按优先级获得优良/精良；大师与传奇禁止批量配发,城墙和城门防守,野战一般,根据敌军兵种、地形、士气、补给和统帅技能决定是否投入；特殊兵种不得无脑全上,真实APK人物基础体 + 城市/家族色衣装层 + 实际武器/盾/甲 + 军衔标识；骑兵再叠加马匹、马具与骑姿帧；禁止仅换色冒充完全不同兵种
U026,宿卫步军,4,精锐,通用,False,领主/将军护卫,基础军营+对应训练设施,精良剑盾+重甲,63,6,3.0,1.32,0,149,24,23,5,92,101,10,密集横队/预备队,真实城市人口；招募后从劳动力人口转为军队人口,训练+真实战斗+生存+杀敌/协同功勋；不允许金币直接升级,默认制式；库存不足可降为普通/粗制；老兵、精锐、军官按优先级获得优良/精良；大师与传奇禁止批量配发,领主/将军护卫,招募数量少,根据敌军兵种、地形、士气、补给和统帅技能决定是否投入；特殊兵种不得无脑全上,真实APK人物基础体 + 城市/家族色衣装层 + 实际武器/盾/甲 + 军衔标识；骑兵再叠加马匹、马具与骑姿帧；禁止仅换色冒充完全不同兵种
U027,宿卫骑军,5,精锐,通用,False,高士气精锐突击,基础军营+对应训练设施,精良骑枪+重甲马,75,7,3.55,1.4,0,157,26,25,5,96,106,10,密集横队/预备队,真实城市人口；招募后从劳动力人口转为军队人口,训练+真实战斗+生存+杀敌/协同功勋；不允许金币直接升级,默认制式；库存不足可降为普通/粗制；老兵、精锐、军官按优先级获得优良/精良；大师与传奇禁止批量配发,高士气精锐突击,成本极高,根据敌军兵种、地形、士气、补给和统帅技能决定是否投入；特殊兵种不得无脑全上,真实APK人物基础体 + 城市/家族色衣装层 + 实际武器/盾/甲 + 军衔标识；骑兵再叠加马匹、马具与骑姿帧；禁止仅换色冒充完全不同兵种
U028,募勇剑士,2,雇佣,通用,False,可用金币快速补充,基础军营+对应训练设施,剑盾+中甲,39,4,1.9,1.16,0,110,16,12,5,64,75,16,横队,真实城市人口；招募后从劳动力人口转为军队人口,训练+真实战斗+生存+杀敌/协同功勋；不允许金币直接升级,默认制式；库存不足可降为普通/粗制；老兵、精锐、军官按优先级获得优良/精良；大师与传奇禁止批量配发,可用金币快速补充,忠诚依赖军饷,根据敌军兵种、地形、士气、补给和统帅技能决定是否投入；特殊兵种不得无脑全上,真实APK人物基础体 + 城市/家族色衣装层 + 实际武器/盾/甲 + 军衔标识；骑兵再叠加马匹、马具与骑姿帧；禁止仅换色冒充完全不同兵种
U029,金穗枪卫,3,枪矛,平原王领,True,平原王领特色作战单位，获得本地地形与训练传统加成,平原王领城市达到2级 + 对应训练设施 + 本地官员军事行政≥45,地区制式武器+地区护甲,61,7,2.85,1.24,0,119,19,15,3,70,83,16,枪阵/横队,真实城市人口；招募后从劳动力人口转为军队人口,训练+真实战斗+生存+杀敌/协同功勋；不允许金币直接升级,默认制式；库存不足可降为普通/粗制；老兵、精锐、军官按优先级获得优良/精良；大师与传奇禁止批量配发,平原王领特色作战单位，获得本地地形与训练传统加成,离开擅长地形或补给环境后优势减弱,根据敌军兵种、地形、士气、补给和统帅技能决定是否投入；特殊兵种不得无脑全上,真实APK人物基础体 + 城市/家族色衣装层 + 实际武器/盾/甲 + 军衔标识；骑兵再叠加马匹、马具与骑姿帧；禁止仅换色冒充完全不同兵种
U030,王畿剑卫,3,步兵,平原王领,True,平原王领特色作战单位，获得本地地形与训练传统加成,平原王领城市达到2级 + 对应训练设施 + 本地官员军事行政≥45,地区制式武器+地区护甲,61,7,2.85,1.24,0,124,18,16,4,68,85,16,横队/盾墙,真实城市人口；招募后从劳动力人口转为军队人口,训练+真实战斗+生存+杀敌/协同功勋；不允许金币直接升级,默认制式；库存不足可降为普通/粗制；老兵、精锐、军官按优先级获得优良/精良；大师与传奇禁止批量配发,平原王领特色作战单位，获得本地地形与训练传统加成,离开擅长地形或补给环境后优势减弱,根据敌军兵种、地形、士气、补给和统帅技能决定是否投入；特殊兵种不得无脑全上,真实APK人物基础体 + 城市/家族色衣装层 + 实际武器/盾/甲 + 军衔标识；骑兵再叠加马匹、马具与骑姿帧；禁止仅换色冒充完全不同兵种
U031,长陇弓手,3,远程,平原王领,True,平原王领特色作战单位，获得本地地形与训练传统加成,平原王领城市达到2级 + 对应训练设施 + 本地官员军事行政≥45,地区制式武器+地区护甲,61,7,2.85,1.24,0,106,20,11,4,63,77,16,散开射线/后排齐射,真实城市人口；招募后从劳动力人口转为军队人口,训练+真实战斗+生存+杀敌/协同功勋；不允许金币直接升级,默认制式；库存不足可降为普通/粗制；老兵、精锐、军官按优先级获得优良/精良；大师与传奇禁止批量配发,平原王领特色作战单位，获得本地地形与训练传统加成,离开擅长地形或补给环境后优势减弱,根据敌军兵种、地形、士气、补给和统帅技能决定是否投入；特殊兵种不得无脑全上,真实APK人物基础体 + 城市/家族色衣装层 + 实际武器/盾/甲 + 军衔标识；骑兵再叠加马匹、马具与骑姿帧；禁止仅换色冒充完全不同兵种
U032,丰仓守卒,3,守城,平原王领,True,平原王领特色作战单位，获得本地地形与训练传统加成,平原王领城市达到2级 + 对应训练设施 + 本地官员军事行政≥45,地区制式武器+地区护甲,61,7,2.85,1.24,0,129,17,19,3,76,87,16,城墙分队/门区密阵,真实城市人口；招募后从劳动力人口转为军队人口,训练+真实战斗+生存+杀敌/协同功勋；不允许金币直接升级,默认制式；库存不足可降为普通/粗制；老兵、精锐、军官按优先级获得优良/精良；大师与传奇禁止批量配发,平原王领特色作战单位，获得本地地形与训练传统加成,离开擅长地形或补给环境后优势减弱,根据敌军兵种、地形、士气、补给和统帅技能决定是否投入；特殊兵种不得无脑全上,真实APK人物基础体 + 城市/家族色衣装层 + 实际武器/盾/甲 + 军衔标识；骑兵再叠加马匹、马具与骑姿帧；禁止仅换色冒充完全不同兵种
U033,驰道斥候,2,侦察,平原王领,True,平原王领特色作战单位，获得本地地形与训练传统加成,平原王领城市达到2级 + 对应训练设施 + 本地官员军事行政≥45,地区制式武器+地区护甲,49,6,2.3,1.16,0,96,13,9,8,59,78,12,散兵,真实城市人口；招募后从劳动力人口转为军队人口,训练+真实战斗+生存+杀敌/协同功勋；不允许金币直接升级,默认制式；库存不足可降为普通/粗制；老兵、精锐、军官按优先级获得优良/精良；大师与传奇禁止批量配发,平原王领特色作战单位，获得本地地形与训练传统加成,离开擅长地形或补给环境后优势减弱,根据敌军兵种、地形、士气、补给和统帅技能决定是否投入；特殊兵种不得无脑全上,真实APK人物基础体 + 城市/家族色衣装层 + 实际武器/盾/甲 + 军衔标识；骑兵再叠加马匹、马具与骑姿帧；禁止仅换色冒充完全不同兵种
U034,庄卫轻骑,3,骑兵,平原王领,True,平原王领特色作战单位，获得本地地形与训练传统加成,平原王领城市达到2级 + 对应训练设施 + 本地官员军事行政≥45,地区制式武器+地区护甲,73,7,3.35,1.44,1,129,21,15,8,76,90,12,楔形/横队,真实城市人口；招募后从劳动力人口转为军队人口,训练+真实战斗+生存+杀敌/协同功勋；不允许金币直接升级,默认制式；库存不足可降为普通/粗制；老兵、精锐、军官按优先级获得优良/精良；大师与传奇禁止批量配发,平原王领特色作战单位，获得本地地形与训练传统加成,离开擅长地形或补给环境后优势减弱,根据敌军兵种、地形、士气、补给和统帅技能决定是否投入；特殊兵种不得无脑全上,真实APK人物基础体 + 城市/家族色衣装层 + 实际武器/盾/甲 + 军衔标识；骑兵再叠加马匹、马具与骑姿帧；禁止仅换色冒充完全不同兵种
U035,河工营卒,2,工程,平原王领,True,平原王领特色作战单位，获得本地地形与训练传统加成,平原王领城市达到2级 + 对应训练设施 + 本地官员军事行政≥45,地区制式武器+地区护甲,49,6,2.3,1.16,0,104,12,10,3,64,70,16,纵队/施工队,真实城市人口；招募后从劳动力人口转为军队人口,训练+真实战斗+生存+杀敌/协同功勋；不允许金币直接升级,默认制式；库存不足可降为普通/粗制；老兵、精锐、军官按优先级获得优良/精良；大师与传奇禁止批量配发,平原王领特色作战单位，获得本地地形与训练传统加成,离开擅长地形或补给环境后优势减弱,根据敌军兵种、地形、士气、补给和统帅技能决定是否投入；特殊兵种不得无脑全上,真实APK人物基础体 + 城市/家族色衣装层 + 实际武器/盾/甲 + 军衔标识；骑兵再叠加马匹、马具与骑姿帧；禁止仅换色冒充完全不同兵种
U036,镇畿甲士,3,步兵,平原王领,True,平原王领特色作战单位，获得本地地形与训练传统加成,平原王领城市达到2级 + 对应训练设施 + 本地官员军事行政≥45,地区制式武器+地区护甲,61,7,2.85,1.24,0,124,18,16,4,68,85,16,横队/盾墙,真实城市人口；招募后从劳动力人口转为军队人口,训练+真实战斗+生存+杀敌/协同功勋；不允许金币直接升级,默认制式；库存不足可降为普通/粗制；老兵、精锐、军官按优先级获得优良/精良；大师与传奇禁止批量配发,平原王领特色作战单位，获得本地地形与训练传统加成,离开擅长地形或补给环境后优势减弱,根据敌军兵种、地形、士气、补给和统帅技能决定是否投入；特殊兵种不得无脑全上,真实APK人物基础体 + 城市/家族色衣装层 + 实际武器/盾/甲 + 军衔标识；骑兵再叠加马匹、马具与骑姿帧；禁止仅换色冒充完全不同兵种
U037,磐石盾卫,3,步兵,山岭堡城,True,山岭堡城特色作战单位，获得本地地形与训练传统加成,山岭堡城城市达到2级 + 对应训练设施 + 本地官员军事行政≥45,地区制式武器+地区护甲,61,7,2.85,1.24,0,124,18,16,4,68,85,16,横队/盾墙,真实城市人口；招募后从劳动力人口转为军队人口,训练+真实战斗+生存+杀敌/协同功勋；不允许金币直接升级,默认制式；库存不足可降为普通/粗制；老兵、精锐、军官按优先级获得优良/精良；大师与传奇禁止批量配发,山岭堡城特色作战单位，获得本地地形与训练传统加成,离开擅长地形或补给环境后优势减弱,根据敌军兵种、地形、士气、补给和统帅技能决定是否投入；特殊兵种不得无脑全上,真实APK人物基础体 + 城市/家族色衣装层 + 实际武器/盾/甲 + 军衔标识；骑兵再叠加马匹、马具与骑姿帧；禁止仅换色冒充完全不同兵种
U038,锁关长枪,3,枪矛,山岭堡城,True,山岭堡城特色作战单位，获得本地地形与训练传统加成,山岭堡城城市达到2级 + 对应训练设施 + 本地官员军事行政≥45,地区制式武器+地区护甲,61,7,2.85,1.24,0,119,19,15,3,70,83,16,枪阵/横队,真实城市人口；招募后从劳动力人口转为军队人口,训练+真实战斗+生存+杀敌/协同功勋；不允许金币直接升级,默认制式；库存不足可降为普通/粗制；老兵、精锐、军官按优先级获得优良/精良；大师与传奇禁止批量配发,山岭堡城特色作战单位，获得本地地形与训练传统加成,离开擅长地形或补给环境后优势减弱,根据敌军兵种、地形、士气、补给和统帅技能决定是否投入；特殊兵种不得无脑全上,真实APK人物基础体 + 城市/家族色衣装层 + 实际武器/盾/甲 + 军衔标识；骑兵再叠加马匹、马具与骑姿帧；禁止仅换色冒充完全不同兵种
U039,断崖劲弩,3,远程,山岭堡城,True,山岭堡城特色作战单位，获得本地地形与训练传统加成,山岭堡城城市达到2级 + 对应训练设施 + 本地官员军事行政≥45,地区制式武器+地区护甲,61,7,2.85,1.24,0,106,20,11,4,63,77,16,散开射线/后排齐射,真实城市人口；招募后从劳动力人口转为军队人口,训练+真实战斗+生存+杀敌/协同功勋；不允许金币直接升级,默认制式；库存不足可降为普通/粗制；老兵、精锐、军官按优先级获得优良/精良；大师与传奇禁止批量配发,山岭堡城特色作战单位，获得本地地形与训练传统加成,离开擅长地形或补给环境后优势减弱,根据敌军兵种、地形、士气、补给和统帅技能决定是否投入；特殊兵种不得无脑全上,真实APK人物基础体 + 城市/家族色衣装层 + 实际武器/盾/甲 + 军衔标识；骑兵再叠加马匹、马具与骑姿帧；禁止仅换色冒充完全不同兵种
U040,山城铁卫,3,步兵,山岭堡城,True,山岭堡城特色作战单位，获得本地地形与训练传统加成,山岭堡城城市达到2级 + 对应训练设施 + 本地官员军事行政≥45,地区制式武器+地区护甲,61,7,2.85,1.24,0,124,18,16,4,68,85,16,横队/盾墙,真实城市人口；招募后从劳动力人口转为军队人口,训练+真实战斗+生存+杀敌/协同功勋；不允许金币直接升级,默认制式；库存不足可降为普通/粗制；老兵、精锐、军官按优先级获得优良/精良；大师与传奇禁止批量配发,山岭堡城特色作战单位，获得本地地形与训练传统加成,离开擅长地形或补给环境后优势减弱,根据敌军兵种、地形、士气、补给和统帅技能决定是否投入；特殊兵种不得无脑全上,真实APK人物基础体 + 城市/家族色衣装层 + 实际武器/盾/甲 + 军衔标识；骑兵再叠加马匹、马具与骑姿帧；禁止仅换色冒充完全不同兵种
U041,寻径斥候,2,侦察,山岭堡城,True,山岭堡城特色作战单位，获得本地地形与训练传统加成,山岭堡城城市达到2级 + 对应训练设施 + 本地官员军事行政≥45,地区制式武器+地区护甲,49,6,2.3,1.16,0,96,13,9,8,59,78,12,散兵,真实城市人口；招募后从劳动力人口转为军队人口,训练+真实战斗+生存+杀敌/协同功勋；不允许金币直接升级,默认制式；库存不足可降为普通/粗制；老兵、精锐、军官按优先级获得优良/精良；大师与传奇禁止批量配发,山岭堡城特色作战单位，获得本地地形与训练传统加成,离开擅长地形或补给环境后优势减弱,根据敌军兵种、地形、士气、补给和统帅技能决定是否投入；特殊兵种不得无脑全上,真实APK人物基础体 + 城市/家族色衣装层 + 实际武器/盾/甲 + 军衔标识；骑兵再叠加马匹、马具与骑姿帧；禁止仅换色冒充完全不同兵种
U042,铁门宿卫,3,步兵,山岭堡城,True,山岭堡城特色作战单位，获得本地地形与训练传统加成,山岭堡城城市达到2级 + 对应训练设施 + 本地官员军事行政≥45,地区制式武器+地区护甲,61,7,2.85,1.24,0,124,18,16,4,68,85,16,横队/盾墙,真实城市人口；招募后从劳动力人口转为军队人口,训练+真实战斗+生存+杀敌/协同功勋；不允许金币直接升级,默认制式；库存不足可降为普通/粗制；老兵、精锐、军官按优先级获得优良/精良；大师与传奇禁止批量配发,山岭堡城特色作战单位，获得本地地形与训练传统加成,离开擅长地形或补给环境后优势减弱,根据敌军兵种、地形、士气、补给和统帅技能决定是否投入；特殊兵种不得无脑全上,真实APK人物基础体 + 城市/家族色衣装层 + 实际武器/盾/甲 + 军衔标识；骑兵再叠加马匹、马具与骑姿帧；禁止仅换色冒充完全不同兵种
U043,矿道护军,3,步兵,山岭堡城,True,山岭堡城特色作战单位，获得本地地形与训练传统加成,山岭堡城城市达到2级 + 对应训练设施 + 本地官员军事行政≥45,地区制式武器+地区护甲,61,7,2.85,1.24,0,124,18,16,4,68,85,16,横队/盾墙,真实城市人口；招募后从劳动力人口转为军队人口,训练+真实战斗+生存+杀敌/协同功勋；不允许金币直接升级,默认制式；库存不足可降为普通/粗制；老兵、精锐、军官按优先级获得优良/精良；大师与传奇禁止批量配发,山岭堡城特色作战单位，获得本地地形与训练传统加成,离开擅长地形或补给环境后优势减弱,根据敌军兵种、地形、士气、补给和统帅技能决定是否投入；特殊兵种不得无脑全上,真实APK人物基础体 + 城市/家族色衣装层 + 实际武器/盾/甲 + 军衔标识；骑兵再叠加马匹、马具与骑姿帧；禁止仅换色冒充完全不同兵种
U044,峡谷伏锐,3,步兵,山岭堡城,True,山岭堡城特色作战单位，获得本地地形与训练传统加成,山岭堡城城市达到2级 + 对应训练设施 + 本地官员军事行政≥45,地区制式武器+地区护甲,61,7,2.85,1.24,0,124,18,16,4,68,85,16,横队/盾墙,真实城市人口；招募后从劳动力人口转为军队人口,训练+真实战斗+生存+杀敌/协同功勋；不允许金币直接升级,默认制式；库存不足可降为普通/粗制；老兵、精锐、军官按优先级获得优良/精良；大师与传奇禁止批量配发,山岭堡城特色作战单位，获得本地地形与训练传统加成,离开擅长地形或补给环境后优势减弱,根据敌军兵种、地形、士气、补给和统帅技能决定是否投入；特殊兵种不得无脑全上,真实APK人物基础体 + 城市/家族色衣装层 + 实际武器/盾/甲 + 军衔标识；骑兵再叠加马匹、马具与骑姿帧；禁止仅换色冒充完全不同兵种
U045,清河弩卫,3,远程,河谷商都,True,河谷商都特色作战单位，获得本地地形与训练传统加成,河谷商都城市达到2级 + 对应训练设施 + 本地官员军事行政≥45,地区制式武器+地区护甲,61,7,2.85,1.24,0,106,20,11,4,63,77,16,散开射线/后排齐射,真实城市人口；招募后从劳动力人口转为军队人口,训练+真实战斗+生存+杀敌/协同功勋；不允许金币直接升级,默认制式；库存不足可降为普通/粗制；老兵、精锐、军官按优先级获得优良/精良；大师与传奇禁止批量配发,河谷商都特色作战单位，获得本地地形与训练传统加成,离开擅长地形或补给环境后优势减弱,根据敌军兵种、地形、士气、补给和统帅技能决定是否投入；特殊兵种不得无脑全上,真实APK人物基础体 + 城市/家族色衣装层 + 实际武器/盾/甲 + 军衔标识；骑兵再叠加马匹、马具与骑姿帧；禁止仅换色冒充完全不同兵种
U046,津桥枪阵,3,枪矛,河谷商都,True,河谷商都特色作战单位，获得本地地形与训练传统加成,河谷商都城市达到2级 + 对应训练设施 + 本地官员军事行政≥45,地区制式武器+地区护甲,61,7,2.85,1.24,0,119,19,15,3,70,83,16,枪阵/横队,真实城市人口；招募后从劳动力人口转为军队人口,训练+真实战斗+生存+杀敌/协同功勋；不允许金币直接升级,默认制式；库存不足可降为普通/粗制；老兵、精锐、军官按优先级获得优良/精良；大师与传奇禁止批量配发,河谷商都特色作战单位，获得本地地形与训练传统加成,离开擅长地形或补给环境后优势减弱,根据敌军兵种、地形、士气、补给和统帅技能决定是否投入；特殊兵种不得无脑全上,真实APK人物基础体 + 城市/家族色衣装层 + 实际武器/盾/甲 + 军衔标识；骑兵再叠加马匹、马具与骑姿帧；禁止仅换色冒充完全不同兵种
U047,商旅护军,3,步兵,河谷商都,True,河谷商都特色作战单位，获得本地地形与训练传统加成,河谷商都城市达到2级 + 对应训练设施 + 本地官员军事行政≥45,地区制式武器+地区护甲,61,7,2.85,1.24,0,124,18,16,4,68,85,16,横队/盾墙,真实城市人口；招募后从劳动力人口转为军队人口,训练+真实战斗+生存+杀敌/协同功勋；不允许金币直接升级,默认制式；库存不足可降为普通/粗制；老兵、精锐、军官按优先级获得优良/精良；大师与传奇禁止批量配发,河谷商都特色作战单位，获得本地地形与训练传统加成,离开擅长地形或补给环境后优势减弱,根据敌军兵种、地形、士气、补给和统帅技能决定是否投入；特殊兵种不得无脑全上,真实APK人物基础体 + 城市/家族色衣装层 + 实际武器/盾/甲 + 军衔标识；骑兵再叠加马匹、马具与骑姿帧；禁止仅换色冒充完全不同兵种
U048,河堤守卒,3,守城,河谷商都,True,河谷商都特色作战单位，获得本地地形与训练传统加成,河谷商都城市达到2级 + 对应训练设施 + 本地官员军事行政≥45,地区制式武器+地区护甲,61,7,2.85,1.24,0,129,17,19,3,76,87,16,城墙分队/门区密阵,真实城市人口；招募后从劳动力人口转为军队人口,训练+真实战斗+生存+杀敌/协同功勋；不允许金币直接升级,默认制式；库存不足可降为普通/粗制；老兵、精锐、军官按优先级获得优良/精良；大师与传奇禁止批量配发,河谷商都特色作战单位，获得本地地形与训练传统加成,离开擅长地形或补给环境后优势减弱,根据敌军兵种、地形、士气、补给和统帅技能决定是否投入；特殊兵种不得无脑全上,真实APK人物基础体 + 城市/家族色衣装层 + 实际武器/盾/甲 + 军衔标识；骑兵再叠加马匹、马具与骑姿帧；禁止仅换色冒充完全不同兵种
U049,驿道轻骑,3,骑兵,河谷商都,True,河谷商都特色作战单位，获得本地地形与训练传统加成,河谷商都城市达到2级 + 对应训练设施 + 本地官员军事行政≥45,地区制式武器+地区护甲,73,7,3.35,1.44,1,129,21,15,8,76,90,12,楔形/横队,真实城市人口；招募后从劳动力人口转为军队人口,训练+真实战斗+生存+杀敌/协同功勋；不允许金币直接升级,默认制式；库存不足可降为普通/粗制；老兵、精锐、军官按优先级获得优良/精良；大师与传奇禁止批量配发,河谷商都特色作战单位，获得本地地形与训练传统加成,离开擅长地形或补给环境后优势减弱,根据敌军兵种、地形、士气、补给和统帅技能决定是否投入；特殊兵种不得无脑全上,真实APK人物基础体 + 城市/家族色衣装层 + 实际武器/盾/甲 + 军衔标识；骑兵再叠加马匹、马具与骑姿帧；禁止仅换色冒充完全不同兵种
U050,仓城盾卫,3,步兵,河谷商都,True,河谷商都特色作战单位，获得本地地形与训练传统加成,河谷商都城市达到2级 + 对应训练设施 + 本地官员军事行政≥45,地区制式武器+地区护甲,61,7,2.85,1.24,0,124,18,16,4,68,85,16,横队/盾墙,真实城市人口；招募后从劳动力人口转为军队人口,训练+真实战斗+生存+杀敌/协同功勋；不允许金币直接升级,默认制式；库存不足可降为普通/粗制；老兵、精锐、军官按优先级获得优良/精良；大师与传奇禁止批量配发,河谷商都特色作战单位，获得本地地形与训练传统加成,离开擅长地形或补给环境后优势减弱,根据敌军兵种、地形、士气、补给和统帅技能决定是否投入；特殊兵种不得无脑全上,真实APK人物基础体 + 城市/家族色衣装层 + 实际武器/盾/甲 + 军衔标识；骑兵再叠加马匹、马具与骑姿帧；禁止仅换色冒充完全不同兵种
U051,关税巡卫,3,步兵,河谷商都,True,河谷商都特色作战单位，获得本地地形与训练传统加成,河谷商都城市达到2级 + 对应训练设施 + 本地官员军事行政≥45,地区制式武器+地区护甲,61,7,2.85,1.24,0,124,18,16,4,68,85,16,横队/盾墙,真实城市人口；招募后从劳动力人口转为军队人口,训练+真实战斗+生存+杀敌/协同功勋；不允许金币直接升级,默认制式；库存不足可降为普通/粗制；老兵、精锐、军官按优先级获得优良/精良；大师与传奇禁止批量配发,河谷商都特色作战单位，获得本地地形与训练传统加成,离开擅长地形或补给环境后优势减弱,根据敌军兵种、地形、士气、补给和统帅技能决定是否投入；特殊兵种不得无脑全上,真实APK人物基础体 + 城市/家族色衣装层 + 实际武器/盾/甲 + 军衔标识；骑兵再叠加马匹、马具与骑姿帧；禁止仅换色冒充完全不同兵种
U052,河运行卒,3,步兵,河谷商都,True,河谷商都特色作战单位，获得本地地形与训练传统加成,河谷商都城市达到2级 + 对应训练设施 + 本地官员军事行政≥45,地区制式武器+地区护甲,61,7,2.85,1.24,0,124,18,16,4,68,85,16,横队/盾墙,真实城市人口；招募后从劳动力人口转为军队人口,训练+真实战斗+生存+杀敌/协同功勋；不允许金币直接升级,默认制式；库存不足可降为普通/粗制；老兵、精锐、军官按优先级获得优良/精良；大师与传奇禁止批量配发,河谷商都特色作战单位，获得本地地形与训练传统加成,离开擅长地形或补给环境后优势减弱,根据敌军兵种、地形、士气、补给和统帅技能决定是否投入；特殊兵种不得无脑全上,真实APK人物基础体 + 城市/家族色衣装层 + 实际武器/盾/甲 + 军衔标识；骑兵再叠加马匹、马具与骑姿帧；禁止仅换色冒充完全不同兵种
U053,玄松猎士,3,步兵,森林猎镇,True,森林猎镇特色作战单位，获得本地地形与训练传统加成,森林猎镇城市达到2级 + 对应训练设施 + 本地官员军事行政≥45,地区制式武器+地区护甲,61,7,2.85,1.24,0,124,18,16,4,68,85,16,横队/盾墙,真实城市人口；招募后从劳动力人口转为军队人口,训练+真实战斗+生存+杀敌/协同功勋；不允许金币直接升级,默认制式；库存不足可降为普通/粗制；老兵、精锐、军官按优先级获得优良/精良；大师与传奇禁止批量配发,森林猎镇特色作战单位，获得本地地形与训练传统加成,离开擅长地形或补给环境后优势减弱,根据敌军兵种、地形、士气、补给和统帅技能决定是否投入；特殊兵种不得无脑全上,真实APK人物基础体 + 城市/家族色衣装层 + 实际武器/盾/甲 + 军衔标识；骑兵再叠加马匹、马具与骑姿帧；禁止仅换色冒充完全不同兵种
U054,苍林长弓,3,远程,森林猎镇,True,森林猎镇特色作战单位，获得本地地形与训练传统加成,森林猎镇城市达到2级 + 对应训练设施 + 本地官员军事行政≥45,地区制式武器+地区护甲,61,7,2.85,1.24,0,106,20,11,4,63,77,16,散开射线/后排齐射,真实城市人口；招募后从劳动力人口转为军队人口,训练+真实战斗+生存+杀敌/协同功勋；不允许金币直接升级,默认制式；库存不足可降为普通/粗制；老兵、精锐、军官按优先级获得优良/精良；大师与传奇禁止批量配发,森林猎镇特色作战单位，获得本地地形与训练传统加成,离开擅长地形或补给环境后优势减弱,根据敌军兵种、地形、士气、补给和统帅技能决定是否投入；特殊兵种不得无脑全上,真实APK人物基础体 + 城市/家族色衣装层 + 实际武器/盾/甲 + 军衔标识；骑兵再叠加马匹、马具与骑姿帧；禁止仅换色冒充完全不同兵种
U055,踏叶斥候,2,侦察,森林猎镇,True,森林猎镇特色作战单位，获得本地地形与训练传统加成,森林猎镇城市达到2级 + 对应训练设施 + 本地官员军事行政≥45,地区制式武器+地区护甲,49,6,2.3,1.16,0,96,13,9,8,59,78,12,散兵,真实城市人口；招募后从劳动力人口转为军队人口,训练+真实战斗+生存+杀敌/协同功勋；不允许金币直接升级,默认制式；库存不足可降为普通/粗制；老兵、精锐、军官按优先级获得优良/精良；大师与传奇禁止批量配发,森林猎镇特色作战单位，获得本地地形与训练传统加成,离开擅长地形或补给环境后优势减弱,根据敌军兵种、地形、士气、补给和统帅技能决定是否投入；特殊兵种不得无脑全上,真实APK人物基础体 + 城市/家族色衣装层 + 实际武器/盾/甲 + 军衔标识；骑兵再叠加马匹、马具与骑姿帧；禁止仅换色冒充完全不同兵种
U056,林径刀手,3,步兵,森林猎镇,True,森林猎镇特色作战单位，获得本地地形与训练传统加成,森林猎镇城市达到2级 + 对应训练设施 + 本地官员军事行政≥45,地区制式武器+地区护甲,61,7,2.85,1.24,0,124,18,16,4,68,85,16,横队/盾墙,真实城市人口；招募后从劳动力人口转为军队人口,训练+真实战斗+生存+杀敌/协同功勋；不允许金币直接升级,默认制式；库存不足可降为普通/粗制；老兵、精锐、军官按优先级获得优良/精良；大师与传奇禁止批量配发,森林猎镇特色作战单位，获得本地地形与训练传统加成,离开擅长地形或补给环境后优势减弱,根据敌军兵种、地形、士气、补给和统帅技能决定是否投入；特殊兵种不得无脑全上,真实APK人物基础体 + 城市/家族色衣装层 + 实际武器/盾/甲 + 军衔标识；骑兵再叠加马匹、马具与骑姿帧；禁止仅换色冒充完全不同兵种
U057,猎团枪手,3,枪矛,森林猎镇,True,森林猎镇特色作战单位，获得本地地形与训练传统加成,森林猎镇城市达到2级 + 对应训练设施 + 本地官员军事行政≥45,地区制式武器+地区护甲,61,7,2.85,1.24,0,119,19,15,3,70,83,16,枪阵/横队,真实城市人口；招募后从劳动力人口转为军队人口,训练+真实战斗+生存+杀敌/协同功勋；不允许金币直接升级,默认制式；库存不足可降为普通/粗制；老兵、精锐、军官按优先级获得优良/精良；大师与传奇禁止批量配发,森林猎镇特色作战单位，获得本地地形与训练传统加成,离开擅长地形或补给环境后优势减弱,根据敌军兵种、地形、士气、补给和统帅技能决定是否投入；特殊兵种不得无脑全上,真实APK人物基础体 + 城市/家族色衣装层 + 实际武器/盾/甲 + 军衔标识；骑兵再叠加马匹、马具与骑姿帧；禁止仅换色冒充完全不同兵种
U058,林野轻骑,3,骑兵,森林猎镇,True,森林猎镇特色作战单位，获得本地地形与训练传统加成,森林猎镇城市达到2级 + 对应训练设施 + 本地官员军事行政≥45,地区制式武器+地区护甲,73,7,3.35,1.44,1,129,21,15,8,76,90,12,楔形/横队,真实城市人口；招募后从劳动力人口转为军队人口,训练+真实战斗+生存+杀敌/协同功勋；不允许金币直接升级,默认制式；库存不足可降为普通/粗制；老兵、精锐、军官按优先级获得优良/精良；大师与传奇禁止批量配发,森林猎镇特色作战单位，获得本地地形与训练传统加成,离开擅长地形或补给环境后优势减弱,根据敌军兵种、地形、士气、补给和统帅技能决定是否投入；特殊兵种不得无脑全上,真实APK人物基础体 + 城市/家族色衣装层 + 实际武器/盾/甲 + 军衔标识；骑兵再叠加马匹、马具与骑姿帧；禁止仅换色冒充完全不同兵种
U059,护林盾卒,3,步兵,森林猎镇,True,森林猎镇特色作战单位，获得本地地形与训练传统加成,森林猎镇城市达到2级 + 对应训练设施 + 本地官员军事行政≥45,地区制式武器+地区护甲,61,7,2.85,1.24,0,124,18,16,4,68,85,16,横队/盾墙,真实城市人口；招募后从劳动力人口转为军队人口,训练+真实战斗+生存+杀敌/协同功勋；不允许金币直接升级,默认制式；库存不足可降为普通/粗制；老兵、精锐、军官按优先级获得优良/精良；大师与传奇禁止批量配发,森林猎镇特色作战单位，获得本地地形与训练传统加成,离开擅长地形或补给环境后优势减弱,根据敌军兵种、地形、士气、补给和统帅技能决定是否投入；特殊兵种不得无脑全上,真实APK人物基础体 + 城市/家族色衣装层 + 实际武器/盾/甲 + 军衔标识；骑兵再叠加马匹、马具与骑姿帧；禁止仅换色冒充完全不同兵种
U060,伏林弩手,3,远程,森林猎镇,True,森林猎镇特色作战单位，获得本地地形与训练传统加成,森林猎镇城市达到2级 + 对应训练设施 + 本地官员军事行政≥45,地区制式武器+地区护甲,61,7,2.85,1.24,0,106,20,11,4,63,77,16,散开射线/后排齐射,真实城市人口；招募后从劳动力人口转为军队人口,训练+真实战斗+生存+杀敌/协同功勋；不允许金币直接升级,默认制式；库存不足可降为普通/粗制；老兵、精锐、军官按优先级获得优良/精良；大师与传奇禁止批量配发,森林猎镇特色作战单位，获得本地地形与训练传统加成,离开擅长地形或补给环境后优势减弱,根据敌军兵种、地形、士气、补给和统帅技能决定是否投入；特殊兵种不得无脑全上,真实APK人物基础体 + 城市/家族色衣装层 + 实际武器/盾/甲 + 军衔标识；骑兵再叠加马匹、马具与骑姿帧；禁止仅换色冒充完全不同兵种
U061,逐风轻骑,3,骑兵,草原牧城,True,草原牧城特色作战单位，获得本地地形与训练传统加成,草原牧城城市达到2级 + 对应训练设施 + 本地官员军事行政≥45,地区制式武器+地区护甲,73,7,3.35,1.44,1,129,21,15,8,76,90,12,楔形/横队,真实城市人口；招募后从劳动力人口转为军队人口,训练+真实战斗+生存+杀敌/协同功勋；不允许金币直接升级,默认制式；库存不足可降为普通/粗制；老兵、精锐、军官按优先级获得优良/精良；大师与传奇禁止批量配发,草原牧城特色作战单位，获得本地地形与训练传统加成,离开擅长地形或补给环境后优势减弱,根据敌军兵种、地形、士气、补给和统帅技能决定是否投入；特殊兵种不得无脑全上,真实APK人物基础体 + 城市/家族色衣装层 + 实际武器/盾/甲 + 军衔标识；骑兵再叠加马匹、马具与骑姿帧；禁止仅换色冒充完全不同兵种
U062,白翎骑射,3,骑兵,草原牧城,True,草原牧城特色作战单位，获得本地地形与训练传统加成,草原牧城城市达到2级 + 对应训练设施 + 本地官员军事行政≥45,地区制式武器+地区护甲,73,7,3.35,1.44,1,129,21,15,8,76,90,12,楔形/横队,真实城市人口；招募后从劳动力人口转为军队人口,训练+真实战斗+生存+杀敌/协同功勋；不允许金币直接升级,默认制式；库存不足可降为普通/粗制；老兵、精锐、军官按优先级获得优良/精良；大师与传奇禁止批量配发,草原牧城特色作战单位，获得本地地形与训练传统加成,离开擅长地形或补给环境后优势减弱,根据敌军兵种、地形、士气、补给和统帅技能决定是否投入；特殊兵种不得无脑全上,真实APK人物基础体 + 城市/家族色衣装层 + 实际武器/盾/甲 + 军衔标识；骑兵再叠加马匹、马具与骑姿帧；禁止仅换色冒充完全不同兵种
U063,长槊突骑,3,骑兵,草原牧城,True,草原牧城特色作战单位，获得本地地形与训练传统加成,草原牧城城市达到2级 + 对应训练设施 + 本地官员军事行政≥45,地区制式武器+地区护甲,73,7,3.35,1.44,1,129,21,15,8,76,90,12,楔形/横队,真实城市人口；招募后从劳动力人口转为军队人口,训练+真实战斗+生存+杀敌/协同功勋；不允许金币直接升级,默认制式；库存不足可降为普通/粗制；老兵、精锐、军官按优先级获得优良/精良；大师与传奇禁止批量配发,草原牧城特色作战单位，获得本地地形与训练传统加成,离开擅长地形或补给环境后优势减弱,根据敌军兵种、地形、士气、补给和统帅技能决定是否投入；特殊兵种不得无脑全上,真实APK人物基础体 + 城市/家族色衣装层 + 实际武器/盾/甲 + 军衔标识；骑兵再叠加马匹、马具与骑姿帧；禁止仅换色冒充完全不同兵种
U064,牧场骁骑,3,骑兵,草原牧城,True,草原牧城特色作战单位，获得本地地形与训练传统加成,草原牧城城市达到2级 + 对应训练设施 + 本地官员军事行政≥45,地区制式武器+地区护甲,73,7,3.35,1.44,1,129,21,15,8,76,90,12,楔形/横队,真实城市人口；招募后从劳动力人口转为军队人口,训练+真实战斗+生存+杀敌/协同功勋；不允许金币直接升级,默认制式；库存不足可降为普通/粗制；老兵、精锐、军官按优先级获得优良/精良；大师与传奇禁止批量配发,草原牧城特色作战单位，获得本地地形与训练传统加成,离开擅长地形或补给环境后优势减弱,根据敌军兵种、地形、士气、补给和统帅技能决定是否投入；特殊兵种不得无脑全上,真实APK人物基础体 + 城市/家族色衣装层 + 实际武器/盾/甲 + 军衔标识；骑兵再叠加马匹、马具与骑姿帧；禁止仅换色冒充完全不同兵种
U065,鹰眼哨骑,2,侦察,草原牧城,True,草原牧城特色作战单位，获得本地地形与训练传统加成,草原牧城城市达到2级 + 对应训练设施 + 本地官员军事行政≥45,地区制式武器+地区护甲,49,6,2.3,1.16,0,96,13,9,8,59,78,12,散兵,真实城市人口；招募后从劳动力人口转为军队人口,训练+真实战斗+生存+杀敌/协同功勋；不允许金币直接升级,默认制式；库存不足可降为普通/粗制；老兵、精锐、军官按优先级获得优良/精良；大师与传奇禁止批量配发,草原牧城特色作战单位，获得本地地形与训练传统加成,离开擅长地形或补给环境后优势减弱,根据敌军兵种、地形、士气、补给和统帅技能决定是否投入；特殊兵种不得无脑全上,真实APK人物基础体 + 城市/家族色衣装层 + 实际武器/盾/甲 + 军衔标识；骑兵再叠加马匹、马具与骑姿帧；禁止仅换色冒充完全不同兵种
U066,草原轻枪,3,枪矛,草原牧城,True,草原牧城特色作战单位，获得本地地形与训练传统加成,草原牧城城市达到2级 + 对应训练设施 + 本地官员军事行政≥45,地区制式武器+地区护甲,61,7,2.85,1.24,0,119,19,15,3,70,83,16,枪阵/横队,真实城市人口；招募后从劳动力人口转为军队人口,训练+真实战斗+生存+杀敌/协同功勋；不允许金币直接升级,默认制式；库存不足可降为普通/粗制；老兵、精锐、军官按优先级获得优良/精良；大师与传奇禁止批量配发,草原牧城特色作战单位，获得本地地形与训练传统加成,离开擅长地形或补给环境后优势减弱,根据敌军兵种、地形、士气、补给和统帅技能决定是否投入；特殊兵种不得无脑全上,真实APK人物基础体 + 城市/家族色衣装层 + 实际武器/盾/甲 + 军衔标识；骑兵再叠加马匹、马具与骑姿帧；禁止仅换色冒充完全不同兵种
U067,鹰纛宿骑,3,骑兵,草原牧城,True,草原牧城特色作战单位，获得本地地形与训练传统加成,草原牧城城市达到2级 + 对应训练设施 + 本地官员军事行政≥45,地区制式武器+地区护甲,73,7,3.35,1.44,1,129,21,15,8,76,90,12,楔形/横队,真实城市人口；招募后从劳动力人口转为军队人口,训练+真实战斗+生存+杀敌/协同功勋；不允许金币直接升级,默认制式；库存不足可降为普通/粗制；老兵、精锐、军官按优先级获得优良/精良；大师与传奇禁止批量配发,草原牧城特色作战单位，获得本地地形与训练传统加成,离开擅长地形或补给环境后优势减弱,根据敌军兵种、地形、士气、补给和统帅技能决定是否投入；特殊兵种不得无脑全上,真实APK人物基础体 + 城市/家族色衣装层 + 实际武器/盾/甲 + 军衔标识；骑兵再叠加马匹、马具与骑姿帧；禁止仅换色冒充完全不同兵种
U068,铁甲牧骑,3,骑兵,草原牧城,True,草原牧城特色作战单位，获得本地地形与训练传统加成,草原牧城城市达到2级 + 对应训练设施 + 本地官员军事行政≥45,地区制式武器+地区护甲,73,7,3.35,1.44,1,129,21,15,8,76,90,12,楔形/横队,真实城市人口；招募后从劳动力人口转为军队人口,训练+真实战斗+生存+杀敌/协同功勋；不允许金币直接升级,默认制式；库存不足可降为普通/粗制；老兵、精锐、军官按优先级获得优良/精良；大师与传奇禁止批量配发,草原牧城特色作战单位，获得本地地形与训练传统加成,离开擅长地形或补给环境后优势减弱,根据敌军兵种、地形、士气、补给和统帅技能决定是否投入；特殊兵种不得无脑全上,真实APK人物基础体 + 城市/家族色衣装层 + 实际武器/盾/甲 + 军衔标识；骑兵再叠加马匹、马具与骑姿帧；禁止仅换色冒充完全不同兵种
U069,沧港弩卫,3,远程,海港贸易城,True,海港贸易城特色作战单位，获得本地地形与训练传统加成,海港贸易城城市达到2级 + 对应训练设施 + 本地官员军事行政≥45,地区制式武器+地区护甲,61,7,2.85,1.24,0,106,20,11,4,63,77,16,散开射线/后排齐射,真实城市人口；招募后从劳动力人口转为军队人口,训练+真实战斗+生存+杀敌/协同功勋；不允许金币直接升级,默认制式；库存不足可降为普通/粗制；老兵、精锐、军官按优先级获得优良/精良；大师与传奇禁止批量配发,海港贸易城特色作战单位，获得本地地形与训练传统加成,离开擅长地形或补给环境后优势减弱,根据敌军兵种、地形、士气、补给和统帅技能决定是否投入；特殊兵种不得无脑全上,真实APK人物基础体 + 城市/家族色衣装层 + 实际武器/盾/甲 + 军衔标识；骑兵再叠加马匹、马具与骑姿帧；禁止仅换色冒充完全不同兵种
U070,海贸刀卫,3,步兵,海港贸易城,True,海港贸易城特色作战单位，获得本地地形与训练传统加成,海港贸易城城市达到2级 + 对应训练设施 + 本地官员军事行政≥45,地区制式武器+地区护甲,61,7,2.85,1.24,0,124,18,16,4,68,85,16,横队/盾墙,真实城市人口；招募后从劳动力人口转为军队人口,训练+真实战斗+生存+杀敌/协同功勋；不允许金币直接升级,默认制式；库存不足可降为普通/粗制；老兵、精锐、军官按优先级获得优良/精良；大师与传奇禁止批量配发,海港贸易城特色作战单位，获得本地地形与训练传统加成,离开擅长地形或补给环境后优势减弱,根据敌军兵种、地形、士气、补给和统帅技能决定是否投入；特殊兵种不得无脑全上,真实APK人物基础体 + 城市/家族色衣装层 + 实际武器/盾/甲 + 军衔标识；骑兵再叠加马匹、马具与骑姿帧；禁止仅换色冒充完全不同兵种
U071,栈桥枪卒,3,枪矛,海港贸易城,True,海港贸易城特色作战单位，获得本地地形与训练传统加成,海港贸易城城市达到2级 + 对应训练设施 + 本地官员军事行政≥45,地区制式武器+地区护甲,61,7,2.85,1.24,0,119,19,15,3,70,83,16,枪阵/横队,真实城市人口；招募后从劳动力人口转为军队人口,训练+真实战斗+生存+杀敌/协同功勋；不允许金币直接升级,默认制式；库存不足可降为普通/粗制；老兵、精锐、军官按优先级获得优良/精良；大师与传奇禁止批量配发,海港贸易城特色作战单位，获得本地地形与训练传统加成,离开擅长地形或补给环境后优势减弱,根据敌军兵种、地形、士气、补给和统帅技能决定是否投入；特殊兵种不得无脑全上,真实APK人物基础体 + 城市/家族色衣装层 + 实际武器/盾/甲 + 军衔标识；骑兵再叠加马匹、马具与骑姿帧；禁止仅换色冒充完全不同兵种
U072,仓湾盾卫,3,步兵,海港贸易城,True,海港贸易城特色作战单位，获得本地地形与训练传统加成,海港贸易城城市达到2级 + 对应训练设施 + 本地官员军事行政≥45,地区制式武器+地区护甲,61,7,2.85,1.24,0,124,18,16,4,68,85,16,横队/盾墙,真实城市人口；招募后从劳动力人口转为军队人口,训练+真实战斗+生存+杀敌/协同功勋；不允许金币直接升级,默认制式；库存不足可降为普通/粗制；老兵、精锐、军官按优先级获得优良/精良；大师与传奇禁止批量配发,海港贸易城特色作战单位，获得本地地形与训练传统加成,离开擅长地形或补给环境后优势减弱,根据敌军兵种、地形、士气、补给和统帅技能决定是否投入；特殊兵种不得无脑全上,真实APK人物基础体 + 城市/家族色衣装层 + 实际武器/盾/甲 + 军衔标识；骑兵再叠加马匹、马具与骑姿帧；禁止仅换色冒充完全不同兵种
U073,沿岸轻骑,3,骑兵,海港贸易城,True,海港贸易城特色作战单位，获得本地地形与训练传统加成,海港贸易城城市达到2级 + 对应训练设施 + 本地官员军事行政≥45,地区制式武器+地区护甲,73,7,3.35,1.44,1,129,21,15,8,76,90,12,楔形/横队,真实城市人口；招募后从劳动力人口转为军队人口,训练+真实战斗+生存+杀敌/协同功勋；不允许金币直接升级,默认制式；库存不足可降为普通/粗制；老兵、精锐、军官按优先级获得优良/精良；大师与传奇禁止批量配发,海港贸易城特色作战单位，获得本地地形与训练传统加成,离开擅长地形或补给环境后优势减弱,根据敌军兵种、地形、士气、补给和统帅技能决定是否投入；特殊兵种不得无脑全上,真实APK人物基础体 + 城市/家族色衣装层 + 实际武器/盾/甲 + 军衔标识；骑兵再叠加马匹、马具与骑姿帧；禁止仅换色冒充完全不同兵种
U074,外港募勇,3,步兵,海港贸易城,True,海港贸易城特色作战单位，获得本地地形与训练传统加成,海港贸易城城市达到2级 + 对应训练设施 + 本地官员军事行政≥45,地区制式武器+地区护甲,61,7,2.85,1.24,0,124,18,16,4,68,85,16,横队/盾墙,真实城市人口；招募后从劳动力人口转为军队人口,训练+真实战斗+生存+杀敌/协同功勋；不允许金币直接升级,默认制式；库存不足可降为普通/粗制；老兵、精锐、军官按优先级获得优良/精良；大师与传奇禁止批量配发,海港贸易城特色作战单位，获得本地地形与训练传统加成,离开擅长地形或补给环境后优势减弱,根据敌军兵种、地形、士气、补给和统帅技能决定是否投入；特殊兵种不得无脑全上,真实APK人物基础体 + 城市/家族色衣装层 + 实际武器/盾/甲 + 军衔标识；骑兵再叠加马匹、马具与骑姿帧；禁止仅换色冒充完全不同兵种
U075,灯塔守卒,3,守城,海港贸易城,True,海港贸易城特色作战单位，获得本地地形与训练传统加成,海港贸易城城市达到2级 + 对应训练设施 + 本地官员军事行政≥45,地区制式武器+地区护甲,61,7,2.85,1.24,0,129,17,19,3,76,87,16,城墙分队/门区密阵,真实城市人口；招募后从劳动力人口转为军队人口,训练+真实战斗+生存+杀敌/协同功勋；不允许金币直接升级,默认制式；库存不足可降为普通/粗制；老兵、精锐、军官按优先级获得优良/精良；大师与传奇禁止批量配发,海港贸易城特色作战单位，获得本地地形与训练传统加成,离开擅长地形或补给环境后优势减弱,根据敌军兵种、地形、士气、补给和统帅技能决定是否投入；特殊兵种不得无脑全上,真实APK人物基础体 + 城市/家族色衣装层 + 实际武器/盾/甲 + 军衔标识；骑兵再叠加马匹、马具与骑姿帧；禁止仅换色冒充完全不同兵种
U076,海关劲弩,3,远程,海港贸易城,True,海港贸易城特色作战单位，获得本地地形与训练传统加成,海港贸易城城市达到2级 + 对应训练设施 + 本地官员军事行政≥45,地区制式武器+地区护甲,61,7,2.85,1.24,0,106,20,11,4,63,77,16,散开射线/后排齐射,真实城市人口；招募后从劳动力人口转为军队人口,训练+真实战斗+生存+杀敌/协同功勋；不允许金币直接升级,默认制式；库存不足可降为普通/粗制；老兵、精锐、军官按优先级获得优良/精良；大师与传奇禁止批量配发,海港贸易城特色作战单位，获得本地地形与训练传统加成,离开擅长地形或补给环境后优势减弱,根据敌军兵种、地形、士气、补给和统帅技能决定是否投入；特殊兵种不得无脑全上,真实APK人物基础体 + 城市/家族色衣装层 + 实际武器/盾/甲 + 军衔标识；骑兵再叠加马匹、马具与骑姿帧；禁止仅换色冒充完全不同兵种
U077,朔风盾士,3,步兵,寒原边塞,True,寒原边塞特色作战单位，获得本地地形与训练传统加成,寒原边塞城市达到2级 + 对应训练设施 + 本地官员军事行政≥45,地区制式武器+地区护甲,61,7,2.85,1.24,0,124,18,16,4,68,85,16,横队/盾墙,真实城市人口；招募后从劳动力人口转为军队人口,训练+真实战斗+生存+杀敌/协同功勋；不允许金币直接升级,默认制式；库存不足可降为普通/粗制；老兵、精锐、军官按优先级获得优良/精良；大师与传奇禁止批量配发,寒原边塞特色作战单位，获得本地地形与训练传统加成,离开擅长地形或补给环境后优势减弱,根据敌军兵种、地形、士气、补给和统帅技能决定是否投入；特殊兵种不得无脑全上,真实APK人物基础体 + 城市/家族色衣装层 + 实际武器/盾/甲 + 军衔标识；骑兵再叠加马匹、马具与骑姿帧；禁止仅换色冒充完全不同兵种
U078,雪岭长枪,3,枪矛,寒原边塞,True,寒原边塞特色作战单位，获得本地地形与训练传统加成,寒原边塞城市达到2级 + 对应训练设施 + 本地官员军事行政≥45,地区制式武器+地区护甲,61,7,2.85,1.24,0,119,19,15,3,70,83,16,枪阵/横队,真实城市人口；招募后从劳动力人口转为军队人口,训练+真实战斗+生存+杀敌/协同功勋；不允许金币直接升级,默认制式；库存不足可降为普通/粗制；老兵、精锐、军官按优先级获得优良/精良；大师与传奇禁止批量配发,寒原边塞特色作战单位，获得本地地形与训练传统加成,离开擅长地形或补给环境后优势减弱,根据敌军兵种、地形、士气、补给和统帅技能决定是否投入；特殊兵种不得无脑全上,真实APK人物基础体 + 城市/家族色衣装层 + 实际武器/盾/甲 + 军衔标识；骑兵再叠加马匹、马具与骑姿帧；禁止仅换色冒充完全不同兵种
U079,寒鸦斥候,2,侦察,寒原边塞,True,寒原边塞特色作战单位，获得本地地形与训练传统加成,寒原边塞城市达到2级 + 对应训练设施 + 本地官员军事行政≥45,地区制式武器+地区护甲,49,6,2.3,1.16,0,96,13,9,8,59,78,12,散兵,真实城市人口；招募后从劳动力人口转为军队人口,训练+真实战斗+生存+杀敌/协同功勋；不允许金币直接升级,默认制式；库存不足可降为普通/粗制；老兵、精锐、军官按优先级获得优良/精良；大师与传奇禁止批量配发,寒原边塞特色作战单位，获得本地地形与训练传统加成,离开擅长地形或补给环境后优势减弱,根据敌军兵种、地形、士气、补给和统帅技能决定是否投入；特殊兵种不得无脑全上,真实APK人物基础体 + 城市/家族色衣装层 + 实际武器/盾/甲 + 军衔标识；骑兵再叠加马匹、马具与骑姿帧；禁止仅换色冒充完全不同兵种
U080,霜羽弓手,3,远程,寒原边塞,True,寒原边塞特色作战单位，获得本地地形与训练传统加成,寒原边塞城市达到2级 + 对应训练设施 + 本地官员军事行政≥45,地区制式武器+地区护甲,61,7,2.85,1.24,0,106,20,11,4,63,77,16,散开射线/后排齐射,真实城市人口；招募后从劳动力人口转为军队人口,训练+真实战斗+生存+杀敌/协同功勋；不允许金币直接升级,默认制式；库存不足可降为普通/粗制；老兵、精锐、军官按优先级获得优良/精良；大师与传奇禁止批量配发,寒原边塞特色作战单位，获得本地地形与训练传统加成,离开擅长地形或补给环境后优势减弱,根据敌军兵种、地形、士气、补给和统帅技能决定是否投入；特殊兵种不得无脑全上,真实APK人物基础体 + 城市/家族色衣装层 + 实际武器/盾/甲 + 军衔标识；骑兵再叠加马匹、马具与骑姿帧；禁止仅换色冒充完全不同兵种
U081,冰垒甲士,3,步兵,寒原边塞,True,寒原边塞特色作战单位，获得本地地形与训练传统加成,寒原边塞城市达到2级 + 对应训练设施 + 本地官员军事行政≥45,地区制式武器+地区护甲,61,7,2.85,1.24,0,124,18,16,4,68,85,16,横队/盾墙,真实城市人口；招募后从劳动力人口转为军队人口,训练+真实战斗+生存+杀敌/协同功勋；不允许金币直接升级,默认制式；库存不足可降为普通/粗制；老兵、精锐、军官按优先级获得优良/精良；大师与传奇禁止批量配发,寒原边塞特色作战单位，获得本地地形与训练传统加成,离开擅长地形或补给环境后优势减弱,根据敌军兵种、地形、士气、补给和统帅技能决定是否投入；特殊兵种不得无脑全上,真实APK人物基础体 + 城市/家族色衣装层 + 实际武器/盾/甲 + 军衔标识；骑兵再叠加马匹、马具与骑姿帧；禁止仅换色冒充完全不同兵种
U082,雪原巡骑,3,骑兵,寒原边塞,True,寒原边塞特色作战单位，获得本地地形与训练传统加成,寒原边塞城市达到2级 + 对应训练设施 + 本地官员军事行政≥45,地区制式武器+地区护甲,73,7,3.35,1.44,1,129,21,15,8,76,90,12,楔形/横队,真实城市人口；招募后从劳动力人口转为军队人口,训练+真实战斗+生存+杀敌/协同功勋；不允许金币直接升级,默认制式；库存不足可降为普通/粗制；老兵、精锐、军官按优先级获得优良/精良；大师与传奇禁止批量配发,寒原边塞特色作战单位，获得本地地形与训练传统加成,离开擅长地形或补给环境后优势减弱,根据敌军兵种、地形、士气、补给和统帅技能决定是否投入；特殊兵种不得无脑全上,真实APK人物基础体 + 城市/家族色衣装层 + 实际武器/盾/甲 + 军衔标识；骑兵再叠加马匹、马具与骑姿帧；禁止仅换色冒充完全不同兵种
U083,冬仓护粮,3,步兵,寒原边塞,True,寒原边塞特色作战单位，获得本地地形与训练传统加成,寒原边塞城市达到2级 + 对应训练设施 + 本地官员军事行政≥45,地区制式武器+地区护甲,61,7,2.85,1.24,0,124,18,16,4,68,85,16,横队/盾墙,真实城市人口；招募后从劳动力人口转为军队人口,训练+真实战斗+生存+杀敌/协同功勋；不允许金币直接升级,默认制式；库存不足可降为普通/粗制；老兵、精锐、军官按优先级获得优良/精良；大师与传奇禁止批量配发,寒原边塞特色作战单位，获得本地地形与训练传统加成,离开擅长地形或补给环境后优势减弱,根据敌军兵种、地形、士气、补给和统帅技能决定是否投入；特殊兵种不得无脑全上,真实APK人物基础体 + 城市/家族色衣装层 + 实际武器/盾/甲 + 军衔标识；骑兵再叠加马匹、马具与骑姿帧；禁止仅换色冒充完全不同兵种
U084,白霜宿卫,3,步兵,寒原边塞,True,寒原边塞特色作战单位，获得本地地形与训练传统加成,寒原边塞城市达到2级 + 对应训练设施 + 本地官员军事行政≥45,地区制式武器+地区护甲,61,7,2.85,1.24,0,124,18,16,4,68,85,16,横队/盾墙,真实城市人口；招募后从劳动力人口转为军队人口,训练+真实战斗+生存+杀敌/协同功勋；不允许金币直接升级,默认制式；库存不足可降为普通/粗制；老兵、精锐、军官按优先级获得优良/精良；大师与传奇禁止批量配发,寒原边塞特色作战单位，获得本地地形与训练传统加成,离开擅长地形或补给环境后优势减弱,根据敌军兵种、地形、士气、补给和统帅技能决定是否投入；特殊兵种不得无脑全上,真实APK人物基础体 + 城市/家族色衣装层 + 实际武器/盾/甲 + 军衔标识；骑兵再叠加马匹、马具与骑姿帧；禁止仅换色冒充完全不同兵种
U085,沙海轻盾,3,步兵,绿洲商镇,True,绿洲商镇特色作战单位，获得本地地形与训练传统加成,绿洲商镇城市达到2级 + 对应训练设施 + 本地官员军事行政≥45,地区制式武器+地区护甲,61,7,2.85,1.24,0,124,18,16,4,68,85,16,横队/盾墙,真实城市人口；招募后从劳动力人口转为军队人口,训练+真实战斗+生存+杀敌/协同功勋；不允许金币直接升级,默认制式；库存不足可降为普通/粗制；老兵、精锐、军官按优先级获得优良/精良；大师与传奇禁止批量配发,绿洲商镇特色作战单位，获得本地地形与训练传统加成,离开擅长地形或补给环境后优势减弱,根据敌军兵种、地形、士气、补给和统帅技能决定是否投入；特殊兵种不得无脑全上,真实APK人物基础体 + 城市/家族色衣装层 + 实际武器/盾/甲 + 军衔标识；骑兵再叠加马匹、马具与骑姿帧；禁止仅换色冒充完全不同兵种
U086,绿洲掷枪,3,枪矛,绿洲商镇,True,绿洲商镇特色作战单位，获得本地地形与训练传统加成,绿洲商镇城市达到2级 + 对应训练设施 + 本地官员军事行政≥45,地区制式武器+地区护甲,61,7,2.85,1.24,0,119,19,15,3,70,83,16,枪阵/横队,真实城市人口；招募后从劳动力人口转为军队人口,训练+真实战斗+生存+杀敌/协同功勋；不允许金币直接升级,默认制式；库存不足可降为普通/粗制；老兵、精锐、军官按优先级获得优良/精良；大师与传奇禁止批量配发,绿洲商镇特色作战单位，获得本地地形与训练传统加成,离开擅长地形或补给环境后优势减弱,根据敌军兵种、地形、士气、补给和统帅技能决定是否投入；特殊兵种不得无脑全上,真实APK人物基础体 + 城市/家族色衣装层 + 实际武器/盾/甲 + 军衔标识；骑兵再叠加马匹、马具与骑姿帧；禁止仅换色冒充完全不同兵种
U087,驼铃斥候,2,侦察,绿洲商镇,True,绿洲商镇特色作战单位，获得本地地形与训练传统加成,绿洲商镇城市达到2级 + 对应训练设施 + 本地官员军事行政≥45,地区制式武器+地区护甲,49,6,2.3,1.16,0,96,13,9,8,59,78,12,散兵,真实城市人口；招募后从劳动力人口转为军队人口,训练+真实战斗+生存+杀敌/协同功勋；不允许金币直接升级,默认制式；库存不足可降为普通/粗制；老兵、精锐、军官按优先级获得优良/精良；大师与传奇禁止批量配发,绿洲商镇特色作战单位，获得本地地形与训练传统加成,离开擅长地形或补给环境后优势减弱,根据敌军兵种、地形、士气、补给和统帅技能决定是否投入；特殊兵种不得无脑全上,真实APK人物基础体 + 城市/家族色衣装层 + 实际武器/盾/甲 + 军衔标识；骑兵再叠加马匹、马具与骑姿帧；禁止仅换色冒充完全不同兵种
U088,黄沙游骑,3,骑兵,绿洲商镇,True,绿洲商镇特色作战单位，获得本地地形与训练传统加成,绿洲商镇城市达到2级 + 对应训练设施 + 本地官员军事行政≥45,地区制式武器+地区护甲,73,7,3.35,1.44,1,129,21,15,8,76,90,12,楔形/横队,真实城市人口；招募后从劳动力人口转为军队人口,训练+真实战斗+生存+杀敌/协同功勋；不允许金币直接升级,默认制式；库存不足可降为普通/粗制；老兵、精锐、军官按优先级获得优良/精良；大师与传奇禁止批量配发,绿洲商镇特色作战单位，获得本地地形与训练传统加成,离开擅长地形或补给环境后优势减弱,根据敌军兵种、地形、士气、补给和统帅技能决定是否投入；特殊兵种不得无脑全上,真实APK人物基础体 + 城市/家族色衣装层 + 实际武器/盾/甲 + 军衔标识；骑兵再叠加马匹、马具与骑姿帧；禁止仅换色冒充完全不同兵种
U089,泉井守卫,3,守城,绿洲商镇,True,绿洲商镇特色作战单位，获得本地地形与训练传统加成,绿洲商镇城市达到2级 + 对应训练设施 + 本地官员军事行政≥45,地区制式武器+地区护甲,61,7,2.85,1.24,0,129,17,19,3,76,87,16,城墙分队/门区密阵,真实城市人口；招募后从劳动力人口转为军队人口,训练+真实战斗+生存+杀敌/协同功勋；不允许金币直接升级,默认制式；库存不足可降为普通/粗制；老兵、精锐、军官按优先级获得优良/精良；大师与传奇禁止批量配发,绿洲商镇特色作战单位，获得本地地形与训练传统加成,离开擅长地形或补给环境后优势减弱,根据敌军兵种、地形、士气、补给和统帅技能决定是否投入；特殊兵种不得无脑全上,真实APK人物基础体 + 城市/家族色衣装层 + 实际武器/盾/甲 + 军衔标识；骑兵再叠加马匹、马具与骑姿帧；禁止仅换色冒充完全不同兵种
U090,商路劲弩,3,远程,绿洲商镇,True,绿洲商镇特色作战单位，获得本地地形与训练传统加成,绿洲商镇城市达到2级 + 对应训练设施 + 本地官员军事行政≥45,地区制式武器+地区护甲,61,7,2.85,1.24,0,106,20,11,4,63,77,16,散开射线/后排齐射,真实城市人口；招募后从劳动力人口转为军队人口,训练+真实战斗+生存+杀敌/协同功勋；不允许金币直接升级,默认制式；库存不足可降为普通/粗制；老兵、精锐、军官按优先级获得优良/精良；大师与传奇禁止批量配发,绿洲商镇特色作战单位，获得本地地形与训练传统加成,离开擅长地形或补给环境后优势减弱,根据敌军兵种、地形、士气、补给和统帅技能决定是否投入；特殊兵种不得无脑全上,真实APK人物基础体 + 城市/家族色衣装层 + 实际武器/盾/甲 + 军衔标识；骑兵再叠加马匹、马具与骑姿帧；禁止仅换色冒充完全不同兵种
U091,砾原长枪,3,枪矛,绿洲商镇,True,绿洲商镇特色作战单位，获得本地地形与训练传统加成,绿洲商镇城市达到2级 + 对应训练设施 + 本地官员军事行政≥45,地区制式武器+地区护甲,61,7,2.85,1.24,0,119,19,15,3,70,83,16,枪阵/横队,真实城市人口；招募后从劳动力人口转为军队人口,训练+真实战斗+生存+杀敌/协同功勋；不允许金币直接升级,默认制式；库存不足可降为普通/粗制；老兵、精锐、军官按优先级获得优良/精良；大师与传奇禁止批量配发,绿洲商镇特色作战单位，获得本地地形与训练传统加成,离开擅长地形或补给环境后优势减弱,根据敌军兵种、地形、士气、补给和统帅技能决定是否投入；特殊兵种不得无脑全上,真实APK人物基础体 + 城市/家族色衣装层 + 实际武器/盾/甲 + 军衔标识；骑兵再叠加马匹、马具与骑姿帧；禁止仅换色冒充完全不同兵种
U092,绿洲骁骑,3,骑兵,绿洲商镇,True,绿洲商镇特色作战单位，获得本地地形与训练传统加成,绿洲商镇城市达到2级 + 对应训练设施 + 本地官员军事行政≥45,地区制式武器+地区护甲,73,7,3.35,1.44,1,129,21,15,8,76,90,12,楔形/横队,真实城市人口；招募后从劳动力人口转为军队人口,训练+真实战斗+生存+杀敌/协同功勋；不允许金币直接升级,默认制式；库存不足可降为普通/粗制；老兵、精锐、军官按优先级获得优良/精良；大师与传奇禁止批量配发,绿洲商镇特色作战单位，获得本地地形与训练传统加成,离开擅长地形或补给环境后优势减弱,根据敌军兵种、地形、士气、补给和统帅技能决定是否投入；特殊兵种不得无脑全上,真实APK人物基础体 + 城市/家族色衣装层 + 实际武器/盾/甲 + 军衔标识；骑兵再叠加马匹、马具与骑姿帧；禁止仅换色冒充完全不同兵种
U093,芦泽弩手,3,远程,湖沼水乡,True,湖沼水乡特色作战单位，获得本地地形与训练传统加成,湖沼水乡城市达到2级 + 对应训练设施 + 本地官员军事行政≥45,地区制式武器+地区护甲,61,7,2.85,1.24,0,106,20,11,4,63,77,16,散开射线/后排齐射,真实城市人口；招募后从劳动力人口转为军队人口,训练+真实战斗+生存+杀敌/协同功勋；不允许金币直接升级,默认制式；库存不足可降为普通/粗制；老兵、精锐、军官按优先级获得优良/精良；大师与传奇禁止批量配发,湖沼水乡特色作战单位，获得本地地形与训练传统加成,离开擅长地形或补给环境后优势减弱,根据敌军兵种、地形、士气、补给和统帅技能决定是否投入；特殊兵种不得无脑全上,真实APK人物基础体 + 城市/家族色衣装层 + 实际武器/盾/甲 + 军衔标识；骑兵再叠加马匹、马具与骑姿帧；禁止仅换色冒充完全不同兵种
U094,水乡盾卒,3,步兵,湖沼水乡,True,湖沼水乡特色作战单位，获得本地地形与训练传统加成,湖沼水乡城市达到2级 + 对应训练设施 + 本地官员军事行政≥45,地区制式武器+地区护甲,61,7,2.85,1.24,0,124,18,16,4,68,85,16,横队/盾墙,真实城市人口；招募后从劳动力人口转为军队人口,训练+真实战斗+生存+杀敌/协同功勋；不允许金币直接升级,默认制式；库存不足可降为普通/粗制；老兵、精锐、军官按优先级获得优良/精良；大师与传奇禁止批量配发,湖沼水乡特色作战单位，获得本地地形与训练传统加成,离开擅长地形或补给环境后优势减弱,根据敌军兵种、地形、士气、补给和统帅技能决定是否投入；特殊兵种不得无脑全上,真实APK人物基础体 + 城市/家族色衣装层 + 实际武器/盾/甲 + 军衔标识；骑兵再叠加马匹、马具与骑姿帧；禁止仅换色冒充完全不同兵种
U095,湾桥枪卫,3,枪矛,湖沼水乡,True,湖沼水乡特色作战单位，获得本地地形与训练传统加成,湖沼水乡城市达到2级 + 对应训练设施 + 本地官员军事行政≥45,地区制式武器+地区护甲,61,7,2.85,1.24,0,119,19,15,3,70,83,16,枪阵/横队,真实城市人口；招募后从劳动力人口转为军队人口,训练+真实战斗+生存+杀敌/协同功勋；不允许金币直接升级,默认制式；库存不足可降为普通/粗制；老兵、精锐、军官按优先级获得优良/精良；大师与传奇禁止批量配发,湖沼水乡特色作战单位，获得本地地形与训练传统加成,离开擅长地形或补给环境后优势减弱,根据敌军兵种、地形、士气、补给和统帅技能决定是否投入；特殊兵种不得无脑全上,真实APK人物基础体 + 城市/家族色衣装层 + 实际武器/盾/甲 + 军衔标识；骑兵再叠加马匹、马具与骑姿帧；禁止仅换色冒充完全不同兵种
U096,泽行斥候,2,侦察,湖沼水乡,True,湖沼水乡特色作战单位，获得本地地形与训练传统加成,湖沼水乡城市达到2级 + 对应训练设施 + 本地官员军事行政≥45,地区制式武器+地区护甲,49,6,2.3,1.16,0,96,13,9,8,59,78,12,散兵,真实城市人口；招募后从劳动力人口转为军队人口,训练+真实战斗+生存+杀敌/协同功勋；不允许金币直接升级,默认制式；库存不足可降为普通/粗制；老兵、精锐、军官按优先级获得优良/精良；大师与传奇禁止批量配发,湖沼水乡特色作战单位，获得本地地形与训练传统加成,离开擅长地形或补给环境后优势减弱,根据敌军兵种、地形、士气、补给和统帅技能决定是否投入；特殊兵种不得无脑全上,真实APK人物基础体 + 城市/家族色衣装层 + 实际武器/盾/甲 + 军衔标识；骑兵再叠加马匹、马具与骑姿帧；禁止仅换色冒充完全不同兵种
U097,堤岸守卒,3,守城,湖沼水乡,True,湖沼水乡特色作战单位，获得本地地形与训练传统加成,湖沼水乡城市达到2级 + 对应训练设施 + 本地官员军事行政≥45,地区制式武器+地区护甲,61,7,2.85,1.24,0,129,17,19,3,76,87,16,城墙分队/门区密阵,真实城市人口；招募后从劳动力人口转为军队人口,训练+真实战斗+生存+杀敌/协同功勋；不允许金币直接升级,默认制式；库存不足可降为普通/粗制；老兵、精锐、军官按优先级获得优良/精良；大师与传奇禁止批量配发,湖沼水乡特色作战单位，获得本地地形与训练传统加成,离开擅长地形或补给环境后优势减弱,根据敌军兵种、地形、士气、补给和统帅技能决定是否投入；特殊兵种不得无脑全上,真实APK人物基础体 + 城市/家族色衣装层 + 实际武器/盾/甲 + 军衔标识；骑兵再叠加马匹、马具与骑姿帧；禁止仅换色冒充完全不同兵种
U098,浅滩游骑,3,骑兵,湖沼水乡,True,湖沼水乡特色作战单位，获得本地地形与训练传统加成,湖沼水乡城市达到2级 + 对应训练设施 + 本地官员军事行政≥45,地区制式武器+地区护甲,73,7,3.35,1.44,1,129,21,15,8,76,90,12,楔形/横队,真实城市人口；招募后从劳动力人口转为军队人口,训练+真实战斗+生存+杀敌/协同功勋；不允许金币直接升级,默认制式；库存不足可降为普通/粗制；老兵、精锐、军官按优先级获得优良/精良；大师与传奇禁止批量配发,湖沼水乡特色作战单位，获得本地地形与训练传统加成,离开擅长地形或补给环境后优势减弱,根据敌军兵种、地形、士气、补给和统帅技能决定是否投入；特殊兵种不得无脑全上,真实APK人物基础体 + 城市/家族色衣装层 + 实际武器/盾/甲 + 军衔标识；骑兵再叠加马匹、马具与骑姿帧；禁止仅换色冒充完全不同兵种
U099,湖湾弓手,3,远程,湖沼水乡,True,湖沼水乡特色作战单位，获得本地地形与训练传统加成,湖沼水乡城市达到2级 + 对应训练设施 + 本地官员军事行政≥45,地区制式武器+地区护甲,61,7,2.85,1.24,0,106,20,11,4,63,77,16,散开射线/后排齐射,真实城市人口；招募后从劳动力人口转为军队人口,训练+真实战斗+生存+杀敌/协同功勋；不允许金币直接升级,默认制式；库存不足可降为普通/粗制；老兵、精锐、军官按优先级获得优良/精良；大师与传奇禁止批量配发,湖沼水乡特色作战单位，获得本地地形与训练传统加成,离开擅长地形或补给环境后优势减弱,根据敌军兵种、地形、士气、补给和统帅技能决定是否投入；特殊兵种不得无脑全上,真实APK人物基础体 + 城市/家族色衣装层 + 实际武器/盾/甲 + 军衔标识；骑兵再叠加马匹、马具与骑姿帧；禁止仅换色冒充完全不同兵种
U100,疏渠工兵,2,工程,湖沼水乡,True,湖沼水乡特色作战单位，获得本地地形与训练传统加成,湖沼水乡城市达到2级 + 对应训练设施 + 本地官员军事行政≥45,地区制式武器+地区护甲,49,6,2.3,1.16,0,104,12,10,3,64,70,16,纵队/施工队,真实城市人口；招募后从劳动力人口转为军队人口,训练+真实战斗+生存+杀敌/协同功勋；不允许金币直接升级,默认制式；库存不足可降为普通/粗制；老兵、精锐、军官按优先级获得优良/精良；大师与传奇禁止批量配发,湖沼水乡特色作战单位，获得本地地形与训练传统加成,离开擅长地形或补给环境后优势减弱,根据敌军兵种、地形、士气、补给和统帅技能决定是否投入；特殊兵种不得无脑全上,真实APK人物基础体 + 城市/家族色衣装层 + 实际武器/盾/甲 + 军衔标识；骑兵再叠加马匹、马具与骑姿帧；禁止仅换色冒充完全不同兵种
U101,炉卫重甲,3,步兵,矿山铸城,True,矿山铸城特色作战单位，获得本地地形与训练传统加成,矿山铸城城市达到2级 + 对应训练设施 + 本地官员军事行政≥45,地区制式武器+地区护甲,61,7,2.85,1.24,0,124,18,16,4,68,85,16,横队/盾墙,真实城市人口；招募后从劳动力人口转为军队人口,训练+真实战斗+生存+杀敌/协同功勋；不允许金币直接升级,默认制式；库存不足可降为普通/粗制；老兵、精锐、军官按优先级获得优良/精良；大师与传奇禁止批量配发,矿山铸城特色作战单位，获得本地地形与训练传统加成,离开擅长地形或补给环境后优势减弱,根据敌军兵种、地形、士气、补给和统帅技能决定是否投入；特殊兵种不得无脑全上,真实APK人物基础体 + 城市/家族色衣装层 + 实际武器/盾/甲 + 军衔标识；骑兵再叠加马匹、马具与骑姿帧；禁止仅换色冒充完全不同兵种
U102,乌铁枪卫,3,枪矛,矿山铸城,True,矿山铸城特色作战单位，获得本地地形与训练传统加成,矿山铸城城市达到2级 + 对应训练设施 + 本地官员军事行政≥45,地区制式武器+地区护甲,61,7,2.85,1.24,0,119,19,15,3,70,83,16,枪阵/横队,真实城市人口；招募后从劳动力人口转为军队人口,训练+真实战斗+生存+杀敌/协同功勋；不允许金币直接升级,默认制式；库存不足可降为普通/粗制；老兵、精锐、军官按优先级获得优良/精良；大师与传奇禁止批量配发,矿山铸城特色作战单位，获得本地地形与训练传统加成,离开擅长地形或补给环境后优势减弱,根据敌军兵种、地形、士气、补给和统帅技能决定是否投入；特殊兵种不得无脑全上,真实APK人物基础体 + 城市/家族色衣装层 + 实际武器/盾/甲 + 军衔标识；骑兵再叠加马匹、马具与骑姿帧；禁止仅换色冒充完全不同兵种
U103,矿垒盾卒,3,步兵,矿山铸城,True,矿山铸城特色作战单位，获得本地地形与训练传统加成,矿山铸城城市达到2级 + 对应训练设施 + 本地官员军事行政≥45,地区制式武器+地区护甲,61,7,2.85,1.24,0,124,18,16,4,68,85,16,横队/盾墙,真实城市人口；招募后从劳动力人口转为军队人口,训练+真实战斗+生存+杀敌/协同功勋；不允许金币直接升级,默认制式；库存不足可降为普通/粗制；老兵、精锐、军官按优先级获得优良/精良；大师与传奇禁止批量配发,矿山铸城特色作战单位，获得本地地形与训练传统加成,离开擅长地形或补给环境后优势减弱,根据敌军兵种、地形、士气、补给和统帅技能决定是否投入；特殊兵种不得无脑全上,真实APK人物基础体 + 城市/家族色衣装层 + 实际武器/盾/甲 + 军衔标识；骑兵再叠加马匹、马具与骑姿帧；禁止仅换色冒充完全不同兵种
U104,钢弦弩卫,3,远程,矿山铸城,True,矿山铸城特色作战单位，获得本地地形与训练传统加成,矿山铸城城市达到2级 + 对应训练设施 + 本地官员军事行政≥45,地区制式武器+地区护甲,61,7,2.85,1.24,0,106,20,11,4,63,77,16,散开射线/后排齐射,真实城市人口；招募后从劳动力人口转为军队人口,训练+真实战斗+生存+杀敌/协同功勋；不允许金币直接升级,默认制式；库存不足可降为普通/粗制；老兵、精锐、军官按优先级获得优良/精良；大师与传奇禁止批量配发,矿山铸城特色作战单位，获得本地地形与训练传统加成,离开擅长地形或补给环境后优势减弱,根据敌军兵种、地形、士气、补给和统帅技能决定是否投入；特殊兵种不得无脑全上,真实APK人物基础体 + 城市/家族色衣装层 + 实际武器/盾/甲 + 军衔标识；骑兵再叠加马匹、马具与骑姿帧；禁止仅换色冒充完全不同兵种
U105,矿径斥候,2,侦察,矿山铸城,True,矿山铸城特色作战单位，获得本地地形与训练传统加成,矿山铸城城市达到2级 + 对应训练设施 + 本地官员军事行政≥45,地区制式武器+地区护甲,49,6,2.3,1.16,0,96,13,9,8,59,78,12,散兵,真实城市人口；招募后从劳动力人口转为军队人口,训练+真实战斗+生存+杀敌/协同功勋；不允许金币直接升级,默认制式；库存不足可降为普通/粗制；老兵、精锐、军官按优先级获得优良/精良；大师与传奇禁止批量配发,矿山铸城特色作战单位，获得本地地形与训练传统加成,离开擅长地形或补给环境后优势减弱,根据敌军兵种、地形、士气、补给和统帅技能决定是否投入；特殊兵种不得无脑全上,真实APK人物基础体 + 城市/家族色衣装层 + 实际武器/盾/甲 + 军衔标识；骑兵再叠加马匹、马具与骑姿帧；禁止仅换色冒充完全不同兵种
U106,铸城宿卫,3,步兵,矿山铸城,True,矿山铸城特色作战单位，获得本地地形与训练传统加成,矿山铸城城市达到2级 + 对应训练设施 + 本地官员军事行政≥45,地区制式武器+地区护甲,61,7,2.85,1.24,0,124,18,16,4,68,85,16,横队/盾墙,真实城市人口；招募后从劳动力人口转为军队人口,训练+真实战斗+生存+杀敌/协同功勋；不允许金币直接升级,默认制式；库存不足可降为普通/粗制；老兵、精锐、军官按优先级获得优良/精良；大师与传奇禁止批量配发,矿山铸城特色作战单位，获得本地地形与训练传统加成,离开擅长地形或补给环境后优势减弱,根据敌军兵种、地形、士气、补给和统帅技能决定是否投入；特殊兵种不得无脑全上,真实APK人物基础体 + 城市/家族色衣装层 + 实际武器/盾/甲 + 军衔标识；骑兵再叠加马匹、马具与骑姿帧；禁止仅换色冒充完全不同兵种
U107,铁门重甲,3,步兵,矿山铸城,True,矿山铸城特色作战单位，获得本地地形与训练传统加成,矿山铸城城市达到2级 + 对应训练设施 + 本地官员军事行政≥45,地区制式武器+地区护甲,61,7,2.85,1.24,0,124,18,16,4,68,85,16,横队/盾墙,真实城市人口；招募后从劳动力人口转为军队人口,训练+真实战斗+生存+杀敌/协同功勋；不允许金币直接升级,默认制式；库存不足可降为普通/粗制；老兵、精锐、军官按优先级获得优良/精良；大师与传奇禁止批量配发,矿山铸城特色作战单位，获得本地地形与训练传统加成,离开擅长地形或补给环境后优势减弱,根据敌军兵种、地形、士气、补给和统帅技能决定是否投入；特殊兵种不得无脑全上,真实APK人物基础体 + 城市/家族色衣装层 + 实际武器/盾/甲 + 军衔标识；骑兵再叠加马匹、马具与骑姿帧；禁止仅换色冒充完全不同兵种
U108,炉城工军,2,工程,矿山铸城,True,矿山铸城特色作战单位，获得本地地形与训练传统加成,矿山铸城城市达到2级 + 对应训练设施 + 本地官员军事行政≥45,地区制式武器+地区护甲,49,6,2.3,1.16,0,104,12,10,3,64,70,16,纵队/施工队,真实城市人口；招募后从劳动力人口转为军队人口,训练+真实战斗+生存+杀敌/协同功勋；不允许金币直接升级,默认制式；库存不足可降为普通/粗制；老兵、精锐、军官按优先级获得优良/精良；大师与传奇禁止批量配发,矿山铸城特色作战单位，获得本地地形与训练传统加成,离开擅长地形或补给环境后优势减弱,根据敌军兵种、地形、士气、补给和统帅技能决定是否投入；特殊兵种不得无脑全上,真实APK人物基础体 + 城市/家族色衣装层 + 实际武器/盾/甲 + 军衔标识；骑兵再叠加马匹、马具与骑姿帧；禁止仅换色冒充完全不同兵种
U109,银盾宿卫,3,步兵,王都核心城,True,王都核心城特色作战单位，获得本地地形与训练传统加成,王都核心城城市达到2级 + 对应训练设施 + 本地官员军事行政≥45,地区制式武器+地区护甲,61,7,2.85,1.24,0,124,18,16,4,68,85,16,横队/盾墙,真实城市人口；招募后从劳动力人口转为军队人口,训练+真实战斗+生存+杀敌/协同功勋；不允许金币直接升级,默认制式；库存不足可降为普通/粗制；老兵、精锐、军官按优先级获得优良/精良；大师与传奇禁止批量配发,王都核心城特色作战单位，获得本地地形与训练传统加成,离开擅长地形或补给环境后优势减弱,根据敌军兵种、地形、士气、补给和统帅技能决定是否投入；特殊兵种不得无脑全上,真实APK人物基础体 + 城市/家族色衣装层 + 实际武器/盾/甲 + 军衔标识；骑兵再叠加马匹、马具与骑姿帧；禁止仅换色冒充完全不同兵种
U110,御前长槊,3,枪矛,王都核心城,True,王都核心城特色作战单位，获得本地地形与训练传统加成,王都核心城城市达到2级 + 对应训练设施 + 本地官员军事行政≥45,地区制式武器+地区护甲,61,7,2.85,1.24,0,119,19,15,3,70,83,16,枪阵/横队,真实城市人口；招募后从劳动力人口转为军队人口,训练+真实战斗+生存+杀敌/协同功勋；不允许金币直接升级,默认制式；库存不足可降为普通/粗制；老兵、精锐、军官按优先级获得优良/精良；大师与传奇禁止批量配发,王都核心城特色作战单位，获得本地地形与训练传统加成,离开擅长地形或补给环境后优势减弱,根据敌军兵种、地形、士气、补给和统帅技能决定是否投入；特殊兵种不得无脑全上,真实APK人物基础体 + 城市/家族色衣装层 + 实际武器/盾/甲 + 军衔标识；骑兵再叠加马匹、马具与骑姿帧；禁止仅换色冒充完全不同兵种
U111,王府重弩,3,远程,王都核心城,True,王都核心城特色作战单位，获得本地地形与训练传统加成,王都核心城城市达到2级 + 对应训练设施 + 本地官员军事行政≥45,地区制式武器+地区护甲,61,7,2.85,1.24,0,106,20,11,4,63,77,16,散开射线/后排齐射,真实城市人口；招募后从劳动力人口转为军队人口,训练+真实战斗+生存+杀敌/协同功勋；不允许金币直接升级,默认制式；库存不足可降为普通/粗制；老兵、精锐、军官按优先级获得优良/精良；大师与传奇禁止批量配发,王都核心城特色作战单位，获得本地地形与训练传统加成,离开擅长地形或补给环境后优势减弱,根据敌军兵种、地形、士气、补给和统帅技能决定是否投入；特殊兵种不得无脑全上,真实APK人物基础体 + 城市/家族色衣装层 + 实际武器/盾/甲 + 军衔标识；骑兵再叠加马匹、马具与骑姿帧；禁止仅换色冒充完全不同兵种
U112,朱羽近卫,3,步兵,王都核心城,True,王都核心城特色作战单位，获得本地地形与训练传统加成,王都核心城城市达到2级 + 对应训练设施 + 本地官员军事行政≥45,地区制式武器+地区护甲,61,7,2.85,1.24,0,124,18,16,4,68,85,16,横队/盾墙,真实城市人口；招募后从劳动力人口转为军队人口,训练+真实战斗+生存+杀敌/协同功勋；不允许金币直接升级,默认制式；库存不足可降为普通/粗制；老兵、精锐、军官按优先级获得优良/精良；大师与传奇禁止批量配发,王都核心城特色作战单位，获得本地地形与训练传统加成,离开擅长地形或补给环境后优势减弱,根据敌军兵种、地形、士气、补给和统帅技能决定是否投入；特殊兵种不得无脑全上,真实APK人物基础体 + 城市/家族色衣装层 + 实际武器/盾/甲 + 军衔标识；骑兵再叠加马匹、马具与骑姿帧；禁止仅换色冒充完全不同兵种
U113,禁苑重甲,3,步兵,王都核心城,True,王都核心城特色作战单位，获得本地地形与训练传统加成,王都核心城城市达到2级 + 对应训练设施 + 本地官员军事行政≥45,地区制式武器+地区护甲,61,7,2.85,1.24,0,124,18,16,4,68,85,16,横队/盾墙,真实城市人口；招募后从劳动力人口转为军队人口,训练+真实战斗+生存+杀敌/协同功勋；不允许金币直接升级,默认制式；库存不足可降为普通/粗制；老兵、精锐、军官按优先级获得优良/精良；大师与传奇禁止批量配发,王都核心城特色作战单位，获得本地地形与训练传统加成,离开擅长地形或补给环境后优势减弱,根据敌军兵种、地形、士气、补给和统帅技能决定是否投入；特殊兵种不得无脑全上,真实APK人物基础体 + 城市/家族色衣装层 + 实际武器/盾/甲 + 军衔标识；骑兵再叠加马匹、马具与骑姿帧；禁止仅换色冒充完全不同兵种
U114,御马槊骑,3,骑兵,王都核心城,True,王都核心城特色作战单位，获得本地地形与训练传统加成,王都核心城城市达到2级 + 对应训练设施 + 本地官员军事行政≥45,地区制式武器+地区护甲,73,7,3.35,1.44,1,129,21,15,8,76,90,12,楔形/横队,真实城市人口；招募后从劳动力人口转为军队人口,训练+真实战斗+生存+杀敌/协同功勋；不允许金币直接升级,默认制式；库存不足可降为普通/粗制；老兵、精锐、军官按优先级获得优良/精良；大师与传奇禁止批量配发,王都核心城特色作战单位，获得本地地形与训练传统加成,离开擅长地形或补给环境后优势减弱,根据敌军兵种、地形、士气、补给和统帅技能决定是否投入；特殊兵种不得无脑全上,真实APK人物基础体 + 城市/家族色衣装层 + 实际武器/盾/甲 + 军衔标识；骑兵再叠加马匹、马具与骑姿帧；禁止仅换色冒充完全不同兵种
U115,京巡卫,3,步兵,王都核心城,True,王都核心城特色作战单位，获得本地地形与训练传统加成,王都核心城城市达到2级 + 对应训练设施 + 本地官员军事行政≥45,地区制式武器+地区护甲,61,7,2.85,1.24,0,124,18,16,4,68,85,16,横队/盾墙,真实城市人口；招募后从劳动力人口转为军队人口,训练+真实战斗+生存+杀敌/协同功勋；不允许金币直接升级,默认制式；库存不足可降为普通/粗制；老兵、精锐、军官按优先级获得优良/精良；大师与传奇禁止批量配发,王都核心城特色作战单位，获得本地地形与训练传统加成,离开擅长地形或补给环境后优势减弱,根据敌军兵种、地形、士气、补给和统帅技能决定是否投入；特殊兵种不得无脑全上,真实APK人物基础体 + 城市/家族色衣装层 + 实际武器/盾/甲 + 军衔标识；骑兵再叠加马匹、马具与骑姿帧；禁止仅换色冒充完全不同兵种
U116,金纹亲军,3,步兵,王都核心城,True,王都核心城特色作战单位，获得本地地形与训练传统加成,王都核心城城市达到2级 + 对应训练设施 + 本地官员军事行政≥45,地区制式武器+地区护甲,61,7,2.85,1.24,0,124,18,16,4,68,85,16,横队/盾墙,真实城市人口；招募后从劳动力人口转为军队人口,训练+真实战斗+生存+杀敌/协同功勋；不允许金币直接升级,默认制式；库存不足可降为普通/粗制；老兵、精锐、军官按优先级获得优良/精良；大师与传奇禁止批量配发,王都核心城特色作战单位，获得本地地形与训练传统加成,离开擅长地形或补给环境后优势减弱,根据敌军兵种、地形、士气、补给和统帅技能决定是否投入；特殊兵种不得无脑全上,真实APK人物基础体 + 城市/家族色衣装层 + 实际武器/盾/甲 + 军衔标识；骑兵再叠加马匹、马具与骑姿帧；禁止仅换色冒充完全不同兵种
U117,戍边混编卒,3,步兵,边境混合城,True,边境混合城特色作战单位，获得本地地形与训练传统加成,边境混合城城市达到2级 + 对应训练设施 + 本地官员军事行政≥45,地区制式武器+地区护甲,61,7,2.85,1.24,0,124,18,16,4,68,85,16,横队/盾墙,真实城市人口；招募后从劳动力人口转为军队人口,训练+真实战斗+生存+杀敌/协同功勋；不允许金币直接升级,默认制式；库存不足可降为普通/粗制；老兵、精锐、军官按优先级获得优良/精良；大师与传奇禁止批量配发,边境混合城特色作战单位，获得本地地形与训练传统加成,离开擅长地形或补给环境后优势减弱,根据敌军兵种、地形、士气、补给和统帅技能决定是否投入；特殊兵种不得无脑全上,真实APK人物基础体 + 城市/家族色衣装层 + 实际武器/盾/甲 + 军衔标识；骑兵再叠加马匹、马具与骑姿帧；禁止仅换色冒充完全不同兵种
U118,边骑斥候,3,骑兵,边境混合城,True,边境混合城特色作战单位，获得本地地形与训练传统加成,边境混合城城市达到2级 + 对应训练设施 + 本地官员军事行政≥45,地区制式武器+地区护甲,73,7,3.35,1.44,1,129,21,15,8,76,90,12,楔形/横队,真实城市人口；招募后从劳动力人口转为军队人口,训练+真实战斗+生存+杀敌/协同功勋；不允许金币直接升级,默认制式；库存不足可降为普通/粗制；老兵、精锐、军官按优先级获得优良/精良；大师与传奇禁止批量配发,边境混合城特色作战单位，获得本地地形与训练传统加成,离开擅长地形或补给环境后优势减弱,根据敌军兵种、地形、士气、补给和统帅技能决定是否投入；特殊兵种不得无脑全上,真实APK人物基础体 + 城市/家族色衣装层 + 实际武器/盾/甲 + 军衔标识；骑兵再叠加马匹、马具与骑姿帧；禁止仅换色冒充完全不同兵种
U119,关隘枪卫,3,枪矛,边境混合城,True,边境混合城特色作战单位，获得本地地形与训练传统加成,边境混合城城市达到2级 + 对应训练设施 + 本地官员军事行政≥45,地区制式武器+地区护甲,61,7,2.85,1.24,0,119,19,15,3,70,83,16,枪阵/横队,真实城市人口；招募后从劳动力人口转为军队人口,训练+真实战斗+生存+杀敌/协同功勋；不允许金币直接升级,默认制式；库存不足可降为普通/粗制；老兵、精锐、军官按优先级获得优良/精良；大师与传奇禁止批量配发,边境混合城特色作战单位，获得本地地形与训练传统加成,离开擅长地形或补给环境后优势减弱,根据敌军兵种、地形、士气、补给和统帅技能决定是否投入；特殊兵种不得无脑全上,真实APK人物基础体 + 城市/家族色衣装层 + 实际武器/盾/甲 + 军衔标识；骑兵再叠加马匹、马具与骑姿帧；禁止仅换色冒充完全不同兵种
U120,边城弩手,3,远程,边境混合城,True,边境混合城特色作战单位，获得本地地形与训练传统加成,边境混合城城市达到2级 + 对应训练设施 + 本地官员军事行政≥45,地区制式武器+地区护甲,61,7,2.85,1.24,0,106,20,11,4,63,77,16,散开射线/后排齐射,真实城市人口；招募后从劳动力人口转为军队人口,训练+真实战斗+生存+杀敌/协同功勋；不允许金币直接升级,默认制式；库存不足可降为普通/粗制；老兵、精锐、军官按优先级获得优良/精良；大师与传奇禁止批量配发,边境混合城特色作战单位，获得本地地形与训练传统加成,离开擅长地形或补给环境后优势减弱,根据敌军兵种、地形、士气、补给和统帅技能决定是否投入；特殊兵种不得无脑全上,真实APK人物基础体 + 城市/家族色衣装层 + 实际武器/盾/甲 + 军衔标识；骑兵再叠加马匹、马具与骑姿帧；禁止仅换色冒充完全不同兵种
U121,边防盾卫,3,步兵,边境混合城,True,边境混合城特色作战单位，获得本地地形与训练传统加成,边境混合城城市达到2级 + 对应训练设施 + 本地官员军事行政≥45,地区制式武器+地区护甲,61,7,2.85,1.24,0,124,18,16,4,68,85,16,横队/盾墙,真实城市人口；招募后从劳动力人口转为军队人口,训练+真实战斗+生存+杀敌/协同功勋；不允许金币直接升级,默认制式；库存不足可降为普通/粗制；老兵、精锐、军官按优先级获得优良/精良；大师与传奇禁止批量配发,边境混合城特色作战单位，获得本地地形与训练传统加成,离开擅长地形或补给环境后优势减弱,根据敌军兵种、地形、士气、补给和统帅技能决定是否投入；特殊兵种不得无脑全上,真实APK人物基础体 + 城市/家族色衣装层 + 实际武器/盾/甲 + 军衔标识；骑兵再叠加马匹、马具与骑姿帧；禁止仅换色冒充完全不同兵种
U122,荒野轻卒,3,步兵,边境混合城,True,边境混合城特色作战单位，获得本地地形与训练传统加成,边境混合城城市达到2级 + 对应训练设施 + 本地官员军事行政≥45,地区制式武器+地区护甲,61,7,2.85,1.24,0,124,18,16,4,68,85,16,横队/盾墙,真实城市人口；招募后从劳动力人口转为军队人口,训练+真实战斗+生存+杀敌/协同功勋；不允许金币直接升级,默认制式；库存不足可降为普通/粗制；老兵、精锐、军官按优先级获得优良/精良；大师与传奇禁止批量配发,边境混合城特色作战单位，获得本地地形与训练传统加成,离开擅长地形或补给环境后优势减弱,根据敌军兵种、地形、士气、补给和统帅技能决定是否投入；特殊兵种不得无脑全上,真实APK人物基础体 + 城市/家族色衣装层 + 实际武器/盾/甲 + 军衔标识；骑兵再叠加马匹、马具与骑姿帧；禁止仅换色冒充完全不同兵种
U123,混编游骑,3,骑兵,边境混合城,True,边境混合城特色作战单位，获得本地地形与训练传统加成,边境混合城城市达到2级 + 对应训练设施 + 本地官员军事行政≥45,地区制式武器+地区护甲,73,7,3.35,1.44,1,129,21,15,8,76,90,12,楔形/横队,真实城市人口；招募后从劳动力人口转为军队人口,训练+真实战斗+生存+杀敌/协同功勋；不允许金币直接升级,默认制式；库存不足可降为普通/粗制；老兵、精锐、军官按优先级获得优良/精良；大师与传奇禁止批量配发,边境混合城特色作战单位，获得本地地形与训练传统加成,离开擅长地形或补给环境后优势减弱,根据敌军兵种、地形、士气、补给和统帅技能决定是否投入；特殊兵种不得无脑全上,真实APK人物基础体 + 城市/家族色衣装层 + 实际武器/盾/甲 + 军衔标识；骑兵再叠加马匹、马具与骑姿帧；禁止仅换色冒充完全不同兵种
U124,边镇老卒,3,步兵,边境混合城,True,边境混合城特色作战单位，获得本地地形与训练传统加成,边境混合城城市达到2级 + 对应训练设施 + 本地官员军事行政≥45,地区制式武器+地区护甲,61,7,2.85,1.24,0,124,18,16,4,68,85,16,横队/盾墙,真实城市人口；招募后从劳动力人口转为军队人口,训练+真实战斗+生存+杀敌/协同功勋；不允许金币直接升级,默认制式；库存不足可降为普通/粗制；老兵、精锐、军官按优先级获得优良/精良；大师与传奇禁止批量配发,边境混合城特色作战单位，获得本地地形与训练传统加成,离开擅长地形或补给环境后优势减弱,根据敌军兵种、地形、士气、补给和统帅技能决定是否投入；特殊兵种不得无脑全上,真实APK人物基础体 + 城市/家族色衣装层 + 实际武器/盾/甲 + 军衔标识；骑兵再叠加马匹、马具与骑姿帧；禁止仅换色冒充完全不同兵种
U125,赤狼游骑,4,骑兵,特殊/多条件,True,稀有编制；依赖将军/家族/官员/政策复合解锁，不可批量泛滥,名将特性“赤狼之胆”或铁壁世家/重骑世家达到高级军功,优良以上专属套装,85,8,3.9,1.52,1,137,23,17,8,80,95,10,楔形/横队,真实城市人口；招募后从劳动力人口转为军队人口,训练+真实战斗+生存+杀敌/协同功勋；不允许金币直接升级,默认制式；库存不足可降为普通/粗制；老兵、精锐、军官按优先级获得优良/精良；大师与传奇禁止批量配发,重骑冲锋与追击,数量上限低、维护高、依赖解锁者存续与军资,仅在对应将军、家族或军制满足时组建；AI必须考虑维护费、兵员、装备和克制关系，不得无条件优先特殊兵种,真实APK人物基础体 + 城市/家族色衣装层 + 实际武器/盾/甲 + 军衔标识；骑兵再叠加马匹、马具与骑姿帧；禁止仅换色冒充完全不同兵种
U126,玄羽神射,4,远程,特殊/多条件,True,稀有编制；依赖将军/家族/官员/政策复合解锁，不可批量泛滥,名将特性“猎王”+森林猎镇,优良以上专属套装,73,8,3.4,1.32,0,114,22,13,4,67,82,10,散开射线/后排齐射,真实城市人口；招募后从劳动力人口转为军队人口,训练+真实战斗+生存+杀敌/协同功勋；不允许金币直接升级,默认制式；库存不足可降为普通/粗制；老兵、精锐、军官按优先级获得优良/精良；大师与传奇禁止批量配发,长距离狙射与优先射击军官,数量上限低、维护高、依赖解锁者存续与军资,仅在对应将军、家族或军制满足时组建；AI必须考虑维护费、兵员、装备和克制关系，不得无条件优先特殊兵种,真实APK人物基础体 + 城市/家族色衣装层 + 实际武器/盾/甲 + 军衔标识；骑兵再叠加马匹、马具与骑姿帧；禁止仅换色冒充完全不同兵种
U127,白石槊卫,4,枪矛,特殊/多条件,True,稀有编制；依赖将军/家族/官员/政策复合解锁，不可批量泛滥,山岭堡城+铁壁/长枪传统+筑城官员,优良以上专属套装,73,8,3.4,1.32,0,127,21,17,3,74,88,10,枪阵/横队,真实城市人口；招募后从劳动力人口转为军队人口,训练+真实战斗+生存+杀敌/协同功勋；不允许金币直接升级,默认制式；库存不足可降为普通/粗制；老兵、精锐、军官按优先级获得优良/精良；大师与传奇禁止批量配发,山隘拒马和死守,数量上限低、维护高、依赖解锁者存续与军资,仅在对应将军、家族或军制满足时组建；AI必须考虑维护费、兵员、装备和克制关系，不得无条件优先特殊兵种,真实APK人物基础体 + 城市/家族色衣装层 + 实际武器/盾/甲 + 军衔标识；骑兵再叠加马匹、马具与骑姿帧；禁止仅换色冒充完全不同兵种
U128,金津商卫,4,步兵,特殊/多条件,True,稀有编制；依赖将军/家族/官员/政策复合解锁，不可批量泛滥,商人投资合同+河谷/海港城市,优良以上专属套装,73,8,3.4,1.32,0,132,20,18,4,72,90,10,横队/盾墙,真实城市人口；招募后从劳动力人口转为军队人口,训练+真实战斗+生存+杀敌/协同功勋；不允许金币直接升级,默认制式；库存不足可降为普通/粗制；老兵、精锐、军官按优先级获得优良/精良；大师与传奇禁止批量配发,高装备、商资供给稳定,数量上限低、维护高、依赖解锁者存续与军资,仅在对应将军、家族或军制满足时组建；AI必须考虑维护费、兵员、装备和克制关系，不得无条件优先特殊兵种,真实APK人物基础体 + 城市/家族色衣装层 + 实际武器/盾/甲 + 军衔标识；骑兵再叠加马匹、马具与骑姿帧；禁止仅换色冒充完全不同兵种
U129,龙骧近卫,5,精锐,特殊/多条件,True,稀有编制；依赖将军/家族/官员/政策复合解锁，不可批量泛滥,王都+王族威望+皇家军营,优良以上专属套装,85,9,3.95,1.4,0,165,28,27,5,96,111,10,密集横队/预备队,真实城市人口；招募后从劳动力人口转为军队人口,训练+真实战斗+生存+杀敌/协同功勋；不允许金币直接升级,默认制式；库存不足可降为普通/粗制；老兵、精锐、军官按优先级获得优良/精良；大师与传奇禁止批量配发,王室直属顶级步兵,数量上限低、维护高、依赖解锁者存续与军资,仅在对应将军、家族或军制满足时组建；AI必须考虑维护费、兵员、装备和克制关系，不得无条件优先特殊兵种,真实APK人物基础体 + 城市/家族色衣装层 + 实际武器/盾/甲 + 军衔标识；骑兵再叠加马匹、马具与骑姿帧；禁止仅换色冒充完全不同兵种
U130,苍鹰骑射,4,骑兵,特殊/多条件,True,稀有编制；依赖将军/家族/官员/政策复合解锁，不可批量泛滥,骑射名将+草原牧城,优良以上专属套装,85,8,3.9,1.52,1,137,23,17,8,80,95,10,楔形/横队,真实城市人口；招募后从劳动力人口转为军队人口,训练+真实战斗+生存+杀敌/协同功勋；不允许金币直接升级,默认制式；库存不足可降为普通/粗制；老兵、精锐、军官按优先级获得优良/精良；大师与传奇禁止批量配发,精锐骑射与侦察,数量上限低、维护高、依赖解锁者存续与军资,仅在对应将军、家族或军制满足时组建；AI必须考虑维护费、兵员、装备和克制关系，不得无条件优先特殊兵种,真实APK人物基础体 + 城市/家族色衣装层 + 实际武器/盾/甲 + 军衔标识；骑兵再叠加马匹、马具与骑姿帧；禁止仅换色冒充完全不同兵种
U131,炉心甲卫,4,步兵,特殊/多条件,True,稀有编制；依赖将军/家族/官员/政策复合解锁，不可批量泛滥,矿山铸城+军械总监官员,优良以上专属套装,73,8,3.4,1.32,0,132,20,18,4,72,90,10,横队/盾墙,真实城市人口；招募后从劳动力人口转为军队人口,训练+真实战斗+生存+杀敌/协同功勋；不允许金币直接升级,默认制式；库存不足可降为普通/粗制；老兵、精锐、军官按优先级获得优良/精良；大师与传奇禁止批量配发,极高护甲与装备耐久,数量上限低、维护高、依赖解锁者存续与军资,仅在对应将军、家族或军制满足时组建；AI必须考虑维护费、兵员、装备和克制关系，不得无条件优先特殊兵种,真实APK人物基础体 + 城市/家族色衣装层 + 实际武器/盾/甲 + 军衔标识；骑兵再叠加马匹、马具与骑姿帧；禁止仅换色冒充完全不同兵种
U132,霜狼边骑,4,骑兵,特殊/多条件,True,稀有编制；依赖将军/家族/官员/政策复合解锁，不可批量泛滥,寒原边塞+边军世家,优良以上专属套装,85,8,3.9,1.52,1,137,23,17,8,80,95,10,楔形/横队,真实城市人口；招募后从劳动力人口转为军队人口,训练+真实战斗+生存+杀敌/协同功勋；不允许金币直接升级,默认制式；库存不足可降为普通/粗制；老兵、精锐、军官按优先级获得优良/精良；大师与传奇禁止批量配发,寒地机动与追击,数量上限低、维护高、依赖解锁者存续与军资,仅在对应将军、家族或军制满足时组建；AI必须考虑维护费、兵员、装备和克制关系，不得无条件优先特殊兵种,真实APK人物基础体 + 城市/家族色衣装层 + 实际武器/盾/甲 + 军衔标识；骑兵再叠加马匹、马具与骑姿帧；禁止仅换色冒充完全不同兵种
U133,断江桥卫,4,守城,特殊/多条件,True,稀有编制；依赖将军/家族/官员/政策复合解锁，不可批量泛滥,河谷商都+桥防政策,优良以上专属套装,73,8,3.4,1.32,0,137,19,21,3,80,92,10,城墙分队/门区密阵,真实城市人口；招募后从劳动力人口转为军队人口,训练+真实战斗+生存+杀敌/协同功勋；不允许金币直接升级,默认制式；库存不足可降为普通/粗制；老兵、精锐、军官按优先级获得优良/精良；大师与传奇禁止批量配发,桥梁与渡口防守专家,数量上限低、维护高、依赖解锁者存续与军资,仅在对应将军、家族或军制满足时组建；AI必须考虑维护费、兵员、装备和克制关系，不得无条件优先特殊兵种,真实APK人物基础体 + 城市/家族色衣装层 + 实际武器/盾/甲 + 军衔标识；骑兵再叠加马匹、马具与骑姿帧；禁止仅换色冒充完全不同兵种
U134,森影伏锐,4,步兵,特殊/多条件,True,稀有编制；依赖将军/家族/官员/政策复合解锁，不可批量泛滥,森林猎镇+伏击型将军,优良以上专属套装,73,8,3.4,1.32,0,132,20,18,4,72,90,10,横队/盾墙,真实城市人口；招募后从劳动力人口转为军队人口,训练+真实战斗+生存+杀敌/协同功勋；不允许金币直接升级,默认制式；库存不足可降为普通/粗制；老兵、精锐、军官按优先级获得优良/精良；大师与传奇禁止批量配发,伏击后首轮士气打击,数量上限低、维护高、依赖解锁者存续与军资,仅在对应将军、家族或军制满足时组建；AI必须考虑维护费、兵员、装备和克制关系，不得无条件优先特殊兵种,真实APK人物基础体 + 城市/家族色衣装层 + 实际武器/盾/甲 + 军衔标识；骑兵再叠加马匹、马具与骑姿帧；禁止仅换色冒充完全不同兵种
U135,王旌死士,4,精锐,特殊/多条件,True,稀有编制；依赖将军/家族/官员/政策复合解锁，不可批量泛滥,王都+高威望+特殊政策,优良以上专属套装,73,8,3.4,1.32,0,157,26,25,5,92,106,10,密集横队/预备队,真实城市人口；招募后从劳动力人口转为军队人口,训练+真实战斗+生存+杀敌/协同功勋；不允许金币直接升级,默认制式；库存不足可降为普通/粗制；老兵、精锐、军官按优先级获得优良/精良；大师与传奇禁止批量配发,领主亲临时可触发死战不退,数量上限低、维护高、依赖解锁者存续与军资,仅在对应将军、家族或军制满足时组建；AI必须考虑维护费、兵员、装备和克制关系，不得无条件优先特殊兵种,真实APK人物基础体 + 城市/家族色衣装层 + 实际武器/盾/甲 + 军衔标识；骑兵再叠加马匹、马具与骑姿帧；禁止仅换色冒充完全不同兵种
U136,玄鳞槊骑,5,骑兵,特殊/多条件,True,稀有编制；依赖将军/家族/官员/政策复合解锁，不可批量泛滥,重骑名将+精良军械,优良以上专属套装,97,9,4.45,1.6,1,145,25,19,8,84,100,10,楔形/横队,真实城市人口；招募后从劳动力人口转为军队人口,训练+真实战斗+生存+杀敌/协同功勋；不允许金币直接升级,默认制式；库存不足可降为普通/粗制；老兵、精锐、军官按优先级获得优良/精良；大师与传奇禁止批量配发,重甲冲锋和破阵,数量上限低、维护高、依赖解锁者存续与军资,仅在对应将军、家族或军制满足时组建；AI必须考虑维护费、兵员、装备和克制关系，不得无条件优先特殊兵种,真实APK人物基础体 + 城市/家族色衣装层 + 实际武器/盾/甲 + 军衔标识；骑兵再叠加马匹、马具与骑姿帧；禁止仅换色冒充完全不同兵种
U137,火工作战营,4,工程,特殊/多条件,True,稀有编制；依赖将军/家族/官员/政策复合解锁，不可批量泛滥,矿山铸城+攻城世家,优良以上专属套装,73,8,3.4,1.32,0,120,16,14,3,72,80,10,纵队/施工队,真实城市人口；招募后从劳动力人口转为军队人口,训练+真实战斗+生存+杀敌/协同功勋；不允许金币直接升级,默认制式；库存不足可降为普通/粗制；老兵、精锐、军官按优先级获得优良/精良；大师与传奇禁止批量配发,攻城器械与快速修复,数量上限低、维护高、依赖解锁者存续与军资,仅在对应将军、家族或军制满足时组建；AI必须考虑维护费、兵员、装备和克制关系，不得无条件优先特殊兵种,真实APK人物基础体 + 城市/家族色衣装层 + 实际武器/盾/甲 + 军衔标识；骑兵再叠加马匹、马具与骑姿帧；禁止仅换色冒充完全不同兵种
U138,长河劲弩,4,远程,特殊/多条件,True,稀有编制；依赖将军/家族/官员/政策复合解锁，不可批量泛滥,河谷商都+弩兵改革,优良以上专属套装,73,8,3.4,1.32,0,114,22,13,4,67,82,10,散开射线/后排齐射,真实城市人口；招募后从劳动力人口转为军队人口,训练+真实战斗+生存+杀敌/协同功勋；不允许金币直接升级,默认制式；库存不足可降为普通/粗制；老兵、精锐、军官按优先级获得优良/精良；大师与传奇禁止批量配发,高穿甲集中齐射,数量上限低、维护高、依赖解锁者存续与军资,仅在对应将军、家族或军制满足时组建；AI必须考虑维护费、兵员、装备和克制关系，不得无条件优先特殊兵种,真实APK人物基础体 + 城市/家族色衣装层 + 实际武器/盾/甲 + 军衔标识；骑兵再叠加马匹、马具与骑姿帧；禁止仅换色冒充完全不同兵种
U139,逐日骁骑,4,骑兵,特殊/多条件,True,稀有编制；依赖将军/家族/官员/政策复合解锁，不可批量泛滥,边境/草原+追击型将军,优良以上专属套装,85,8,3.9,1.52,1,137,23,17,8,80,95,10,楔形/横队,真实城市人口；招募后从劳动力人口转为军队人口,训练+真实战斗+生存+杀敌/协同功勋；不允许金币直接升级,默认制式；库存不足可降为普通/粗制；老兵、精锐、军官按优先级获得优良/精良；大师与传奇禁止批量配发,高速追击溃军,数量上限低、维护高、依赖解锁者存续与军资,仅在对应将军、家族或军制满足时组建；AI必须考虑维护费、兵员、装备和克制关系，不得无条件优先特殊兵种,真实APK人物基础体 + 城市/家族色衣装层 + 实际武器/盾/甲 + 军衔标识；骑兵再叠加马匹、马具与骑姿帧；禁止仅换色冒充完全不同兵种
U140,雪堡死守军,4,守城,特殊/多条件,True,稀有编制；依赖将军/家族/官员/政策复合解锁，不可批量泛滥,寒原+坚守特性,优良以上专属套装,73,8,3.4,1.32,0,137,19,21,3,80,92,10,城墙分队/门区密阵,真实城市人口；招募后从劳动力人口转为军队人口,训练+真实战斗+生存+杀敌/协同功勋；不允许金币直接升级,默认制式；库存不足可降为普通/粗制；老兵、精锐、军官按优先级获得优良/精良；大师与传奇禁止批量配发,低士气时仍维持阵线,数量上限低、维护高、依赖解锁者存续与军资,仅在对应将军、家族或军制满足时组建；AI必须考虑维护费、兵员、装备和克制关系，不得无条件优先特殊兵种,真实APK人物基础体 + 城市/家族色衣装层 + 实际武器/盾/甲 + 军衔标识；骑兵再叠加马匹、马具与骑姿帧；禁止仅换色冒充完全不同兵种
U141,碧泽水卫,4,步兵,特殊/多条件,True,稀有编制；依赖将军/家族/官员/政策复合解锁，不可批量泛滥,湖沼水乡+水路政策,优良以上专属套装,73,8,3.4,1.32,0,132,20,18,4,72,90,10,横队/盾墙,真实城市人口；招募后从劳动力人口转为军队人口,训练+真实战斗+生存+杀敌/协同功勋；不允许金币直接升级,默认制式；库存不足可降为普通/粗制；老兵、精锐、军官按优先级获得优良/精良；大师与传奇禁止批量配发,湿地低惩罚、守桥,数量上限低、维护高、依赖解锁者存续与军资,仅在对应将军、家族或军制满足时组建；AI必须考虑维护费、兵员、装备和克制关系，不得无条件优先特殊兵种,真实APK人物基础体 + 城市/家族色衣装层 + 实际武器/盾/甲 + 军衔标识；骑兵再叠加马匹、马具与骑姿帧；禁止仅换色冒充完全不同兵种
U142,金穗王卫,4,步兵,特殊/多条件,True,稀有编制；依赖将军/家族/官员/政策复合解锁，不可批量泛滥,平原王领+粮仓政策,优良以上专属套装,73,8,3.4,1.32,0,132,20,18,4,72,90,10,横队/盾墙,真实城市人口；招募后从劳动力人口转为军队人口,训练+真实战斗+生存+杀敌/协同功勋；不允许金币直接升级,默认制式；库存不足可降为普通/粗制；老兵、精锐、军官按优先级获得优良/精良；大师与传奇禁止批量配发,补给充足时持续战斗强,数量上限低、维护高、依赖解锁者存续与军资,仅在对应将军、家族或军制满足时组建；AI必须考虑维护费、兵员、装备和克制关系，不得无条件优先特殊兵种,真实APK人物基础体 + 城市/家族色衣装层 + 实际武器/盾/甲 + 军衔标识；骑兵再叠加马匹、马具与骑姿帧；禁止仅换色冒充完全不同兵种
U143,沙鹰游骑,4,骑兵,特殊/多条件,True,稀有编制；依赖将军/家族/官员/政策复合解锁，不可批量泛滥,绿洲+骑射/轻骑将军,优良以上专属套装,85,8,3.9,1.52,1,137,23,17,8,80,95,10,楔形/横队,真实城市人口；招募后从劳动力人口转为军队人口,训练+真实战斗+生存+杀敌/协同功勋；不允许金币直接升级,默认制式；库存不足可降为普通/粗制；老兵、精锐、军官按优先级获得优良/精良；大师与传奇禁止批量配发,高温机动与远程骚扰,数量上限低、维护高、依赖解锁者存续与军资,仅在对应将军、家族或军制满足时组建；AI必须考虑维护费、兵员、装备和克制关系，不得无条件优先特殊兵种,真实APK人物基础体 + 城市/家族色衣装层 + 实际武器/盾/甲 + 军衔标识；骑兵再叠加马匹、马具与骑姿帧；禁止仅换色冒充完全不同兵种
U144,铁门破阵军,4,步兵,特殊/多条件,True,稀有编制；依赖将军/家族/官员/政策复合解锁，不可批量泛滥,山岭/矿城+重步将军,优良以上专属套装,73,8,3.4,1.32,0,132,20,18,4,72,90,10,横队/盾墙,真实城市人口；招募后从劳动力人口转为军队人口,训练+真实战斗+生存+杀敌/协同功勋；不允许金币直接升级,默认制式；库存不足可降为普通/粗制；老兵、精锐、军官按优先级获得优良/精良；大师与传奇禁止批量配发,盾墙推进、破门,数量上限低、维护高、依赖解锁者存续与军资,仅在对应将军、家族或军制满足时组建；AI必须考虑维护费、兵员、装备和克制关系，不得无条件优先特殊兵种,真实APK人物基础体 + 城市/家族色衣装层 + 实际武器/盾/甲 + 军衔标识；骑兵再叠加马匹、马具与骑姿帧；禁止仅换色冒充完全不同兵种
U145,青帆港卫,4,守城,特殊/多条件,True,稀有编制；依赖将军/家族/官员/政策复合解锁，不可批量泛滥,海港+海贸世家,优良以上专属套装,73,8,3.4,1.32,0,137,19,21,3,80,92,10,城墙分队/门区密阵,真实城市人口；招募后从劳动力人口转为军队人口,训练+真实战斗+生存+杀敌/协同功勋；不允许金币直接升级,默认制式；库存不足可降为普通/粗制；老兵、精锐、军官按优先级获得优良/精良；大师与传奇禁止批量配发,港口和仓储区守卫,数量上限低、维护高、依赖解锁者存续与军资,仅在对应将军、家族或军制满足时组建；AI必须考虑维护费、兵员、装备和克制关系，不得无条件优先特殊兵种,真实APK人物基础体 + 城市/家族色衣装层 + 实际武器/盾/甲 + 军衔标识；骑兵再叠加马匹、马具与骑姿帧；禁止仅换色冒充完全不同兵种
U146,御前传令骑,4,辅助,特殊/多条件,True,稀有编制；依赖将军/家族/官员/政策复合解锁，不可批量泛滥,王都+高统御将军,优良以上专属套装,73,8,3.4,1.32,0,117,15,14,4,70,82,10,纵队,真实城市人口；招募后从劳动力人口转为军队人口,训练+真实战斗+生存+杀敌/协同功勋；不允许金币直接升级,默认制式；库存不足可降为普通/粗制；老兵、精锐、军官按优先级获得优良/精良；大师与传奇禁止批量配发,大幅缩短命令传播延迟,数量上限低、维护高、依赖解锁者存续与军资,仅在对应将军、家族或军制满足时组建；AI必须考虑维护费、兵员、装备和克制关系，不得无条件优先特殊兵种,真实APK人物基础体 + 城市/家族色衣装层 + 实际武器/盾/甲 + 军衔标识；骑兵再叠加马匹、马具与骑姿帧；禁止仅换色冒充完全不同兵种
U147,鹰眼游哨,4,侦察,特殊/多条件,True,稀有编制；依赖将军/家族/官员/政策复合解锁，不可批量泛滥,侦察名将,优良以上专属套装,73,8,3.4,1.32,0,112,17,13,8,67,88,10,散兵,真实城市人口；招募后从劳动力人口转为军队人口,训练+真实战斗+生存+杀敌/协同功勋；不允许金币直接升级,默认制式；库存不足可降为普通/粗制；老兵、精锐、军官按优先级获得优良/精良；大师与传奇禁止批量配发,提前发现伏兵和敌军规模,数量上限低、维护高、依赖解锁者存续与军资,仅在对应将军、家族或军制满足时组建；AI必须考虑维护费、兵员、装备和克制关系，不得无条件优先特殊兵种,真实APK人物基础体 + 城市/家族色衣装层 + 实际武器/盾/甲 + 军衔标识；骑兵再叠加马匹、马具与骑姿帧；禁止仅换色冒充完全不同兵种
U148,黑旗惩戒军,4,步兵,特殊/多条件,True,稀有编制；依赖将军/家族/官员/政策复合解锁，不可批量泛滥,强硬官员+领主批准,优良以上专属套装,73,8,3.4,1.32,0,132,20,18,4,72,90,10,横队/盾墙,真实城市人口；招募后从劳动力人口转为军队人口,训练+真实战斗+生存+杀敌/协同功勋；不允许金币直接升级,默认制式；库存不足可降为普通/粗制；老兵、精锐、军官按优先级获得优良/精良；大师与传奇禁止批量配发,镇压叛乱士气高，但民心代价大,数量上限低、维护高、依赖解锁者存续与军资,仅在对应将军、家族或军制满足时组建；AI必须考虑维护费、兵员、装备和克制关系，不得无条件优先特殊兵种,真实APK人物基础体 + 城市/家族色衣装层 + 实际武器/盾/甲 + 军衔标识；骑兵再叠加马匹、马具与骑姿帧；禁止仅换色冒充完全不同兵种
U149,白羽医护卫,4,辅助,特殊/多条件,True,稀有编制；依赖将军/家族/官员/政策复合解锁，不可批量泛滥,医疗政策+高智官员,优良以上专属套装,73,8,3.4,1.32,0,117,15,14,4,70,82,10,纵队,真实城市人口；招募后从劳动力人口转为军队人口,训练+真实战斗+生存+杀敌/协同功勋；不允许金币直接升级,默认制式；库存不足可降为普通/粗制；老兵、精锐、军官按优先级获得优良/精良；大师与传奇禁止批量配发,提高重伤存活和恢复,数量上限低、维护高、依赖解锁者存续与军资,仅在对应将军、家族或军制满足时组建；AI必须考虑维护费、兵员、装备和克制关系，不得无条件优先特殊兵种,真实APK人物基础体 + 城市/家族色衣装层 + 实际武器/盾/甲 + 军衔标识；骑兵再叠加马匹、马具与骑姿帧；禁止仅换色冒充完全不同兵种
U150,铁驿护粮军,4,辅助,特殊/多条件,True,稀有编制；依赖将军/家族/官员/政策复合解锁，不可批量泛滥,后勤型将军/官员组合,优良以上专属套装,73,8,3.4,1.32,0,117,15,14,4,70,82,10,纵队,真实城市人口；招募后从劳动力人口转为军队人口,训练+真实战斗+生存+杀敌/协同功勋；不允许金币直接升级,默认制式；库存不足可降为普通/粗制；老兵、精锐、军官按优先级获得优良/精良；大师与传奇禁止批量配发,补给线遭袭时战力高,数量上限低、维护高、依赖解锁者存续与军资,仅在对应将军、家族或军制满足时组建；AI必须考虑维护费、兵员、装备和克制关系，不得无条件优先特殊兵种,真实APK人物基础体 + 城市/家族色衣装层 + 实际武器/盾/甲 + 军衔标识；骑兵再叠加马匹、马具与骑姿帧；禁止仅换色冒充完全不同兵种
U151,旧族宿卫,4,精锐,特殊/多条件,True,稀有编制；依赖将军/家族/官员/政策复合解锁，不可批量泛滥,旧王族支系,优良以上专属套装,73,8,3.4,1.32,0,157,26,25,5,92,106,10,密集横队/预备队,真实城市人口；招募后从劳动力人口转为军队人口,训练+真实战斗+生存+杀敌/协同功勋；不允许金币直接升级,默认制式；库存不足可降为普通/粗制；老兵、精锐、军官按优先级获得优良/精良；大师与传奇禁止批量配发,旧王族家族专属，忠于家族高于国家,数量上限低、维护高、依赖解锁者存续与军资,仅在对应将军、家族或军制满足时组建；AI必须考虑维护费、兵员、装备和克制关系，不得无条件优先特殊兵种,真实APK人物基础体 + 城市/家族色衣装层 + 实际武器/盾/甲 + 军衔标识；骑兵再叠加马匹、马具与骑姿帧；禁止仅换色冒充完全不同兵种
U152,军功亲兵,4,精锐,特殊/多条件,True,稀有编制；依赖将军/家族/官员/政策复合解锁，不可批量泛滥,军功新贵传统+大量老兵,优良以上专属套装,73,8,3.4,1.32,0,157,26,25,5,92,106,10,密集横队/预备队,真实城市人口；招募后从劳动力人口转为军队人口,训练+真实战斗+生存+杀敌/协同功勋；不允许金币直接升级,默认制式；库存不足可降为普通/粗制；老兵、精锐、军官按优先级获得优良/精良；大师与传奇禁止批量配发,由晋升贵族的老兵组成,数量上限低、维护高、依赖解锁者存续与军资,仅在对应将军、家族或军制满足时组建；AI必须考虑维护费、兵员、装备和克制关系，不得无条件优先特殊兵种,真实APK人物基础体 + 城市/家族色衣装层 + 实际武器/盾/甲 + 军衔标识；骑兵再叠加马匹、马具与骑姿帧；禁止仅换色冒充完全不同兵种
U153,商盟募勇团,4,雇佣,特殊/多条件,True,稀有编制；依赖将军/家族/官员/政策复合解锁，不可批量泛滥,两名以上大商人联合投资+领主批准,优良以上专属套装,73,8,3.4,1.32,0,134,22,18,5,72,90,10,横队,真实城市人口；招募后从劳动力人口转为军队人口,训练+真实战斗+生存+杀敌/协同功勋；不允许金币直接升级,默认制式；库存不足可降为普通/粗制；老兵、精锐、军官按优先级获得优良/精良；大师与传奇禁止批量配发,商人出资、装备好、国家税收让利,数量上限低、维护高、依赖解锁者存续与军资,仅在对应将军、家族或军制满足时组建；AI必须考虑维护费、兵员、装备和克制关系，不得无条件优先特殊兵种,真实APK人物基础体 + 城市/家族色衣装层 + 实际武器/盾/甲 + 军衔标识；骑兵再叠加马匹、马具与骑姿帧；禁止仅换色冒充完全不同兵种
U154,京城铁弩卫,4,远程,特殊/多条件,True,稀有编制；依赖将军/家族/官员/政策复合解锁，不可批量泛滥,王都+军械库3级+重弩政策,优良以上专属套装,73,8,3.4,1.32,0,114,22,13,4,67,82,10,散开射线/后排齐射,真实城市人口；招募后从劳动力人口转为军队人口,训练+真实战斗+生存+杀敌/协同功勋；不允许金币直接升级,默认制式；库存不足可降为普通/粗制；老兵、精锐、军官按优先级获得优良/精良；大师与传奇禁止批量配发,守城高穿甲、弹药储备大,数量上限低、维护高、依赖解锁者存续与军资,仅在对应将军、家族或军制满足时组建；AI必须考虑维护费、兵员、装备和克制关系，不得无条件优先特殊兵种,真实APK人物基础体 + 城市/家族色衣装层 + 实际武器/盾/甲 + 军衔标识；骑兵再叠加马匹、马具与骑姿帧；禁止仅换色冒充完全不同兵种
U155,山河旗卫,4,辅助,特殊/多条件,True,稀有编制；依赖将军/家族/官员/政策复合解锁，不可批量泛滥,高威望贵族家族,优良以上专属套装,73,8,3.4,1.32,0,117,15,14,4,70,82,10,纵队,真实城市人口；招募后从劳动力人口转为军队人口,训练+真实战斗+生存+杀敌/协同功勋；不允许金币直接升级,默认制式；库存不足可降为普通/粗制；老兵、精锐、军官按优先级获得优良/精良；大师与传奇禁止批量配发,家族旗帜范围内提升集结与忠诚,数量上限低、维护高、依赖解锁者存续与军资,仅在对应将军、家族或军制满足时组建；AI必须考虑维护费、兵员、装备和克制关系，不得无条件优先特殊兵种,真实APK人物基础体 + 城市/家族色衣装层 + 实际武器/盾/甲 + 军衔标识；骑兵再叠加马匹、马具与骑姿帧；禁止仅换色冒充完全不同兵种
U156,名将亲卫,5,精锐,特殊/多条件,True,稀有编制；依赖将军/家族/官员/政策复合解锁，不可批量泛滥,传奇级将军+战功门槛,优良以上专属套装,85,9,3.95,1.4,0,165,28,27,5,96,111,10,密集横队/预备队,真实城市人口；招募后从劳动力人口转为军队人口,训练+真实战斗+生存+杀敌/协同功勋；不允许金币直接升级,默认制式；库存不足可降为普通/粗制；老兵、精锐、军官按优先级获得优良/精良；大师与传奇禁止批量配发,名将个人亲卫，继承将军战斗传统,数量上限低、维护高、依赖解锁者存续与军资,仅在对应将军、家族或军制满足时组建；AI必须考虑维护费、兵员、装备和克制关系，不得无条件优先特殊兵种,真实APK人物基础体 + 城市/家族色衣装层 + 实际武器/盾/甲 + 军衔标识；骑兵再叠加马匹、马具与骑姿帧；禁止仅换色冒充完全不同兵种
