"SK017_一","侧翼包抄","初学","步战指挥","捕捉敌军侧翼暴露并调整队形实施包抄，让侧击提升幅度受软上限控制。","{""flank_search_pct"": 4.0, ""reform_speed_pct"": 2.5}","否/间接","否/间接","根据敌我兵种、地形、士气、疲劳和预备队状态改变战术权重；不是无条件面板加攻。","只有对应战斗场景满足时触发，场景不匹配时不生效。","同名技能只取最高阶段；战斗增益有软上限，避免单项技能决定胜负。","通过带兵战斗、训练、战役复盘和军衔成长获得；高阶阶段需要更高统帅与实战。"
"SK017_二","侧翼包抄","精熟","步战指挥","捕捉敌军侧翼暴露并调整队形实施包抄，让侧击提升幅度受软上限控制。","{""flank_search_pct"": 6.2, ""reform_speed_pct"": 3.9}","否/间接","否/间接","根据敌我兵种、地形、士气、疲劳和预备队状态改变战术权重；不是无条件面板加攻。","只有对应战斗场景满足时触发，场景不匹配时不生效。","同名技能只取最高阶段；战斗增益有软上限，避免单项技能决定胜负。","通过带兵战斗、训练、战役复盘和军衔成长获得；高阶阶段需要更高统帅与实战。"
"SK017_三","侧翼包抄","名将","步战指挥","捕捉敌军侧翼暴露并调整队形实施包抄，让侧击提升幅度受软上限控制。","{""flank_search_pct"": 8.4, ""reform_speed_pct"": 5.3}","否/间接","否/间接","根据敌我兵种、地形、士气、疲劳和预备队状态改变战术权重；不是无条件面板加攻。","只有对应战斗场景满足时触发，场景不匹配时不生效。","同名技能只取最高阶段；战斗增益有软上限，避免单项技能决定胜负。","通过带兵战斗、训练、战役复盘和军衔成长获得；高阶阶段需要更高统帅与实战。"
"SK018_一","鼓舞军心","初学","士气统御","通过战前鼓舞和战中号令稳定士气、抵抗溃散，不直接增加生命与伤害。","{""morale_pct"": 4.0, ""rout_resistance_pct"": 3.0}","否/间接","否/间接","根据敌我兵种、地形、士气、疲劳和预备队状态改变战术权重；不是无条件面板加攻。","只有对应战斗场景满足时触发，场景不匹配时不生效。","同名技能只取最高阶段；战斗增益有软上限，避免单项技能决定胜负。","通过带兵战斗、训练、战役复盘和军衔成长获得；高阶阶段需要更高统帅与实战。"
"SK018_二","鼓舞军心","精熟","士气统御","通过战前鼓舞和战中号令稳定士气、抵抗溃散，不直接增加生命与伤害。","{""morale_pct"": 6.2, ""rout_resistance_pct"": 4.7}","否/间接","否/间接","根据敌我兵种、地形、士气、疲劳和预备队状态改变战术权重；不是无条件面板加攻。","只有对应战斗场景满足时触发，场景不匹配时不生效。","同名技能只取最高阶段；战斗增益有软上限，避免单项技能决定胜负。","通过带兵战斗、训练、战役复盘和军衔成长获得；高阶阶段需要更高统帅与实战。"
"SK018_三","鼓舞军心","名将","士气统御","通过战前鼓舞和战中号令稳定士气、抵抗溃散，不直接增加生命与伤害。","{""morale_pct"": 8.4, ""rout_resistance_pct"": 6.3}","否/间接","否/间接","根据敌我兵种、地形、士气、疲劳和预备队状态改变战术权重；不是无条件面板加攻。","只有对应战斗场景满足时触发，场景不匹配时不生效。","同名技能只取最高阶段；战斗增益有软上限，避免单项技能决定胜负。","通过带兵战斗、训练、战役复盘和军衔成长获得；高阶阶段需要更高统帅与实战。"
"SK019_一","齐射压制","初学","射阵指挥","弓弩部队协同齐射，提升远程战斗效率并改善持续作战疲劳。","{""ranged_attack_pct"": 3.0, ""sustained_rate_pct"": 2.5}","否/间接","否/间接","根据敌我兵种、地形、士气、疲劳和预备队状态改变战术权重；不是无条件面板加攻。","只有对应战斗场景满足时触发，场景不匹配时不生效。","同名技能只取最高阶段；战斗增益有软上限，避免单项技能决定胜负。","通过带兵战斗、训练、战役复盘和军衔成长获得；高阶阶段需要更高统帅与实战。"
"SK019_二","齐射压制","精熟","射阵指挥","弓弩部队协同齐射，提升远程战斗效率并改善持续作战疲劳。","{""ranged_attack_pct"": 4.7, ""sustained_rate_pct"": 3.9}","否/间接","否/间接","根据敌我兵种、地形、士气、疲劳和预备队状态改变战术权重；不是无条件面板加攻。","只有对应战斗场景满足时触发，场景不匹配时不生效。","同名技能只取最高阶段；战斗增益有软上限，避免单项技能决定胜负。","通过带兵战斗、训练、战役复盘和军衔成长获得；高阶阶段需要更高统帅与实战。"
"SK019_三","齐射压制","名将","射阵指挥","弓弩部队协同齐射，提升远程战斗效率并改善持续作战疲劳。","{""ranged_attack_pct"": 6.3, ""sustained_rate_pct"": 5.3}","否/间接","否/间接","根据敌我兵种、地形、士气、疲劳和预备队状态改变战术权重；不是无条件面板加攻。","只有对应战斗场景满足时触发，场景不匹配时不生效。","同名技能只取最高阶段；战斗增益有软上限，避免单项技能决定胜负。","通过带兵战斗、训练、战役复盘和军衔成长获得；高阶阶段需要更高统帅与实战。"
"SK020_一","攻城器械协同","初学","攻城统御","加强攻城器械和工兵的协作，温和提升攻城与工程效率。","{""siege_engineering_pct"": 4.0, ""engineering_speed_pct"": 2.5}","否/间接","否/间接","根据敌我兵种、地形、士气、疲劳和预备队状态改变战术权重；不是无条件面板加攻。","只有对应战斗场景满足时触发，场景不匹配时不生效。","同名技能只取最高阶段；战斗增益有软上限，避免单项技能决定胜负。","通过带兵战斗、训练、战役复盘和军衔成长获得；高阶阶段需要更高统帅与实战。"
"SK020_二","攻城器械协同","精熟","攻城统御","加强攻城器械和工兵的协作，温和提升攻城与工程效率。","{""siege_engineering_pct"": 6.2, ""engineering_speed_pct"": 3.9}","否/间接","否/间接","根据敌我兵种、地形、士气、疲劳和预备队状态改变战术权重；不是无条件面板加攻。","只有对应战斗场景满足时触发，场景不匹配时不生效。","同名技能只取最高阶段；战斗增益有软上限，避免单项技能决定胜负。","通过带兵战斗、训练、战役复盘和军衔成长获得；高阶阶段需要更高统帅与实战。"
"SK020_三","攻城器械协同","名将","攻城统御","加强攻城器械和工兵的协作，温和提升攻城与工程效率。","{""siege_engineering_pct"": 8.4, ""engineering_speed_pct"": 5.3}","否/间接","否/间接","根据敌我兵种、地形、士气、疲劳和预备队状态改变战术权重；不是无条件面板加攻。","只有对应战斗场景满足时触发，场景不匹配时不生效。","同名技能只取最高阶段；战斗增益有软上限，避免单项技能决定胜负。","通过带兵战斗、训练、战役复盘和军衔成长获得；高阶阶段需要更高统帅与实战。"
